10000 50000
5305 2471 405
791 1186 841
8779 1542 375
9548 950 932
8313 3517 39
1408 7104 429
1144 3943 93
9028 6955 61
9264 2028 971
3657 9551 971
1013 9455 600
6499 812 1000
3622 763 571
2181 4744 430
2363 8858 121
9353 5054 574
2961 1688 596
9358 3078 382
1596 8974 730
1028 9246 62
3374 8133 697
8711 7005 796
5146 7628 600
7424 5924 307
4070 2945 716
3999 1341 589
4919 8604 507
5627 7353 295
9977 1199 121
8387 6850 169
5604 2490 956
8011 6909 41
1271 9143 587
5140 5572 712
5737 9738 509
9501 7474 71
1533 4422 486
1064 994 749
5072 9469 698
7301 4662 734
6320 5685 24
7564 5823 173
1918 8088 61
3575 4709 133
4056 6519 401
8134 1320 171
7359 6580 563
4552 2243 839
7053 9014 286
6804 5878 700
6233 3780 155
1359 2887 155
3800 3822 13
7945 9652 187
4304 4619 5
2386 6864 548
6049 9991 580
5220 2056 708
8445 884 468
9163 6428 408
6536 6457 107
7889 6560 64
3122 1103 214
7219 2659 113
5571 9842 54
1677 3 581
2478 8791 104
5957 417 73
3407 6164 153
4132 5691 617
5966 7768 126
1889 7996 478
7870 7927 320
1407 2361 105
5613 4337 491
2645 8459 24
3362 8654 371
2401 8899 937
443 8652 306
1491 4278 531
6008 2736 365
3650 8725 555
8236 5401 652
3654 3197 826
3922 6564 758
3714 3275 531
8073 5825 749
474 457 810
4577 7737 266
3172 9914 980
5640 7327 828
5726 5974 83
3612 1673 233
7701 3222 346
3348 7907 640
9998 31 491
5636 1389 855
1964 6365 802
3265 7832 911
2924 7109 809
5447 1421 821
6485 7588 412
1391 2602 175
2081 451 155
9679 7624 826
2394 9762 486
5741 2554 562
8983 2146 22
233 1683 540
2281 7107 893
3191 3457 29
4126 3486 300
8211 3940 783
9608 5341 266
8918 6865 855
2147 997 932
5796 7506 679
9557 8466 431
8219 2142 545
2487 8577 523
306 7211 796
3000 9970 5
2454 2823 145
7757 1971 570
1011 5340 699
8492 8695 569
7905 1738 905
9179 930 255
3134 4537 44
1601 8318 464
9203 456 779
1038 7262 334
8282 9930 525
3267 4541 464
8325 8737 827
7832 8319 965
4057 8572 898
4253 9167 915
3319 7332 141
6826 1992 402
7243 5177 75
3942 7017 75
3484 4960 803
2004 2530 963
5999 2342 260
2248 7663 225
1542 6525 907
7983 2667 684
3665 2645 724
7070 8447 414
5556 6902 201
5842 5218 95
5995 319 347
9077 7514 452
296 6297 340
8477 4840 525
1053 1848 941
3744 1716 87
4351 4455 41
2974 4430 774
2122 6918 870
4237 6651 153
8791 8434 585
8103 5358 92
4572 942 819
3003 6968 917
1186 4406 961
275 1451 821
4268 1372 623
3643 1091 271
1993 7434 12
5556 9061 428
4388 2117 45
8632 3906 961
1793 2645 269
825 2967 207
5111 4997 544
3372 4750 457
8193 2914 278
5685 297 257
605 251 19
8284 9028 195
8425 7778 252
7324 1741 675
7080 8110 560
6440 8301 316
3525 3761 351
3254 2289 415
5694 891 858
2126 233 73
4187 7057 168
907 1384 682
6240 8289 687
4619 9810 249
4801 741 471
3036 2581 276
7304 59 270
5966 5389 996
8963 5300 251
564 5071 224
5842 2997 2
5494 6252 86
7776 4569 515
3292 4066 517
81 1488 271
1470 2357 410
9614 682 404
368 4909 312
3814 1384 600
8670 2543 674
9774 6381 783
5343 8096 154
4655 2371 45
8404 7032 752
8282 2282 932
8581 8263 583
263 9569 818
3767 1394 32
685 2180 653
5909 1718 386
7395 9150 52
308 8707 698
4006 8016 271
54 7486 817
1148 8240 920
8768 1506 676
8617 1082 764
7763 4131 829
1219 4350 241
3362 3780 758
7542 8092 866
6267 1257 491
4707 765 632
3248 1269 615
2415 5435 261
4987 9302 137
204 7903 63
7959 4403 996
1630 3566 692
8021 4765 726
8462 4678 476
7633 7640 786
1941 8996 205
5106 1406 959
7748 286 297
7519 1252 840
8300 7363 276
6338 3437 939
3452 1222 596
1479 2322 766
8586 4289 976
5890 2172 618
8335 4580 909
1846 5983 237
8157 7964 404
406 2606 4
8055 7385 416
4947 2305 427
5635 6162 324
1980 5428 2
5317 5542 860
6525 1966 963
3207 192 924
4748 4148 382
1064 6437 400
9653 1251 370
7013 4508 875
790 4597 105
845 4679 651
2439 4084 995
4353 7147 524
5170 3110 792
6116 7008 906
475 6554 936
9079 8998 209
1320 810 956
6731 7386 630
2270 4689 498
802 9012 131
2797 7736 425
5630 4616 305
4190 4262 416
3910 4928 495
9131 6461 123
2741 2648 77
3405 8201 928
8144 9017 226
7421 5453 778
7372 7002 143
8974 3152 250
1486 2862 351
9107 1492 327
3917 6034 265
9332 3311 909
329 6763 393
6781 8587 216
6174 4427 347
1016 8161 285
9409 5900 129
8247 8670 645
3538 1517 278
4070 6300 410
7304 7075 977
5112 357 131
528 6966 727
7754 9620 502
2 1198 401
8648 7670 996
7355 4070 802
1786 3666 159
2491 8558 996
1784 7492 88
9035 647 2
2058 3810 584
615 4977 986
2096 4125 541
7166 1837 102
1152 4920 538
9550 3140 398
4274 3663 810
9847 18 11
8806 4940 472
4564 5183 661
3970 7787 539
3846 8962 253
479 6747 722
5036 906 23
3180 8164 907
6881 1328 264
3732 6952 948
6065 3715 505
558 5538 736
6890 5936 699
6493 3245 7
4785 8271 70
3362 8121 994
3283 5107 785
3177 3781 477
3628 4342 779
4832 1785 975
8122 9995 192
3658 7947 428
924 9745 150
6446 890 219
387 9766 146
6805 849 727
985 3016 403
7366 5147 751
1854 1300 954
2713 5394 196
3039 8598 765
7661 522 320
6203 6125 340
7248 2773 112
47 1281 287
1323 5758 431
2026 9193 988
3398 6228 366
5057 7085 90
807 7757 201
6106 8872 942
7312 3162 332
5967 7774 32
6730 4063 832
6631 666 385
571 7603 65
1015 4210 200
1029 9922 348
5946 4461 344
714 4295 765
5185 4515 305
61 9757 939
1070 397 846
3831 1757 487
7630 6332 809
4113 7044 835
8085 2174 951
8135 2997 9
4969 2479 622
3868 5370 882
5235 7549 371
9760 1294 525
3232 6417 771
2620 4051 418
1060 554 494
9053 8922 334
2632 6988 905
1723 1182 272
1377 3413 99
6898 8167 727
7323 2837 240
2177 6829 472
3849 8823 868
1985 4815 301
4577 9287 275
6110 4162 756
4265 3263 450
4053 3043 252
3858 2512 289
9474 3084 335
1061 6489 258
4029 8312 539
3790 1647 670
7600 606 105
73 7778 905
3786 7344 937
6125 661 898
4811 3815 123
825 3105 615
9555 3181 953
1230 6098 525
2912 7358 618
4258 103 109
9767 5729 223
613 6040 349
2316 723 209
4176 626 614
3333 186 839
5361 6700 695
6091 3033 636
5115 1276 209
515 8120 562
7921 1036 418
1661 6476 680
9013 2532 655
8749 1493 669
2681 6517 713
4442 6713 291
5039 6845 977
841 5117 764
9281 5852 425
6823 298 885
5960 3230 401
6635 3336 965
96 7113 924
2565 6942 117
1482 6655 592
5975 7551 792
2663 2129 16
846 9036 146
6499 1458 587
6075 8265 176
2390 5700 291
2651 8538 176
1099 1782 393
8036 3233 309
2075 712 999
7909 5153 55
9955 6355 89
2625 3638 636
6627 3213 850
7748 2997 579
3573 683 410
8485 2563 393
5885 2016 154
4047 3155 43
9213 624 684
5311 1928 400
9822 7466 564
5017 6882 316
9545 4083 436
6376 6020 458
8250 7181 184
382 57 634
8019 7623 241
7320 7508 857
2942 7753 410
1754 1099 132
5874 7054 375
1502 7241 517
8358 667 42
2134 1347 945
5140 8380 82
889 8256 917
6190 2231 27
1087 1795 199
2156 8058 295
2705 3622 68
5749 4132 163
5305 4505 927
7477 2352 261
8228 7866 214
9697 4306 631
8290 3889 327
6099 603 204
2983 6610 166
4557 5371 917
6174 2764 812
4330 1885 787
8695 795 652
5894 7422 569
8543 9503 706
1713 4129 549
6459 6086 272
6156 6044 592
2395 5902 339
1333 7246 236
2895 791 304
8455 4155 318
9598 5122 751
29 553 227
2447 4767 631
7081 6843 525
5965 782 136
8001 3723 628
746 365 56
42 9291 364
4976 1742 536
5851 8750 230
6770 9561 309
9651 2190 210
6000 7780 163
2207 231 960
3990 2446 462
1569 1043 654
2370 4419 412
4329 188 58
9213 5739 609
9477 7270 617
8480 8074 255
2704 6 46
1008 8708 26
6651 3041 244
2608 956 934
1718 202 628
9026 3231 146
6769 3268 531
9962 8305 664
6803 2861 521
5068 1044 308
794 7830 733
8821 104 385
7154 7622 83
7413 2873 232
1724 4283 238
635 2019 344
4313 860 273
9073 7144 703
8572 4346 303
3555 1399 902
8313 249 174
4265 3868 862
3322 2608 765
5355 3144 902
6368 5383 616
3918 6216 930
8787 7692 484
8693 104 879
434 7163 979
3831 9344 906
5042 3472 401
9590 1274 579
2810 2369 34
440 1833 110
2651 5650 146
470 505 43
2267 698 714
1111 764 68
9674 5954 205
8747 1080 901
6288 1754 253
3370 3328 115
554 564 973
1433 4708 489
1636 2173 101
3358 4824 327
5513 6942 268
342 5749 263
4630 793 733
6029 5256 788
9863 8253 488
4712 507 808
6765 511 447
8497 1610 356
7683 788 551
9274 3548 732
1489 9413 840
4704 2791 447
21 8577 207
4724 884 5
5698 8041 98
8052 3023 991
8103 9708 356
8440 4269 592
2603 4648 835
3517 3793 511
2716 1800 962
1325 8032 807
9195 1713 644
5351 5826 98
6574 6465 914
1411 6916 910
412 6094 212
4966 4312 439
8928 8211 176
6214 3826 967
7551 2078 545
9733 9918 662
555 5709 596
5352 8548 160
7377 9072 760
5297 2777 475
7189 4214 594
3785 2065 343
7569 3898 520
3138 4382 309
2532 2555 999
4056 5350 618
8555 5711 165
3870 5375 979
3101 4238 999
1667 2696 986
1665 3201 394
2473 2430 814
4949 4872 446
4486 3214 112
1750 4600 212
6362 7600 35
206 6537 875
7152 3644 513
4853 7590 23
2323 4214 619
6630 90 759
3969 7045 718
9404 9624 768
6900 3744 684
9564 3745 696
2973 2035 465
7086 5128 267
1603 6874 249
6555 2563 257
6939 7909 467
322 6706 531
2999 5374 797
174 6368 852
8025 1742 40
4116 8902 224
2635 3273 532
5705 1656 868
9413 7483 555
3358 7794 525
263 6060 535
5617 6723 760
7486 3442 701
3011 6430 527
2005 5824 653
927 4136 281
6256 6548 63
218 1231 429
6890 5769 595
4344 1790 230
4972 6561 963
8635 3586 821
6421 7571 218
2695 2118 952
1128 3164 481
9208 3702 835
2396 5785 683
6771 7669 302
8982 2050 799
7690 5812 803
3775 4381 722
6162 4154 437
3045 7890 3
4607 5865 251
4945 5248 492
7944 7020 639
1399 5938 157
4967 6309 59
1397 9250 928
5319 2300 544
5654 9542 16
188 3436 975
1179 4800 257
9964 1663 593
2338 3827 191
7404 5676 804
2501 3416 926
6594 8757 172
9986 9967 801
1481 8986 807
4866 3233 507
3491 8696 81
7185 1916 569
1940 4333 430
3836 2282 485
8078 9129 60
7935 7652 928
2366 8050 253
8162 2697 553
9823 108 165
5254 7667 713
9217 8152 682
4863 7631 384
6976 6861 984
1235 2957 653
5904 467 22
9988 751 699
5414 1539 523
7932 7940 776
2367 555 219
6809 2079 347
1547 5999 350
7774 8610 568
3452 4655 446
5602 6920 258
9077 863 847
4737 4798 364
8089 6614 342
8253 4451 894
8297 5649 999
3334 8064 811
1932 5421 197
5195 4902 131
9608 1434 804
656 6535 741
9081 6652 559
9405 814 409
4921 1777 7
760 3111 842
7783 9972 785
985 8205 932
8907 6161 632
2409 9769 898
1359 3481 41
7501 2849 104
2970 605 432
1648 219 378
2272 5068 576
4227 4948 190
6910 561 327
334 7056 580
9474 894 510
9298 8554 41
1947 6898 590
6629 7314 69
231 6342 609
9698 2544 487
6757 8991 105
1358 7736 218
2486 254 438
78 152 701
1993 1444 224
1988 2113 484
291 4512 737
9322 3969 462
3070 821 375
2372 1381 301
9133 8160 472
4162 862 735
523 186 63
241 1305 399
5096 5119 747
9832 2719 981
7968 9977 62
5181 6022 972
9420 7188 482
2727 2374 990
1912 5951 977
2687 6847 489
6319 7417 968
4456 9286 342
4790 4585 63
9828 5440 891
9925 253 852
2475 9849 853
5056 9579 439
4032 6171 397
6163 9859 790
3839 7393 291
27 5267 270
4391 6922 162
9611 692 296
2304 9370 151
4486 8975 702
8191 5682 548
1393 8847 567
7942 6254 206
3834 5070 622
943 6479 477
3384 4173 601
153 6307 471
8856 1436 550
5818 1026 239
6523 9496 534
4252 8550 329
7808 8293 604
3307 3099 218
3150 1510 186
4748 5944 592
9247 5880 413
8474 2441 253
730 8081 384
1738 6089 648
7592 1339 160
5173 9784 32
5651 4596 532
9947 337 97
550 3352 892
9264 7967 601
9292 3499 268
4584 6978 100
7321 9717 839
9973 2144 261
620 5551 206
2961 6196 86
450 835 36
9132 6056 892
7508 7976 970
1051 9798 656
6510 1964 724
1473 4213 327
9248 3820 657
1471 8298 403
2992 7345 871
2616 6077 989
3852 3632 177
632 4192 964
5767 971 925
9057 455 858
770 4225 806
8410 7920 58
1655 2372 326
94 3259 694
4895 9663 606
7229 1727 483
5307 6089 264
6390 2033 384
7885 6220 173
7231 3906 827
2345 206 480
3196 590 161
3613 1274 957
6112 2289 797
7327 1589 949
6309 356 644
1231 7411 996
5566 5284 843
3831 7823 119
5997 2339 340
3631 929 185
7395 9066 911
2370 7192 892
2447 4364 429
6746 4042 160
416 4441 585
4858 5480 824
2749 4270 503
1789 5211 468
7904 1870 158
8412 931 647
3459 9174 489
4689 1952 264
3303 5968 443
4284 3910 948
3901 1598 400
4741 6809 918
2657 941 853
4809 2365 656
262 7243 827
8319 5585 524
2296 7258 2
8627 4692 191
5899 7131 42
6700 3576 284
9360 2960 142
2951 8546 789
3775 2877 202
9841 1298 849
1432 9970 749
8117 4487 180
3375 2245 628
3148 9550 316
3314 164 68
8512 6686 862
907 8494 831
5695 5492 289
8077 1479 16
6709 7808 137
4362 4068 191
9226 6014 38
2678 6081 589
9746 76 365
8516 7303 992
8448 1168 124
5844 4009 837
5258 6248 591
1002 4776 894
1764 8106 458
8410 420 544
8803 2201 22
3990 1451 230
2988 2750 106
5110 4103 569
492 318 99
3196 4283 19
9820 9445 476
8567 3905 720
7277 1685 360
1538 2932 47
4473 2016 477
8087 9599 513
4581 1802 125
1991 6646 906
2243 8873 607
3726 3719 151
9385 7570 765
6498 2692 971
303 6369 711
6889 9781 860
9876 8611 38
6482 851 796
5951 5546 411
3938 5489 733
7136 9247 824
5253 6563 868
9192 877 333
8476 2402 981
5790 4084 892
6916 189 374
1786 8696 192
1134 5314 444
3289 8270 686
341 3694 143
6893 6505 796
7433 766 829
659 563 887
4354 4479 644
8884 586 637
1646 4105 125
8524 223 445
3877 645 295
1852 5003 356
2735 1972 62
9736 8417 924
4397 1384 478
9670 8746 955
2431 7208 127
8382 2152 907
4810 6660 592
4723 4491 250
1439 8950 295
7440 9993 712
9341 3630 666
6334 3296 562
6009 7551 914
8978 4975 628
7829 7683 839
5087 507 249
5466 3630 194
8395 8944 393
9595 6495 13
5777 2659 883
3908 5307 571
5332 8051 277
4666 3541 303
932 356 163
9029 1094 621
5701 7208 674
1016 8470 398
7207 5801 754
1789 8534 231
2531 6828 346
5774 2299 692
3317 4534 841
8483 1557 757
7786 4402 804
2085 6767 892
1693 70 421
9010 9598 121
8157 6512 986
9370 2451 428
4576 9950 114
6218 7410 710
7502 4719 741
5777 4799 362
6400 8619 569
9755 6299 664
5275 110 806
8184 6236 455
4915 3018 550
4981 2375 447
9427 6176 596
3800 1440 842
5408 5306 993
9962 3975 982
5338 3347 996
6986 175 27
777 4203 579
8148 4912 943
8789 5118 552
7162 8477 846
8474 7046 399
7606 5860 42
9743 5752 464
170 1118 538
3756 1621 420
6134 8206 411
9196 9405 158
3083 6901 499
6580 7211 786
9624 5624 709
8685 1511 175
5942 5211 376
1230 5089 525
2876 1810 672
4831 5625 841
8337 6895 647
2562 8586 297
8382 3404 518
3081 6754 187
985 9256 618
1746 5786 584
693 6740 11
45 5025 728
9059 64 940
4988 6513 863
1613 9604 16
483 3221 180
8156 9064 581
4358 8707 527
2354 9412 204
6735 9858 125
2381 2568 531
8347 1747 30
1640 1247 175
8560 8035 843
7659 7055 826
1017 204 701
9483 5289 148
3903 5797 283
2775 538 274
1629 9539 65
5716 3140 461
6318 320 56
3605 6487 597
719 7203 56
3904 4085 229
720 2611 954
9617 2843 323
100 7461 311
6854 9872 259
8119 1106 249
6386 9581 227
6774 5065 409
7936 367 812
3987 1433 178
2784 5871 389
3056 125 995
4762 6488 576
5946 1882 344
8744 6317 344
6605 1072 985
2019 6918 846
5754 9074 251
6346 3132 479
4646 5643 243
7136 572 286
414 5593 825
2554 3961 723
2127 1517 202
4418 8927 856
2093 9092 454
7652 3935 164
6027 5782 222
6638 6175 645
9514 3408 305
7798 8271 210
3723 7416 692
2145 4272 611
7214 9626 377
8759 4034 414
9964 8359 218
2056 2011 695
8405 1498 556
4430 6304 30
9300 2376 319
245 6388 728
1409 2900 795
3793 5259 193
1785 1115 576
5922 8197 777
4865 3159 68
5099 1440 232
4727 2066 837
6536 4626 365
6608 7609 794
2165 4530 181
484 6006 696
5757 6759 26
7578 4070 868
6562 5769 928
1600 2976 299
1887 4438 935
9976 3591 730
662 6629 41
9970 2654 442
3245 4965 160
6238 642 566
5094 2943 579
3729 9341 510
8532 4173 948
7125 9425 358
15 1832 855
4691 703 897
9586 9951 713
775 4005 698
1821 608 811
5219 3442 796
5663 1411 428
6449 3617 288
8639 1473 358
6946 7250 953
5575 8242 757
7418 8333 56
3374 7018 690
8386 2091 502
3101 715 976
9160 4279 179
8952 2681 993
3866 8911 267
4090 972 173
5862 5689 422
1516 3299 652
5088 2247 140
7969 7909 244
3960 96 528
7291 2180 959
5758 4904 137
2324 9626 577
3944 5465 645
1932 8982 435
2772 2536 614
7555 6653 852
3380 1875 707
4740 202 370
7972 3382 45
988 4601 312
3229 1811 719
5061 7340 986
1851 2643 333
7292 7678 583
5946 4743 173
9134 1176 47
177 7676 769
7954 1375 766
5434 9234 271
1782 8009 980
7114 8001 195
8897 5272 9
5886 1490 660
4685 4119 669
4030 1280 142
453 414 794
6476 2377 304
6027 3043 986
8608 2760 105
5084 5352 389
3023 5836 328
3772 6037 140
9029 6050 858
4154 3921 60
675 1756 581
6606 828 968
3546 8099 434
8184 2580 307
9873 9521 642
1314 2324 705
3727 2681 142
7261 6576 92
654 7200 491
3126 3576 741
6102 45 33
8376 6970 147
4640 1179 678
906 8431 728
6901 5548 65
7187 144 683
2888 2694 388
4845 68 454
9230 5703 582
3201 7681 88
8891 5303 530
7544 7018 995
8760 2529 998
6575 9979 635
1334 983 741
5431 9980 675
4866 9257 585
6899 6039 493
2242 4903 887
5626 8690 907
456 3094 228
7329 1396 151
9487 6095 569
9515 6821 369
8683 3936 579
7231 6493 268
1871 3723 185
3323 8980 768
1839 3625 883
4153 1555 193
8696 4121 727
8016 3719 568
7506 3711 555
9383 1851 754
8408 9641 581
1314 6685 696
1203 7201 138
8243 9020 520
1877 8440 105
7536 6421 558
2805 3139 577
7784 1525 141
6117 942 415
3881 773 382
683 248 719
9737 3491 471
4914 1974 725
2221 6979 931
1436 3303 577
1879 5810 173
6012 5593 824
190 4188 126
3920 6111 526
8596 5848 740
8011 712 837
9892 5790 103
5828 8992 336
9880 1850 35
3972 4171 363
3164 7319 22
9525 7206 117
343 7996 114
1208 4233 190
2461 9080 954
4751 6239 857
2363 9638 897
4100 8821 707
4402 7275 15
405 5609 155
7981 8221 496
518 580 77
2986 9829 402
7794 2593 710
7349 6445 235
8470 1243 370
5394 8655 222
5099 2145 604
715 3463 174
5914 7663 340
9454 7674 398
5794 5150 7
5496 9488 496
5468 3712 22
4075 7526 898
9972 743 647
2389 2353 280
6298 4478 66
8192 4293 366
9321 9396 541
9575 2278 716
558 9185 925
1560 3264 793
6983 9367 650
1621 5945 811
4613 3900 894
2312 1180 312
5595 5941 522
4017 5741 894
9023 6651 343
990 5524 688
5295 7888 516
6017 3988 829
3847 5721 155
2221 3364 8
7424 6635 457
6489 9318 791
4954 2767 601
1086 2356 309
5054 4130 745
9369 9032 675
5578 1204 944
3116 9557 947
1311 9583 184
4984 9510 362
7665 5848 994
7016 1109 859
7938 5230 921
2871 4519 920
4219 8953 24
2696 4391 243
328 3576 49
6546 7338 206
9877 4630 885
8223 1631 202
3960 930 987
2113 9847 50
1299 1203 829
9428 5589 737
2239 82 193
4434 8797 658
245 5290 946
451 3477 330
5353 443 665
7967 6640 625
5534 2859 59
6787 744 90
5480 8099 613
6546 4210 963
7591 222 27
5191 9242 670
5135 917 426
5393 2567 96
304 2559 216
2337 8675 786
1472 5862 834
5926 6934 353
8825 9641 887
9093 2513 674
9856 9420 339
3768 4224 833
7824 518 795
5066 9002 724
7424 9163 285
5920 8574 543
4488 2160 259
148 9144 488
1634 5939 155
3738 6567 775
1473 457 640
2197 2002 62
8900 8222 210
9097 2978 266
9929 5990 756
2446 2907 892
2655 8658 30
5747 3974 453
8174 3492 652
5639 6373 472
3474 5305 809
433 1766 676
252 1072 827
6583 5745 62
3737 9243 386
6716 6153 968
3671 503 258
340 4297 727
7107 3962 237
5804 3329 334
6973 4565 306
8169 3548 584
2567 7821 884
4379 2236 843
4916 4629 91
5431 64 498
4091 2647 328
9998 9790 980
7422 3474 594
854 3437 872
5904 756 799
7193 2986 446
2290 4875 702
400 1827 156
154 2185 934
4959 2470 515
5761 1598 770
2764 7610 700
6507 1478 425
5563 6499 904
5499 539 600
3843 3299 812
251 620 139
8270 9751 238
9418 7053 716
1718 326 50
5185 1057 900
1807 1973 981
7984 2225 539
7020 42 184
3668 8854 152
8937 8203 116
8682 5792 860
8130 1266 358
3524 3669 749
1186 4472 721
2903 249 271
4407 1129 990
707 3218 521
784 6686 809
9119 5941 274
173 5336 705
678 7434 558
4622 8991 339
6723 4400 409
6913 5214 553
6867 6274 997
2477 6341 780
6314 6716 824
2343 86 245
9958 8209 949
4172 6176 247
3250 1903 89
551 811 416
9150 5314 702
7248 8993 685
5171 7462 995
9465 15 485
7710 8357 351
9704 8948 390
3840 6206 364
1050 6447 1000
8622 4364 628
5277 1179 644
8897 3657 947
4340 4297 931
7754 5697 535
9658 7808 585
3624 2327 68
8663 5965 537
3356 8642 174
5993 3909 690
2823 2497 842
7541 2911 656
708 5275 391
5927 7013 126
6717 2520 720
4120 6146 106
5976 5843 679
8562 8541 310
7418 1441 282
6480 4759 457
1831 7361 650
7837 2859 778
8476 2455 7
2138 6011 501
8531 3893 638
6074 8575 349
6244 4142 19
9112 3290 1
9347 4254 60
9676 2923 314
8923 4498 939
5308 4188 248
4348 7177 94
8604 8083 880
1455 3304 132
6932 4758 633
6088 719 735
7250 6155 376
684 4837 994
6683 7060 664
9952 4207 361
3909 6313 871
9481 2121 948
3139 9506 382
1038 3328 338
1159 1309 775
7299 6216 403
8614 6794 509
419 1766 608
9232 7578 958
7572 7145 425
7759 2887 912
1066 7206 408
8048 2216 525
155 3807 759
3280 6581 555
664 4816 568
5409 6348 789
7534 1935 93
3616 1263 585
253 1666 509
1445 3532 578
7442 901 844
3274 5498 495
897 9017 708
6847 9567 144
6667 820 893
2384 5250 343
3117 8490 7
3049 8829 282
8519 4298 89
5128 6286 262
4895 9104 405
8371 6884 698
838 5027 312
4071 6229 822
7145 8840 264
4996 3309 135
853 3399 550
6124 7605 673
8011 9564 145
5992 5599 206
7478 9111 680
838 5148 9
8733 1108 419
9255 5301 37
4481 3599 816
7194 4776 206
3430 9700 626
7448 6651 958
7288 3340 900
3329 945 185
7106 2039 51
2244 1178 834
9769 8145 185
232 9192 755
2689 8162 227
4831 3457 548
2604 2388 797
3389 8457 104
7629 1560 207
1499 824 425
3666 4220 724
7248 6956 159
928 2185 43
2623 7312 301
3812 9536 817
5222 9184 737
2522 5071 934
4227 5314 562
3515 2488 969
3781 6414 998
539 5367 390
2555 4768 229
8941 1533 203
7609 2439 746
3013 7042 342
6576 1873 40
5764 2000 674
3448 8590 539
1194 4763 502
5700 291 769
8135 1523 206
7942 4587 885
4963 9793 598
8859 1448 207
2288 7707 278
3722 9482 947
4912 530 595
9810 1649 991
21 5640 200
2493 4915 52
2817 5458 359
7366 7881 254
5399 5964 184
1796 4886 829
1137 9161 466
1567 9036 116
2643 9758 403
7559 588 35
648 8410 594
1592 6766 663
2162 6804 592
5781 1249 384
2685 5889 174
1475 5433 6
7868 4970 153
4280 1540 110
3911 1918 157
8128 4431 549
8864 1926 333
7664 4029 168
9312 8773 44
8303 4198 376
3239 4644 414
9097 3333 131
3930 8762 514
3926 1556 16
1732 879 501
9345 3455 706
3756 1426 769
2806 2517 862
4328 506 435
6443 8488 113
4783 9335 912
1978 1381 680
9478 3565 240
3990 9753 794
8404 1018 842
4026 1196 614
5526 1606 43
3520 2862 835
4974 5604 87
7565 9697 943
2995 176 326
6749 6670 34
1442 4011 152
8378 2738 155
5641 2299 209
3247 3598 703
5424 1095 3
7859 618 510
8610 5406 930
1131 9887 652
1026 3261 888
824 5990 806
6739 1513 667
5721 9548 167
8070 8130 139
4248 4963 927
864 7637 853
9672 2698 446
6321 8404 307
9725 8710 671
1897 1114 992
4128 3802 246
3244 9627 469
9201 3877 899
8071 9420 930
822 6422 680
6468 5613 846
6209 6655 971
1427 3741 669
5563 9746 926
6989 4993 5
4922 8012 619
267 1812 900
7788 6859 421
9908 4906 469
2389 5495 559
3500 1361 363
6453 7633 635
533 4786 344
1441 4440 192
7242 6675 677
8817 3960 124
3544 680 385
3016 6384 278
5450 2472 372
2742 3673 360
9998 6461 316
8186 5218 979
8302 9938 194
2657 6405 540
148 5 874
2872 1699 968
4028 7447 579
4109 5772 693
1653 9055 753
8419 6171 139
4150 6816 78
8425 5425 455
4363 4846 371
5002 6158 961
8555 977 929
8161 8082 373
294 933 897
1950 9132 387
7335 5097 770
8396 2495 747
9946 7518 36
5328 7904 141
115 4447 148
3074 9626 941
9449 8322 48
6426 2843 766
9659 4601 643
3960 4770 792
8917 422 431
8981 6677 665
1381 6233 505
5902 4546 332
2652 9423 508
791 8722 356
2291 3289 529
1010 2656 316
8528 2796 698
5111 876 602
4876 6274 796
5900 3066 279
5069 7778 203
5257 7181 413
1776 4263 371
6454 5236 395
7742 4372 116
3341 7376 514
6688 2618 798
5156 720 156
4569 8776 482
9154 6745 771
1252 4511 402
5943 6480 543
4724 1984 266
7367 192 43
8719 9281 313
5794 9865 963
5895 4350 250
1144 8987 99
9875 6762 855
1823 5029 170
2890 1930 794
6616 6463 862
5599 6553 402
8188 5518 359
3043 2349 545
8539 6777 686
4730 2188 219
5549 1080 947
6769 1094 515
50 9401 684
3859 9467 443
6613 3505 588
4486 2170 155
3640 3911 513
2047 4630 921
548 6241 900
4710 2150 663
6296 4506 730
1102 9885 620
8340 4473 623
3491 3667 317
1537 5894 693
9322 1288 369
382 8474 74
1996 5327 224
56 7499 645
2273 7321 282
8247 968 457
9670 9091 610
528 648 551
7660 1811 496
3677 4819 645
5572 5423 544
9313 3773 224
9119 3423 289
9462 8799 731
499 3653 797
2835 464 831
8268 4391 435
6134 1033 978
4484 1466 599
1841 6555 400
8390 9646 419
3707 896 824
6084 8708 338
4124 1169 658
7829 9430 137
7066 7437 993
7449 3125 350
3111 1833 413
2712 4629 778
3181 1252 754
8457 270 450
3239 3223 792
4351 3296 574
4853 375 943
258 1027 363
3369 6847 14
8810 4321 572
5822 2681 579
5172 5809 314
1724 724 758
2870 5820 432
481 7455 792
1673 5618 110
2521 5961 797
7721 7962 85
5531 5218 488
2102 1783 541
9231 4116 521
6371 3428 363
4127 347 961
3163 4559 969
8503 7155 794
6293 2637 832
7154 2192 142
210 1820 220
9590 8704 389
452 149 833
1409 7597 800
708 3341 911
9385 8752 936
1162 5298 347
9168 7565 497
3370 120 250
3349 5809 392
1704 1606 606
2068 3275 451
7477 9372 600
7202 1106 584
880 7711 174
6557 3928 735
7693 7728 621
2322 1939 931
8158 9815 391
1027 3909 820
3747 80 402
9274 3672 650
627 3975 97
3278 15 39
7643 797 412
3939 3597 794
724 9112 654
9470 6778 270
677 2513 480
298 7845 776
1700 1582 192
2347 8668 167
8390 5296 109
8352 6252 939
37 1181 872
486 9107 664
1402 8232 576
9741 8806 80
888 8936 630
4767 7488 407
125 9173 763
3416 394 192
8306 7503 214
2001 3393 688
7029 1808 628
1414 8947 533
5775 1540 90
3914 1661 92
6022 4489 310
5066 4845 152
8095 9935 591
5486 3146 8
1291 1228 45
1862 9810 220
8521 6313 467
6674 9412 665
3454 1307 935
353 965 734
501 2212 871
7057 898 185
4806 7237 262
2197 4139 807
4923 5709 30
5315 6263 97
2656 7256 167
7754 5340 281
4091 215 423
8811 342 349
3781 8912 908
5845 5385 2
3912 5613 814
1299 8716 166
1717 579 846
5139 6963 643
5520 6014 66
8802 1996 989
7504 2639 217
8698 874 666
8821 4013 961
6676 8500 707
1468 3479 224
4708 223 732
4262 7067 733
1938 2888 626
7176 2726 708
4658 6404 255
5599 4212 984
453 1503 708
3427 4251 634
9685 2326 672
1137 9795 70
6408 4979 80
1047 1096 549
238 1203 371
1220 2330 571
1849 8088 664
8360 4480 943
7373 2914 922
1639 4176 311
6468 6700 714
2838 7289 746
1553 7546 351
5286 3375 32
6356 3706 110
3422 5746 687
5497 4549 640
160 3112 75
1466 2589 802
9617 5111 678
4309 2959 47
2353 7887 100
937 6275 261
1457 9332 598
3657 1016 67
4847 242 275
2131 5822 373
8883 2888 142
6051 4122 380
6000 2723 536
1826 4068 932
2716 4674 780
6238 492 230
3177 3588 781
6294 5985 247
7729 4307 891
123 828 102
6183 6051 241
4617 481 484
7181 7986 119
1800 7535 569
8063 1535 415
1929 7945 492
2847 3780 437
7213 994 122
3125 1112 273
5916 7273 481
3917 5546 569
938 1171 522
3643 7929 763
3536 9222 626
6163 1803 62
7075 8598 58
3927 8544 175
8363 5181 218
1662 1361 489
4346 7675 947
7551 2158 77
7422 5207 101
3364 4597 679
5918 1116 123
7781 7890 264
2948 8348 12
8432 400 660
7705 527 551
3835 8175 681
9911 2282 667
5971 2376 397
5275 684 878
6024 2977 717
3717 256 613
7511 1342 461
3554 588 293
7192 2301 860
3138 4988 767
5144 9556 205
1085 6586 26
2706 206 369
7933 3819 68
7816 6122 524
8062 3477 637
3545 3152 854
7707 3308 318
7480 4439 232
5272 520 417
2908 5622 423
376 9315 383
2655 3906 848
2 2536 623
4224 9939 466
7783 9205 562
6333 2255 268
3939 9209 124
4487 6816 153
2245 8555 139
9525 5262 908
932 2748 240
6927 2744 83
9594 7412 809
6699 4148 910
9341 3653 881
2470 4406 991
6680 1553 53
7136 1705 991
286 4745 73
4734 2870 892
2267 6882 76
8673 6174 870
4919 8401 598
1910 7311 250
8185 8690 601
6054 8550 986
9147 3156 447
1245 9702 920
4150 9344 392
2974 4188 659
3875 6750 376
8582 4217 694
1202 935 640
7728 3478 689
5375 157 456
7788 5571 695
2953 7626 982
5312 3815 441
1457 3393 556
6702 6570 985
2194 3809 380
5892 6227 680
8099 5978 131
3646 3521 901
4358 1852 37
8353 2228 906
6654 6894 662
1274 7693 597
7440 5440 591
8895 5827 354
7163 5152 180
7892 288 693
2636 6455 379
1919 4787 856
9015 3342 650
4072 9702 990
3216 6049 785
4929 4190 168
1060 9848 466
9646 747 204
245 9756 548
6754 9185 279
476 1147 818
77 2837 88
4078 64 178
3767 2859 272
3872 316 25
1871 1351 958
1449 3249 153
7698 5494 76
8557 5716 328
4780 6838 766
7845 4235 342
900 1375 271
2661 4350 94
1038 857 714
4308 2158 811
5384 5598 514
8057 2311 193
9915 9181 825
839 2521 860
6927 6311 303
272 3758 319
1182 7740 97
1075 9604 156
3134 7408 824
7674 3788 638
1528 7731 579
7134 2264 14
3157 9543 221
1767 7492 247
4235 8213 434
8549 8735 340
935 506 235
385 3620 526
4764 3464 656
7442 3151 924
3013 3352 319
4272 2150 162
1016 3707 475
5552 5073 407
5168 8567 739
5019 911 794
9981 5169 92
4808 804 333
8417 3872 155
2871 4016 473
495 3239 329
1959 8303 736
8540 5944 703
7806 8671 319
1227 1740 675
1147 6341 448
7922 1092 259
8414 3635 461
5214 7813 961
6855 6089 548
7321 5155 634
836 1719 788
7466 1439 653
4564 2179 39
9134 2112 65
7632 575 308
1122 5583 448
8516 1404 149
6453 1540 734
839 522 295
2212 8683 110
1157 5177 168
8713 9890 854
6657 2770 246
2845 6338 784
6976 5538 372
2019 3978 470
9042 1916 94
4252 6335 485
3710 3030 619
4730 7622 403
3307 2123 767
3172 8045 110
8405 5551 822
4061 453 262
8402 7687 834
2433 5263 321
2831 5596 700
3072 6855 58
1 3796 589
5632 170 807
4166 9937 41
614 5358 234
5206 4357 973
5993 4940 384
5781 6462 388
4652 1806 966
3721 206 932
6726 9289 774
4003 855 911
2808 2466 833
5026 4148 517
5339 6236 448
5031 2188 246
8832 5511 687
898 5657 918
2828 5238 900
2278 8889 669
786 8974 467
5559 7704 802
7565 3508 747
5577 5913 256
1048 1644 122
5359 425 925
418 3720 379
1157 1108 510
860 3251 881
7570 6583 319
7809 6194 318
9448 7708 327
5651 5104 757
5771 9392 937
1734 9828 602
8495 1121 496
7309 6822 13
3720 3406 214
5936 8892 372
2045 9312 36
7561 9680 583
7083 387 735
2146 7033 95
3011 8579 298
8440 5842 104
3642 9892 821
946 3588 376
7101 2584 390
1261 6829 207
5361 4944 337
8446 3060 504
8959 8197 12
2347 9910 980
6193 9193 922
2688 3003 18
9033 1848 890
9324 5926 55
908 3397 518
383 8231 872
3524 8368 474
2530 9174 219
2354 2510 647
7180 498 435
2232 9865 705
4245 9898 283
3830 6885 222
8408 7672 56
1513 92 822
5573 2710 767
3883 8823 262
3802 8465 842
2874 3803 618
2865 3309 1000
9593 1799 768
7575 9734 728
3536 4465 857
6953 8370 54
8001 28 454
1414 1140 920
9163 6800 146
5241 7536 176
3546 8896 345
6688 4016 204
3730 2641 891
6719 5841 634
7143 4967 318
2653 3580 457
1392 2335 198
9662 5173 128
8266 4851 189
6842 7859 861
7206 9700 498
7750 4539 483
8495 3243 484
9698 8339 149
8194 2772 239
1200 5763 719
6282 1140 414
1645 5801 752
6965 5498 361
6421 2495 477
9381 8976 7
682 7811 363
8337 6580 975
7087 4886 161
9080 64 973
2380 5994 695
6533 5351 605
9362 3599 349
2562 9001 566
6594 2988 293
1891 2227 920
438 5295 826
7858 7222 508
4500 5954 534
324 5731 563
8715 5326 655
7813 1904 341
4170 6342 625
9980 9261 805
4269 274 380
6352 1100 372
8830 196 283
5445 4717 842
8110 2625 962
6181 356 78
3164 3435 61
2303 2406 319
3735 3592 59
7153 4322 125
1754 2357 565
9024 1467 792
2434 7111 858
3161 653 767
8140 6320 433
1526 2940 612
2069 4942 40
1377 916 165
2035 639 23
5370 2760 116
7591 2654 110
2964 3235 624
5864 3244 370
1980 7118 334
6404 6701 260
7309 3811 495
400 2868 170
2947 2494 813
5751 965 457
8687 549 802
7202 8967 810
9432 226 463
7192 377 616
5521 6486 524
2416 788 937
9188 8462 146
8138 2867 705
6280 2566 708
75 8197 822
8435 91 865
5930 6784 723
3097 9336 390
6697 5468 983
7857 9503 952
2642 5183 917
6170 3127 276
3456 70 594
5346 5214 658
9172 4297 821
5518 2596 588
8946 8007 975
4507 1359 504
760 2442 439
1353 9393 425
4818 9609 520
7000 71 90
9649 2188 106
6167 4532 898
1862 9931 893
7133 7238 904
4204 1332 748
7354 6035 100
584 8091 855
4903 3514 67
4229 4553 801
6070 3370 943
8321 8205 540
6991 9367 710
4548 7474 659
5205 6574 700
7745 1943 48
2373 4836 55
9861 8862 755
2148 5760 653
6168 4081 266
8296 544 456
7830 418 89
1340 563 221
7611 9842 481
1318 4767 352
9973 3036 980
2238 1967 661
3046 8194 267
5510 2690 168
3655 7764 879
3667 4099 266
998 3623 165
4946 1033 646
6277 8731 640
7267 3477 101
6821 7694 825
5124 990 763
6283 3801 669
7591 7878 843
8683 3210 946
4240 2629 534
1961 9078 326
6637 2748 937
2246 7705 481
8079 4388 577
6023 1620 568
8150 9656 337
2656 5616 908
1562 6024 389
1838 2299 511
9540 4630 991
5410 6308 592
8969 2919 322
469 5207 210
7508 2031 980
4656 7458 645
6053 9224 797
5936 7875 973
3240 8900 982
2865 5903 193
9909 3119 308
4801 4001 727
9610 1054 431
161 3434 567
1161 3371 528
8314 1935 772
3887 1808 701
4697 1650 198
9512 29 273
806 6988 90
4595 5128 917
9313 144 528
6811 5734 925
9658 8728 845
2961 214 587
3321 2936 928
3672 1665 216
1992 4381 600
8446 5300 692
6293 6636 715
440 1102 611
6954 1810 850
4430 8427 152
7009 5967 892
361 446 56
7004 8705 670
6311 2639 381
5987 9031 137
5881 6063 262
8905 2321 167
2591 2484 153
1808 9642 816
2044 2622 317
8237 9291 589
1573 9182 509
6761 7591 557
247 951 242
6924 2301 243
94 3963 917
5855 3956 793
1516 7822 604
6349 7034 344
7804 681 228
801 7415 516
3913 616 619
2964 3247 72
4256 1346 793
5433 1455 347
1291 6940 773
5054 1215 525
7322 4003 703
2534 2819 313
7077 5313 954
1739 8413 440
2719 9618 47
8155 2005 868
2565 956 292
8304 649 344
782 1678 534
3133 8366 415
2754 3750 686
3432 7099 266
7436 1498 246
7652 58 719
3649 6526 104
3250 6683 90
8784 4713 374
5488 4065 273
5409 3646 39
6565 6825 705
7056 1132 160
1389 1154 59
8896 3144 270
1636 6265 515
8002 4145 199
1625 8120 577
7338 4783 65
9655 7758 130
2315 1099 496
7165 2081 676
412 3028 593
740 1227 116
5276 3932 56
3620 9551 972
4395 5701 175
6008 6662 730
4537 2650 449
7175 2943 4
2163 1498 557
7056 3853 653
2545 4270 735
1916 1887 828
6235 1506 688
3620 59 157
693 5793 87
5014 9669 326
9159 9637 453
9270 8735 202
5098 8499 210
7912 5527 130
6122 5811 523
9160 9634 228
4545 8239 132
8255 366 429
7040 9794 190
714 8713 301
4518 1948 789
7305 6143 530
7804 4079 722
8369 8888 385
8913 4757 301
6586 521 839
4207 7906 329
3488 7406 883
5864 5019 466
5889 1412 773
5904 3397 846
3830 7080 671
4191 6003 711
274 4469 562
997 5599 370
6711 530 448
9967 8597 912
5005 3756 349
5520 7737 112
3047 7989 105
6050 3228 277
7982 708 730
2148 5552 870
6883 7196 296
6901 2545 322
2521 3004 730
2585 5770 288
993 4020 340
601 2835 913
883 6999 435
3150 2495 792
6138 8343 123
1824 4450 451
8364 6512 610
4182 331 402
6390 3044 389
181 6091 117
5260 5455 130
574 3087 212
333 9493 691
9383 3796 301
1610 3279 726
3943 3823 483
9600 9415 904
5275 1987 38
9365 5330 529
9862 1474 523
7540 2004 244
3486 7217 319
6823 5950 16
3739 1900 340
6544 3938 670
6920 3990 342
9621 3941 387
621 8514 816
9013 4976 276
7690 7850 480
223 890 680
6231 7568 234
9814 2870 797
9817 7692 562
6344 2618 819
1713 4259 777
7215 1490 319
7567 3481 710
35 1105 96
1490 3011 378
78 7087 421
8319 7463 297
5699 8455 378
2772 1641 523
8648 8089 117
6091 4755 882
8864 3432 226
6349 5861 869
5496 9862 630
9162 9229 281
4652 1383 633
6051 1874 375
8716 5366 141
5381 1866 347
2644 6838 24
5912 3641 412
60 2653 679
3239 8708 458
5909 6650 265
3812 2823 809
7491 2696 852
6143 954 30
6170 3599 909
5255 6577 692
691 8143 559
7738 3236 555
2834 1105 661
2858 3051 265
8220 2230 719
2812 8348 891
5144 4758 564
8752 2195 734
7919 1823 138
4484 5057 309
3295 8948 997
9363 3640 688
7250 5238 581
2068 5964 506
7347 9008 994
2689 973 669
1744 1323 627
543 9698 957
8391 2418 274
1150 2903 928
8531 382 17
3764 7209 90
7437 8728 245
2989 3326 322
5551 9884 27
2157 5514 382
1082 1182 24
1979 828 164
4793 4566 308
1431 3357 985
7212 9878 815
4602 9061 949
90 965 750
4690 3729 316
1498 9046 496
9841 2351 392
8893 7602 386
7470 3222 962
3611 4606 278
8363 4059 137
5007 6489 47
3671 1556 223
7205 6032 473
8353 5700 514
7941 435 640
5848 6573 215
2620 5692 509
6652 2560 538
2524 6964 941
3023 7730 994
8303 3434 806
3241 4075 362
9356 1545 271
4521 5711 651
1985 7903 289
6174 9720 593
3567 5172 448
31 4958 261
2258 9046 566
9855 9229 642
2055 2784 300
1566 7132 835
7652 7154 855
7156 3098 869
1650 2558 422
2823 8348 919
2442 5206 227
7110 6356 285
2439 1634 188
9461 3112 166
7783 9607 551
3164 7203 662
8252 7964 857
1624 273 953
3264 7279 40
9338 1669 551
7132 3565 871
5020 9740 234
9385 2817 664
5681 6089 107
7863 1068 659
2582 5030 158
4136 9022 832
1656 981 860
9380 827 203
4069 3372 87
4188 4139 854
1413 4307 502
2988 4102 1
4917 7561 229
6087 3975 808
6775 1869 773
3661 135 118
5395 1771 464
8033 378 231
3424 5746 38
5134 6360 422
8740 6430 230
5119 6847 75
8390 7220 694
7161 9582 788
8697 7798 282
2919 6657 928
6679 3458 677
804 9170 221
7558 9417 925
4015 9132 521
1939 1308 702
6044 7059 10
217 4241 643
7999 2585 864
3156 7700 838
2145 4918 445
3351 2338 659
6440 42 674
4854 358 392
7235 5324 533
9784 3792 345
1112 2099 50
1294 4701 45
4838 5008 815
8943 2660 119
1502 1116 959
4898 412 798
6040 2943 631
6470 8213 758
6798 2004 121
8565 7601 308
7980 7273 393
1748 7132 948
3736 6227 993
3274 5271 492
6204 6441 532
9112 4567 855
1794 9605 44
7355 4301 895
3326 2513 452
6385 9986 283
5921 2500 618
8507 2806 436
2435 4469 919
3900 2011 575
272 6819 84
554 7280 680
4960 9603 451
1033 1676 947
1788 6636 309
8292 316 831
6151 5965 130
7755 1453 17
443 2475 516
3644 1335 835
1483 9056 200
9901 8481 73
2243 4745 841
6829 7226 258
9600 3948 321
768 9228 761
1598 8898 968
6688 5002 612
956 1832 103
7010 1048 586
3520 9627 859
4551 8141 297
3058 9411 448
350 4614 468
9595 5330 307
9018 4502 654
8341 1401 97
8460 8122 349
3749 6041 118
5187 8335 853
8255 4772 737
5047 6125 254
6754 8406 281
9749 9802 914
3949 7114 966
7620 4213 969
3342 2210 561
2097 9142 16
1302 4216 885
2874 5904 266
3178 6540 474
2850 1572 308
1711 3021 488
8661 6874 45
3131 6423 401
6960 3206 384
9203 4682 413
9331 6550 528
6483 3078 400
2307 8393 797
5531 9112 477
600 1336 247
1246 9149 962
2825 5888 901
4385 7523 487
5446 5119 616
6036 3013 865
8943 2896 175
1451 2550 914
9305 8685 218
7838 5514 886
1678 8595 159
2351 9025 230
5391 4728 310
1345 4382 211
6468 198 972
7135 3603 390
7640 207 452
6146 6 97
3742 6605 260
3940 397 608
1630 7569 727
6873 9535 683
8258 1478 253
7346 4697 219
958 6098 588
521 2041 783
9680 344 644
9611 7948 563
2399 6530 159
8843 7583 273
5664 6539 165
3134 1474 726
9389 5502 614
7105 3174 832
4745 9285 700
5343 776 951
8207 6080 520
1673 624 342
4164 4263 679
4490 7046 797
8582 7298 461
7565 7652 778
9283 5205 943
1798 2871 829
1857 4066 761
2091 3432 139
3425 8077 684
5477 3081 973
5460 7301 494
762 2841 834
948 2858 457
1245 1102 464
505 292 905
7876 6751 517
1411 6777 238
2265 820 601
6731 3896 348
4994 8052 426
6472 938 662
8279 152 331
611 9942 807
7064 3318 227
5499 197 28
1536 908 874
6928 8026 715
8078 6121 858
1616 9598 388
9509 5170 13
6283 4286 420
1072 8186 556
8634 6153 107
8060 1604 415
1674 8159 750
7081 8267 613
407 1897 750
9816 7694 892
4983 749 621
6902 9768 284
45 7775 917
4055 5756 591
7676 6207 106
4849 9885 632
860 5436 315
8896 3847 951
9285 6545 936
9273 477 441
7536 9048 650
9507 2396 639
7831 4979 650
8739 739 722
4743 228 152
5249 977 784
4003 506 933
2698 4301 244
6245 3709 764
8663 9922 789
5332 9612 146
1654 4050 450
8454 6319 975
5670 2515 823
7345 2866 865
9150 4733 958
6073 304 541
4435 8078 54
2001 2673 859
15 6507 856
8975 1052 335
5398 1165 160
6221 2192 953
4974 8876 718
662 9509 900
1995 7529 520
2345 7982 841
1978 3551 909
2520 5033 235
16 888 889
4231 1598 920
2980 7176 649
8546 5370 854
2119 3033 322
6432 2380 870
9287 7340 283
4122 9909 556
3005 2217 630
6094 2490 249
333 1996 207
5017 103 314
5292 1608 759
4617 7646 826
8853 2614 454
1745 1521 358
6585 2946 166
3397 1202 956
109 1496 931
6573 1367 129
4044 7433 680
863 6704 641
7366 1912 32
6502 5581 206
3965 9629 808
7137 5682 804
7435 8711 371
2084 6308 69
4799 6858 289
4783 1921 220
7155 5330 456
4627 3073 885
7874 4975 389
1467 1944 461
1026 9286 455
7005 4200 507
4237 6472 106
3795 8224 718
2564 8374 443
3126 100 493
6264 5619 386
2023 9127 652
1380 6428 676
2556 5041 421
8437 2101 295
5316 7307 851
7669 4714 935
9658 7831 627
2276 2838 944
4160 8196 894
259 6772 727
409 4499 869
8785 8142 384
3500 6996 771
330 7675 421
3220 1519 92
3625 5081 385
3322 6794 381
9445 7444 649
7099 5989 399
1760 3699 71
5054 8500 118
9555 7327 779
6776 5750 585
6850 2814 246
9682 8310 556
6976 5398 257
6316 5167 506
7311 608 512
9225 8373 212
879 2607 58
5665 4882 802
1289 3530 243
8165 4893 453
8806 6706 546
1257 697 750
1084 2831 684
3393 1513 390
2503 8644 840
4946 5922 69
2320 9065 333
7012 3676 128
718 1291 499
5323 560 882
6603 4574 381
7302 3816 274
3046 7663 186
2610 7426 969
5694 2198 611
6434 9204 67
3123 4975 998
5940 4480 546
3869 1641 569
5479 6289 237
5225 211 10
7284 7061 802
6091 4940 512
3806 9383 722
3611 4893 214
5734 9192 779
7826 9388 365
6202 1359 887
163 9425 899
487 9653 559
6361 5161 510
3411 7131 803
9016 9798 774
3430 8017 38
7693 3573 335
7730 9 712
4243 4786 682
2243 7261 821
3375 4670 548
8056 9795 189
3239 5091 408
5619 367 99
4862 5709 938
3164 9463 151
2833 6781 750
4676 1913 383
9649 2420 987
1579 4970 258
8437 6774 277
7454 4642 784
9193 5629 262
215 3641 339
3758 5259 799
3251 7049 270
5606 391 748
5061 4619 14
8403 4461 141
3475 5985 120
6016 5607 123
8325 2944 438
4097 1420 593
7310 8172 313
5998 8616 530
696 5628 431
4295 9203 186
7791 8172 338
2197 4001 907
4227 9966 707
1615 3858 948
4058 4045 35
3228 8576 244
2142 8775 698
8096 5743 882
8164 6118 682
947 3151 682
3778 6966 531
7801 3074 47
5630 674 88
4491 5722 121
7952 2439 526
8654 2858 977
1578 8468 638
2434 6160 130
4971 3562 597
5478 7704 81
7842 5536 805
6520 3394 981
5633 327 990
8051 8000 206
3260 8942 515
1923 7543 793
3673 9843 783
1638 5521 982
2451 1677 196
9153 5200 371
1280 6727 107
8860 710 305
6298 7583 483
4426 5614 309
8931 413 193
8016 2909 82
3346 5640 694
9529 6964 193
1040 1350 542
718 9927 130
258 8630 947
7999 7185 964
9748 4147 282
478 6725 946
9266 4432 541
673 4437 140
7558 3395 758
3438 3983 151
457 9552 277
2149 7974 424
5928 53 446
6867 934 519
1710 8165 977
9576 692 415
2228 8076 790
8048 2866 149
8392 6618 822
2153 8250 898
6880 4554 273
1392 3919 119
7532 5962 584
1604 8379 548
8398 3000 531
3525 2252 17
1511 5382 237
5131 3743 127
771 6851 186
567 1516 943
7824 7935 891
3456 6684 309
3376 2346 569
9753 7598 795
7704 2748 44
5637 9102 845
3423 5474 927
1938 3443 452
1746 1921 742
5476 8521 799
8453 9481 576
2430 779 672
4406 9646 8
8092 9462 776
6898 9381 55
2113 5401 437
6903 1096 443
3934 9191 532
5926 8475 401
2415 6993 268
6085 4874 996
9979 1480 452
277 5297 739
1868 6475 508
7354 2867 607
1964 6012 38
3918 9261 16
2479 841 962
4684 7622 690
5305 955 931
3853 3949 460
4175 7694 455
6348 1912 240
3050 5987 118
5726 9727 838
7524 2377 992
991 6957 750
3534 1123 742
7292 9502 485
2135 1633 713
9643 128 432
6699 4089 516
1994 9626 235
7201 5613 223
9386 5320 93
7202 2978 746
8485 5417 991
1069 5365 893
9929 310 114
4102 6724 959
2870 8195 351
555 7338 128
5276 9182 211
2803 5015 549
2438 8442 274
4172 9599 701
4516 7318 802
2556 4803 269
7186 3484 930
9963 2710 602
3151 7275 135
3501 5443 178
6473 4996 414
7783 6495 159
5981 793 436
4106 2888 939
8607 5464 699
3389 6247 279
2214 2105 907
5891 7548 526
8628 9785 212
2250 2901 660
5509 8902 272
38 7096 191
1129 4258 94
3467 1787 843
4863 9011 512
5354 9801 255
4770 4589 807
5674 891 715
9270 1859 587
729 374 169
9278 4228 887
8655 1280 842
9596 7040 198
3967 8008 558
5590 7444 48
5001 4195 869
1921 6514 669
5839 9060 305
1651 3258 975
9918 5307 289
4491 4464 625
1421 3835 798
710 1390 628
6256 5733 589
3058 7143 348
4409 4059 641
2696 8456 523
4837 2942 592
1816 9057 179
502 3961 377
8418 8423 488
2225 9070 974
6871 9506 480
2709 687 382
1411 302 666
5209 2344 27
9866 983 801
3008 2110 312
4822 1776 519
2587 6693 665
2544 8888 675
4837 5229 180
2192 7357 169
7296 6594 185
2079 4964 395
2220 9034 332
9045 3934 414
6059 1439 542
5403 9929 956
7485 1551 784
8777 9077 807
9380 1926 582
4184 9985 100
2489 5379 330
6676 309 552
1603 1653 185
6905 4259 325
907 2383 767
4480 2047 381
5692 5624 668
2517 7485 472
716 5566 312
5262 8409 104
5153 910 362
8693 6614 701
5834 9075 569
9678 5939 461
4485 2260 907
1152 4999 644
1387 3196 673
7054 642 42
8665 4635 568
8839 2958 421
9130 8822 93
2184 4082 106
2273 7243 657
19 3902 53
3692 174 741
3881 2501 387
8704 2444 161
8642 9439 408
7846 4552 5
3802 5176 312
9158 7975 947
570 5961 447
2069 7383 133
9219 9822 825
8669 5428 984
118 8018 566
9015 2438 10
5532 7832 732
6518 6109 581
450 8084 47
2017 7684 79
1449 9338 410
5273 3812 268
7333 1280 456
8831 9152 955
7281 9503 316
8688 9875 553
5681 7969 999
3560 7059 78
6772 2026 522
5661 2066 556
6922 3417 982
3908 3631 247
3634 5591 24
6575 4483 294
925 248 541
6857 4924 942
9192 6383 612
4912 9403 706
2783 7718 466
7600 4685 411
656 1597 478
5287 3049 652
8305 452 875
8001 2879 237
4442 6049 756
9867 1822 337
102 9535 362
5722 6346 613
1840 5538 339
5394 5002 146
2880 379 604
1032 7564 556
5141 3600 960
8222 1702 3
6115 3533 419
8763 4226 980
5427 4152 548
418 1229 969
8738 4321 713
9185 5908 75
9462 9105 957
6266 9431 263
301 5673 427
401 4838 261
266 6016 51
9532 962 243
9040 8668 669
7514 1557 609
5542 1171 546
4174 5707 101
2352 1277 760
7517 7362 814
3868 2926 949
8724 4504 958
8495 5572 840
7770 4110 419
9157 9404 870
3262 1391 880
403 8889 550
9418 940 150
7198 5629 190
6689 6743 867
9689 4848 440
3154 47 699
1513 8925 136
2097 4185 454
9706 2858 732
85 447 614
5972 5242 19
987 7069 270
3885 3959 603
1734 7391 215
1229 3760 111
3771 3652 102
7195 9579 116
5313 7124 324
7785 2659 815
6591 7716 718
2580 5308 390
7339 3020 549
1663 1584 464
9193 8094 108
1200 3939 686
6068 2102 86
6754 7743 484
6184 2241 625
6935 8128 191
7596 4715 564
1560 9829 919
9122 2617 337
6102 3649 611
3879 4059 457
6414 8250 962
8103 7153 552
2343 3331 234
5661 5424 67
1164 5016 121
7806 2953 763
7574 7678 2
6605 1168 594
599 8541 443
3078 442 539
2070 3314 774
5637 6776 334
3431 5862 666
3157 8878 955
4309 3307 799
65 4089 979
5254 8201 60
598 4899 15
9987 1786 26
6398 8587 856
6899 7182 365
271 7396 145
9631 577 162
7608 5123 585
4376 8717 480
324 4709 349
5716 295 70
1189 7238 835
69 8589 428
1828 7857 829
1495 1979 276
219 6380 96
8705 8456 979
3843 6483 878
3630 1972 703
5323 9955 2
8503 6799 711
9305 9519 170
8674 130 85
2886 3814 232
2854 5318 350
6412 988 355
7125 2098 513
8128 3263 719
4981 8521 8
3317 5514 424
3375 7380 720
3805 5067 43
5551 6353 588
3762 6686 955
9289 6306 79
1495 1590 109
5100 8870 127
7967 798 885
1434 525 211
602 2050 846
8671 3726 636
9250 6894 405
3917 4406 354
2434 5562 648
7491 2819 460
4328 8344 478
968 4952 224
8848 3726 494
4940 9460 681
9500 9587 810
9053 6002 666
10 8883 812
2075 1204 115
3641 2146 866
327 2637 507
2626 100 556
4242 5990 392
3362 7924 3
4259 3993 877
5312 2209 425
4312 5896 335
5309 2407 20
8277 5056 756
9741 8075 679
46 3822 83
7729 7491 673
3364 7932 913
2224 2001 966
8209 7430 575
1922 85 328
3018 8867 690
3108 9868 636
6192 8691 71
264 3206 858
9403 4871 78
1892 2815 455
5673 1901 206
9233 6249 285
3232 4261 415
9407 1900 690
6822 3828 260
6254 6732 103
6958 8687 189
2666 2228 885
4553 2458 656
2327 8596 799
3436 8087 548
2775 3388 248
3028 2407 401
1261 7683 359
5231 1437 225
1044 9692 952
8679 292 28
1539 9413 580
9849 1316 108
6060 3937 958
9654 6898 543
5571 6130 970
6481 9260 434
9181 8851 860
2658 8825 932
734 4901 779
3353 3545 169
9314 6525 451
3788 7056 801
7690 3623 754
1180 8016 806
6994 6765 724
4396 4941 993
7161 4323 728
8118 705 458
8151 5856 513
424 7702 168
8723 5050 306
1724 8018 496
1228 1156 903
2812 7198 455
5703 7832 513
4539 8685 347
6365 2188 470
301 9165 89
6007 4608 154
5763 5233 329
6752 8080 620
85 2443 136
3377 6043 231
6544 5420 395
2141 9244 450
9568 9430 532
669 9711 609
3863 5478 707
589 2340 548
9537 9250 69
5051 6123 427
8028 4647 385
8269 6042 207
4515 8462 916
3810 3647 497
4438 2919 499
8972 1893 971
3446 7686 815
1231 6788 518
4189 1160 121
1646 5849 505
3676 7727 81
7830 6037 264
2468 8134 130
816 2687 715
3300 9401 510
9865 2471 230
7869 4360 480
99 1766 408
4316 3841 522
9985 4657 882
1741 4774 609
824 4098 893
2698 3934 660
2245 8391 937
9544 7540 137
7700 155 145
3432 8806 353
5061 4674 854
844 5200 475
1129 3774 398
4167 7371 160
4204 1858 142
4041 8292 998
3548 7386 172
1715 5144 468
5305 8480 388
2974 3048 157
4579 6603 13
7915 1556 67
1360 6939 948
2625 3659 759
1712 3728 241
781 5300 89
1247 6367 989
8534 5813 101
561 8451 129
8837 8331 101
7762 9500 765
7308 5364 96
5367 1408 124
6559 1738 346
858 3856 270
9746 9110 992
768 5448 886
5788 2038 642
7744 3986 614
8011 1938 220
3537 2124 5
2197 168 982
160 1266 997
2875 4295 588
4328 3431 888
1824 1537 812
5510 3916 576
9969 96 186
9938 3202 629
6903 8307 530
602 1866 104
3647 2923 669
812 1302 759
1750 4730 257
6204 8953 409
5847 7805 987
532 9519 933
3909 1145 580
7394 947 378
7119 7595 592
6240 9871 654
6928 2968 54
9536 5264 597
7755 205 731
2463 331 891
8316 4277 322
8744 9814 511
7655 1518 296
1874 4194 134
8356 476 546
3659 6309 784
8184 3926 365
5398 4155 140
4932 6082 254
5068 1166 601
405 427 877
4913 5520 632
7232 4311 700
4883 2624 388
5980 3761 806
1461 7538 600
1691 1917 223
8456 4203 879
515 4957 656
9384 8011 947
7943 9083 719
6897 7682 19
8479 5763 289
518 7606 55
7990 6441 3
5270 5794 984
3240 1415 639
318 8343 561
7793 5858 950
4092 2625 90
6412 502 383
6241 9777 105
8198 709 37
6275 7400 533
294 9861 151
723 5649 128
1460 8928 795
2695 3154 724
1434 4401 475
6751 5593 691
2357 2988 887
9507 5883 8
1943 1042 959
9129 7216 898
1723 9966 590
5370 2976 772
5438 2445 921
7599 756 918
3540 2333 787
1726 1237 806
9531 8895 388
5900 8061 84
5262 2838 807
8834 2344 505
8854 5348 262
4901 3637 472
9237 4514 941
6887 5032 732
8833 3742 165
2586 4856 496
5953 6208 69
4447 7839 995
972 4376 897
5007 1740 88
1555 7966 153
5254 787 721
7019 7902 821
3407 8549 598
2998 1202 713
7715 2111 679
5077 4795 873
1880 9309 838
8374 7621 505
2106 6291 971
9047 365 692
5759 6269 41
4203 8336 930
1180 6055 163
8011 3967 290
7187 1865 667
2593 9911 760
4381 4831 855
8888 3654 261
187 6728 379
5924 9093 79
9363 4366 502
7133 8934 523
7361 1143 55
5863 1186 703
2396 8760 64
8148 4238 862
3653 999 350
370 5566 284
9892 8428 208
1709 1619 368
4761 1221 554
8218 2001 980
7596 3975 373
4525 862 738
9847 4009 71
3496 6372 436
5085 9969 379
8632 5978 917
8933 5350 217
142 9122 664
9522 1217 505
1242 3087 921
5961 8198 485
231 3195 591
3401 1008 327
9194 8418 757
8493 2579 134
6058 2215 971
5795 3078 561
7650 9137 183
5543 1130 334
7886 3276 298
7887 8818 61
861 1010 475
5369 1265 593
2871 5876 398
5986 1133 546
3450 7207 561
7539 9059 284
8608 7840 145
3372 2397 543
8301 1398 818
6654 7079 45
967 6683 958
2253 740 666
9009 2393 876
4265 8232 432
1778 7586 446
6853 5354 413
8531 4599 63
8414 3119 721
2171 8987 946
5755 3168 739
5689 647 356
5969 2973 950
4917 7093 220
5201 8790 547
1972 4602 918
8058 6744 651
5410 4776 230
7480 9565 571
5800 7030 432
1407 4846 115
7892 2403 358
3011 3004 908
5584 3830 930
3833 4026 855
2997 7588 148
9476 4117 86
1199 8081 439
9958 8911 452
1501 5972 488
6118 1916 655
1215 1447 410
1024 6113 319
6095 8403 259
341 3438 884
2106 1057 704
8345 3895 980
6138 7468 968
2724 7094 26
2123 3144 1000
6140 4696 631
4407 5136 447
2258 6960 596
2387 8979 506
4501 3315 125
4604 7022 589
9537 4816 848
9449 4535 43
1217 3424 854
2554 9091 789
5335 929 82
2556 7974 957
8568 3328 386
3037 8396 313
3177 795 238
3554 2266 33
8370 1345 726
8891 8141 368
1846 8426 485
5243 6408 721
9127 611 431
8280 9031 45
6329 9496 898
5687 734 292
3064 6200 953
9881 884 566
3280 8850 35
2198 2665 579
8277 280 399
357 2689 228
1845 9184 676
7142 8554 181
215 6711 982
8008 688 220
7797 1356 222
1999 6653 813
1230 9606 595
7599 3589 44
7461 2845 400
7890 1355 729
6992 9421 303
7679 716 407
6047 8199 846
9610 9095 615
3904 4284 506
1021 1921 973
2397 5541 544
253 7958 860
9566 7446 954
6474 4777 815
7081 8840 637
3546 521 14
3944 7613 620
1594 8686 863
2089 1444 38
9665 3686 95
2195 6128 772
6723 9768 27
9061 5899 972
8315 1813 553
6830 7569 192
6747 3013 707
1827 7255 951
1534 8896 496
5790 6102 100
9999 1512 540
8834 9842 188
5939 7649 827
3310 7863 149
7689 3059 212
5497 8424 745
3959 7353 425
4950 8155 402
222 6875 409
3663 7913 446
7707 5926 879
8082 194 220
5709 4719 806
8941 4733 982
2719 3386 953
1047 1504 211
5833 2506 949
1480 8474 148
687 4450 940
8373 5308 179
5019 3081 927
7283 9153 239
9790 1811 116
8519 167 664
9812 1453 824
8987 7296 317
9011 2969 932
9948 8656 188
6748 3039 88
2468 1024 543
6830 620 290
7657 8371 574
345 8652 285
1121 6146 271
7770 1231 544
2488 2758 490
2638 183 321
6008 9178 39
2112 3292 76
572 927 166
3171 4322 8
2030 3483 367
5141 1383 518
7719 2127 355
7268 1826 505
8374 1186 176
8102 1063 917
3848 9256 683
8632 2574 175
3554 5258 127
3606 3212 343
396 5315 70
6044 9391 959
5931 1432 369
4689 8318 361
3906 6652 607
9571 4291 144
3684 4926 835
261 2446 647
8935 4372 732
1349 5389 7
7814 8428 489
9147 1195 523
2546 4253 933
9654 4250 500
3377 2645 238
7638 5956 766
60 4405 274
9076 142 995
1844 8501 984
8112 7702 687
4740 8325 932
9106 7305 75
2787 8154 906
2141 4986 271
1820 6539 904
346 1152 824
4187 4068 33
8847 3194 477
6463 5306 588
2744 8621 687
6557 8172 531
8320 8821 221
4277 8118 865
2593 5566 715
4519 1267 523
9390 2960 683
8495 120 940
7269 4850 993
7157 3370 359
7659 1003 80
4676 4177 466
2457 536 306
9772 6738 889
2090 4212 528
7124 6090 543
7378 8921 355
175 1808 90
78 4335 424
1732 1279 844
4091 9164 981
3142 5210 855
8633 1243 744
681 1400 595
4002 5568 234
2092 5327 825
7184 9225 182
2206 1509 247
7782 1311 15
9123 733 120
7370 2193 273
2109 5632 768
5168 8880 590
855 8780 397
8383 9870 266
4795 5078 673
6905 5171 996
1966 2982 704
9650 8294 985
1757 4724 613
6046 5838 690
1025 1736 490
4403 9380 623
6502 5343 467
2152 8813 832
9639 7280 289
4630 4502 921
3021 1843 553
456 3943 129
5902 269 926
8777 5241 295
4975 8189 69
4090 3554 515
250 9840 260
7748 9246 699
2532 2018 521
5411 1488 141
2002 1690 893
9757 699 612
8069 3878 667
4912 1807 840
6570 1333 484
762 1981 978
5972 3626 130
767 9584 97
6948 2392 769
4841 7939 238
6550 7808 989
3472 6332 893
2823 997 345
8437 3405 605
9766 8065 761
9038 8734 272
4550 3553 529
3500 7499 6
6412 8533 680
2463 3426 542
8327 9558 727
9492 1007 472
8346 7491 903
113 8448 9
712 7023 123
4244 6722 322
4690 5802 221
8047 4825 475
4014 5093 381
8768 8200 947
5191 2615 789
4791 6149 535
1799 5242 712
2365 7761 826
9836 6807 450
5738 5934 475
6787 6405 939
8236 5899 181
6049 2293 8
922 3286 325
5574 2904 682
7801 8077 135
6734 3695 253
5213 119 336
4530 391 852
3431 4814 922
4323 4093 714
6637 2398 2
331 8985 236
845 1329 291
6936 2373 634
9695 1274 790
3735 2583 185
4089 3952 76
643 9034 742
1329 3477 193
2852 623 943
1434 4681 157
1098 2612 682
2302 1418 391
4945 1615 866
27 8914 294
5513 690 39
1621 9012 741
2065 8306 755
3257 6172 286
3465 1872 159
2059 634 606
7642 4213 163
8821 392 203
4157 702 486
5928 7422 10
2683 9259 370
8503 2116 667
6835 8448 469
8026 538 193
8966 8130 424
3401 5491 827
6458 481 227
5110 3531 907
7478 3677 866
8417 2056 88
8450 3548 763
1613 6344 464
2751 9982 510
1517 5668 865
1852 497 585
2994 6630 867
4982 2391 774
9050 9334 597
9778 2194 831
2372 9515 586
9788 2172 195
1492 4347 723
9813 4173 956
7976 4985 656
6565 1462 306
909 217 982
5193 8751 925
1214 4619 429
1358 1263 920
8350 9697 815
1914 8928 351
8632 3422 825
2382 2901 225
6862 2340 725
5745 9150 186
6251 6993 754
2 1295 429
997 373 119
2165 3059 118
4910 9408 539
5304 8606 246
499 8519 114
3139 3170 415
670 1511 594
7841 6102 817
785 9875 185
1284 1223 604
9031 9039 984
439 6435 115
3940 8840 528
5864 4128 724
404 9898 480
4203 7154 307
8628 9050 388
913 9243 404
1475 6892 135
1728 6539 838
8289 9429 772
4584 6508 755
191 6246 60
3270 3995 632
3784 261 581
3154 2868 317
5768 1946 22
1502 1631 974
5742 1102 964
9914 7337 863
467 570 194
5359 5234 153
162 1365 13
8570 6495 621
8589 6848 184
9303 5715 993
3544 4146 191
5467 7213 970
6853 7660 639
2043 3839 77
9339 4582 801
2844 7828 371
9006 7927 577
7347 8070 250
81 9243 916
5107 3365 849
700 6573 652
5555 4290 431
8886 2420 894
8638 5852 430
8662 2397 539
9234 5877 203
7953 5481 781
6772 5564 712
596 8992 218
2146 9634 471
1023 1487 185
6229 2214 874
7128 5930 62
9945 4216 234
9683 3563 241
5320 222 559
9536 1717 499
6903 5455 12
5763 6665 536
8019 5496 198
5573 2968 831
3759 5249 504
5925 8182 1000
1926 6857 231
212 8050 119
7428 9798 954
6650 9112 508
1179 1720 714
5851 8504 624
2749 697 447
3154 4474 489
6015 2892 142
4366 5181 345
9815 5389 20
3898 1440 318
5348 1674 201
9370 4038 826
828 7915 432
3575 2972 125
7267 3982 430
9421 9554 134
1540 4680 138
1081 7738 26
2490 7342 212
4166 3134 311
7640 9748 969
8492 3246 543
826 5155 959
76 817 906
7965 1738 143
2906 7069 25
987 4130 983
3198 9496 958
9759 8086 998
5536 5661 106
4496 5593 66
8806 990 678
8389 9949 244
989 9763 367
3643 2485 81
9273 4749 463
7688 2043 10
9159 1842 272
7382 4297 349
5863 9006 448
4170 7393 728
7079 3766 367
5505 1012 906
6347 4882 787
3528 3299 9
2852 4513 795
2533 5403 472
1024 5259 665
2298 8021 934
2132 7116 281
6188 8659 155
8638 8519 302
1665 985 778
9150 1523 407
7341 283 145
2117 300 256
9084 4440 536
2774 3728 992
8610 7770 4
7983 592 498
9970 1136 410
9075 8326 343
8821 3785 861
2350 7088 120
2522 1941 328
4390 6805 811
6403 902 537
3633 949 329
8834 9308 34
5604 9371 621
5201 6252 308
247 6051 168
8620 7928 391
4422 4687 404
6431 7719 159
5621 3775 516
1542 2482 423
446 4375 395
9363 1480 299
3364 9618 900
7521 5197 30
1133 4039 705
5525 2427 179
3732 7947 140
4435 9253 331
5230 8484 145
4532 1370 428
7926 8808 778
5086 6315 361
343 3767 504
90 8127 845
2695 7308 602
7448 8153 382
1813 3768 474
3496 5427 56
4808 4431 401
4634 7776 301
1155 9471 47
6106 9654 971
2581 6474 133
5988 3685 388
2801 8243 456
4651 9577 691
8652 1169 695
428 312 115
7142 5078 496
2192 2325 443
3793 5956 475
1158 6889 717
2166 7731 626
2482 342 907
4608 2295 939
2720 2483 924
682 1102 758
4835 374 111
4918 5275 325
46 4790 751
1535 4840 375
9623 5389 228
6438 5980 811
3620 3260 734
7005 9698 454
7708 5092 827
2465 7687 227
1556 6561 270
6915 5898 774
6124 2318 942
8709 6352 185
114 5610 540
5080 5821 796
5 2548 39
5037 7489 955
4750 257 724
5895 143 690
5559 7998 822
1496 2547 852
9299 7827 773
9208 2627 824
6952 8100 322
7791 9334 497
7840 5485 599
3447 6153 698
6183 94 921
1755 6245 974
5755 7100 915
9906 9347 35
8935 4650 951
8485 1051 949
9375 3508 371
6625 722 772
7350 6900 634
1932 3190 876
8924 2553 739
3565 9947 512
7575 8429 999
5964 8019 825
7496 7026 499
3894 2906 245
679 6244 631
9787 9225 666
5353 4927 614
3195 6055 858
8086 9594 659
1719 4591 236
78 5080 918
349 8599 78
3658 6323 500
6390 6397 458
4010 5943 827
6878 4730 376
5604 2519 422
3352 993 188
1306 9166 521
9102 4908 963
2209 6257 925
8179 3585 783
4107 2037 873
8687 8202 458
3034 61 776
5852 9424 288
3025 787 555
853 5326 739
4301 9859 758
5911 3114 768
6153 3216 33
9594 1250 565
9503 6792 702
8989 6943 9
8637 6874 632
9396 6673 361
3881 6690 611
2876 157 845
2609 6752 588
2159 7868 865
3505 5088 200
4117 1747 39
1746 4966 275
5193 8666 887
2817 7411 296
1043 6111 78
5186 5796 807
8764 2463 299
717 6952 594
8160 1719 138
787 5245 685
5497 1073 281
2553 1612 165
6594 6709 731
912 1437 891
5765 566 932
7427 9571 324
8370 8272 672
8136 6515 951
4931 6648 577
8766 5650 353
5508 7096 891
6586 3441 85
5812 3077 665
7823 3614 291
1795 9473 611
3990 1893 638
7969 3072 246
3624 7919 237
9178 4965 952
5379 4578 404
7491 3296 746
7540 8028 94
6460 8646 201
4938 8589 500
9489 852 194
8421 6522 821
8173 4305 508
4110 4657 613
806 4088 506
5920 1268 971
9083 1197 121
9766 1623 986
7699 7473 422
1667 5264 211
8790 9615 91
7379 1665 839
4143 7337 517
855 8904 687
9560 263 236
3093 7340 834
2604 1479 876
2039 9117 616
1889 3510 638
9703 915 78
5459 2683 703
6266 3596 775
463 1642 140
2857 8851 324
7460 5576 476
8295 200 881
8654 4153 375
1497 928 5
2472 6567 975
2731 7594 827
2680 1889 753
8431 5303 638
1176 1378 144
7913 2413 615
9070 1900 919
5418 7150 34
8384 8017 870
2173 6222 52
4181 1630 33
4183 3344 527
2303 2774 317
3432 5774 674
3761 1380 445
8487 1727 762
5984 4646 298
2346 6893 944
8247 4425 611
777 4851 77
2185 9754 56
4650 5961 855
7031 1935 330
9142 4624 967
1740 6163 569
1909 7341 671
380 6509 781
2875 3172 822
1559 6526 70
5012 8915 861
1739 5155 869
6246 6804 217
7017 340 187
6988 9946 570
5672 9885 333
753 383 995
4914 638 663
2533 4555 129
8660 1547 323
2760 1496 314
4570 6682 498
9743 8250 467
887 4978 818
7832 9324 932
4890 3316 768
8926 8938 884
718 3614 33
6975 1915 155
5685 2604 397
209 6532 861
1267 7317 518
8783 1895 700
9955 1292 579
747 1919 735
5919 3217 773
7484 1826 170
2290 4704 485
8782 6973 713
1370 8297 382
6701 2117 375
1261 2729 673
7474 2310 563
7772 8913 102
5467 641 219
7151 1755 152
8640 3208 204
8499 8998 401
3032 7812 406
3993 5474 399
869 9656 490
8605 8409 924
7046 43 953
1742 7455 731
4779 6599 463
8076 858 433
1331 6511 778
5277 3228 809
5201 2327 79
4249 5207 356
8536 8583 519
3190 5268 739
9296 710 605
2201 7992 134
6418 889 625
907 4518 417
3069 9094 520
9767 4973 122
220 5497 75
6042 6844 756
5545 5444 712
1540 2961 941
7560 4197 179
2379 5716 995
414 6025 708
9615 7558 125
8665 1570 894
9801 6980 325
6898 9484 732
7610 6812 885
2491 9234 163
9885 830 251
2457 4356 754
5138 9541 89
6071 4247 470
5402 9620 269
6821 2149 921
2987 3551 433
8533 2376 175
2889 4764 14
778 9335 858
7958 6483 657
8942 1398 485
5401 347 793
2619 9077 871
5875 2220 111
9765 2430 387
5647 7936 893
1337 9268 990
3265 6530 361
7983 6200 285
5378 8578 551
5071 1623 259
9776 1778 608
164 6668 691
6251 6649 986
7285 7253 102
9427 1424 974
307 5517 964
4957 3168 148
1050 6632 83
3682 200 234
7022 3535 615
891 2467 12
9417 4707 220
4202 7657 414
2830 6824 604
2965 4668 665
5818 7168 516
3884 7032 270
8267 2996 58
2908 5717 937
9342 779 238
6351 7684 573
588 5970 123
2995 2553 68
4353 3837 98
9076 8929 199
6708 3305 905
5227 984 323
3274 1213 900
9810 5724 399
7602 5305 579
9305 3904 936
4979 2632 409
5623 7645 520
7426 1794 846
5393 7784 711
1157 4871 505
3061 6890 276
8601 6547 730
7859 7004 424
1071 5620 829
2883 4200 687
7178 8012 454
7276 503 964
3716 392 767
6631 7532 318
8746 8276 574
40 5020 411
9298 8742 450
882 651 892
2516 2453 107
9507 4441 531
6255 7625 868
4742 7213 176
7227 1322 14
6934 1742 963
3655 167 289
63 5971 761
8033 5641 104
1683 9407 96
4219 8867 364
1101 7289 385
1628 7860 274
1130 3428 367
3592 4636 445
6402 1681 42
2091 1847 216
6835 5335 269
683 8685 354
5664 9054 420
6404 6022 353
3845 7260 343
2767 7644 516
5989 8566 888
6016 2897 440
8885 7296 277
6004 8337 976
2703 9285 387
5588 3294 565
1439 3648 845
3648 9280 405
2186 2292 93
741 4979 445
3819 8637 726
5249 6046 517
1996 798 394
5381 252 928
6656 7124 613
8202 4893 47
6039 3378 851
5678 9742 648
7634 6940 823
2185 349 485
6557 4106 443
9961 5802 304
9946 6616 421
37 1883 131
214 7292 856
7813 7674 644
7232 4788 31
1689 9 492
776 8028 330
7753 968 588
8454 3642 762
4885 3903 442
1533 4847 762
1683 7134 297
3812 3493 853
496 4599 282
7694 2747 816
408 9610 56
7595 9895 530
6971 1754 843
1354 8742 78
5764 5349 508
7723 9791 192
1367 7660 670
488 170 181
6635 6754 785
7578 2147 856
8281 7562 700
8752 7022 339
2441 278 870
2967 2725 902
9851 695 537
4745 1834 517
582 5438 894
3023 8899 388
2739 1542 716
3742 6698 846
7179 1905 479
1758 2480 750
5928 5442 735
3628 2375 272
2029 9675 450
3942 3120 451
1811 3280 717
1110 2200 227
772 2001 597
1334 2293 734
4375 8964 440
977 6315 671
8315 3991 298
9257 1004 465
8386 1795 467
5646 6166 46
2291 4942 559
7153 8453 160
8073 2846 502
6347 4703 257
7112 3476 214
4651 6882 850
3833 5054 743
4486 8320 419
5870 7694 995
4039 5279 843
6090 4802 163
7194 421 684
7212 8580 759
8963 8644 252
4280 8836 412
3918 1068 949
6452 6754 770
5687 5181 948
3032 8826 480
1802 9908 443
4367 3753 159
8271 6853 530
7267 2147 305
7351 1751 314
8552 8841 36
5486 2186 645
5856 6904 342
9121 6247 745
9390 9449 714
6389 3157 152
5170 5956 458
5332 235 470
7595 8597 982
7866 3262 722
337 1089 568
2058 9287 735
8761 667 750
7328 8324 440
5186 3082 418
6892 5630 543
7110 5970 788
3553 7565 643
8471 389 767
5947 8414 366
8803 8093 970
9516 3788 431
7462 9306 673
9152 8566 106
9264 3970 781
3835 4172 673
4622 4583 610
8672 529 24
3981 8578 614
4000 5082 315
9084 3004 759
8298 2917 421
1149 2880 237
5714 6603 91
4832 6025 706
9659 3017 150
6993 9983 236
4924 3874 788
3920 2272 14
9067 8975 163
8217 7892 220
3779 3450 630
6200 1702 710
9099 3574 733
5290 7112 110
3769 8564 353
8056 3132 545
3998 2957 502
7243 2366 295
3887 465 750
305 7061 627
3491 6683 728
6615 4239 410
7839 7908 219
2336 258 105
5301 6005 784
4836 7006 379
6543 8864 227
2303 1157 422
4503 6829 937
3781 3157 54
3700 2132 410
8939 8693 379
3712 444 226
8791 9960 462
6836 894 143
2786 3020 674
2798 8923 448
7429 956 210
9769 2284 328
7491 6075 31
9220 702 377
4361 6749 167
1962 6847 444
2500 504 895
2524 5664 235
4031 2574 865
9168 7656 797
2059 507 191
8985 7149 432
7157 5448 97
2776 4300 654
3540 4669 285
982 2303 886
6927 2932 854
5100 4380 251
8195 336 528
8740 9012 107
3468 6825 266
4135 2830 58
7697 5475 431
2133 8015 585
4838 1720 86
9163 6488 278
7554 4050 664
6809 1260 361
9991 9591 672
3616 7621 978
9509 654 313
9911 1542 555
711 1944 389
6786 2420 735
8950 8123 608
4775 5284 623
6714 1891 121
9494 9887 606
6455 4299 564
4992 7119 800
2627 9876 493
1796 6871 916
9564 8488 997
5720 6095 708
306 9269 437
8861 6789 792
3824 8261 26
7071 3132 700
3002 9274 336
2225 5199 534
8840 3665 905
6762 925 429
2433 4038 609
6214 9866 184
3298 754 354
8804 5758 661
6491 9668 406
5858 4673 594
9640 9297 369
4656 8039 262
7705 4924 32
3155 7247 718
251 5981 654
1927 1518 610
8664 5527 751
9020 880 672
22 1851 47
5504 4537 889
8271 1432 729
3654 6984 487
1127 5062 875
7675 1488 926
102 932 933
9859 7334 740
8609 6129 360
4093 9727 926
1907 4495 137
3501 6414 472
9397 5613 940
7102 5582 459
4426 2742 381
4495 9717 896
4536 4282 180
1185 9343 444
4945 5242 2
8826 1931 614
7370 4724 986
327 4590 596
7213 8534 377
4785 4866 293
1754 5549 188
1668 4313 722
3144 9353 412
5154 3531 934
6037 8892 4
154 9038 909
486 2995 571
6871 419 197
7689 5340 634
246 8846 484
3541 8053 859
7491 2679 834
683 7709 377
1353 8904 228
6779 1378 173
3710 5215 462
8918 3127 886
5503 5452 5
6355 1570 792
8497 3477 615
4379 5361 547
9949 6186 976
2387 9256 426
5544 5218 748
5891 6992 692
3126 6303 73
6918 5761 380
3810 8464 103
1174 9065 41
2788 5392 289
4549 4875 66
6093 8721 427
8176 8623 563
9235 6561 12
8972 7885 834
8563 8394 621
5752 1567 190
3489 2174 92
1126 4660 34
664 8937 426
1420 9387 945
1878 3954 774
8234 7401 298
367 7048 973
5000 1980 905
8991 4337 143
6348 6071 925
3670 5972 35
7338 1951 773
4119 6325 53
6727 4991 444
5201 4088 998
7917 5221 769
1384 3696 221
5364 81 541
4408 2382 916
2605 1627 255
4391 5645 911
9619 6772 410
9129 1180 170
921 3560 833
9657 949 828
8236 9688 838
9977 38 293
4710 404 424
9615 9991 351
7961 7112 224
5538 1489 642
4113 7531 652
9054 8669 73
9593 7853 682
5954 7903 505
9824 3842 905
5001 5882 507
3788 9078 966
4985 4857 183
6814 6985 177
7083 2078 263
7873 9201 588
1440 1672 675
3199 4076 59
626 2791 483
619 8232 422
350 9648 74
9913 726 141
879 8308 579
5782 9352 457
4254 5544 136
8618 9781 403
5485 1397 340
4539 3670 725
6910 82 410
3921 4302 400
2733 386 81
3353 6373 912
8709 3751 89
6599 4691 836
6467 7884 352
414 701 944
2703 8701 385
4324 3014 33
3655 9358 666
8784 8365 682
935 2937 319
3843 9532 721
6816 3557 363
1108 2608 887
5478 4896 260
7701 2360 11
1996 3818 738
1850 5119 393
8315 3265 330
6357 5755 971
7166 8360 931
9157 8018 519
8206 7058 127
4545 4653 523
5890 2688 222
4193 3173 71
1749 4815 526
5233 8256 176
7230 8103 533
8393 2092 373
3964 5633 136
5849 5090 248
2680 3894 438
9555 1162 955
2950 8504 200
3563 7993 879
1822 1026 234
7904 9652 915
181 8332 250
6619 8945 458
4526 9355 190
8645 5665 227
1396 619 760
6872 4935 446
8468 2065 848
7788 5233 828
3740 653 207
7409 9369 755
1613 9609 930
1460 5400 347
3953 6168 444
4471 5859 306
6960 3036 816
8727 9902 119
4903 4616 466
8529 7600 453
9675 9287 883
4675 2243 314
8473 1430 989
4700 8687 517
6537 6470 803
3770 30 766
4596 6287 646
4562 736 937
5438 7008 25
6460 2524 55
8667 8114 958
305 4542 97
5128 6151 611
2646 4086 135
9576 8919 991
8441 7672 364
3400 1853 640
1461 5593 125
6803 2498 105
3091 7591 669
3518 7712 896
3885 6843 612
6445 6299 598
3460 7609 216
4696 2928 320
3791 1712 621
6321 7419 259
6531 6313 620
6607 7135 739
5559 7516 900
6521 3645 231
2499 7570 484
3596 8364 109
7805 1809 178
9026 9859 516
5645 4252 682
1424 6627 337
6268 1291 460
3469 5611 827
2271 9699 1000
6681 7207 375
6949 8832 679
8903 5393 686
6002 7562 497
7158 6627 577
7317 1904 13
7710 6488 302
9284 2740 81
8592 8423 539
8175 7815 686
6907 3507 232
135 9314 987
8831 6266 370
6538 7624 352
4019 3982 68
5585 659 286
6552 9249 447
7531 141 135
8796 8713 289
5250 6186 926
4289 5633 113
5337 1425 111
9061 2876 403
4871 881 519
1434 1607 889
4971 8445 216
7381 9839 232
2270 1982 395
1467 7600 534
5127 3720 378
4959 5738 280
3094 4982 895
4831 6209 648
9184 744 831
2565 8532 955
7273 5398 628
2512 511 7
6185 2363 558
990 1054 360
5620 5506 930
9673 40 896
2431 1439 128
8185 7226 680
1176 7168 807
7061 3662 52
4017 9448 790
8659 6655 19
5024 3827 967
4522 2266 297
4802 7389 621
7372 6308 311
8768 453 678
1062 6094 746
6809 2302 44
8199 3047 292
896 2776 88
4015 1295 884
4684 9325 593
4448 4760 293
8443 5300 341
3396 9500 435
1788 4 823
3428 6303 568
4276 3089 530
7282 84 271
3775 2023 865
9357 2007 467
9002 7079 360
8397 4721 906
8324 6775 997
911 8461 766
6345 5289 129
9792 7326 272
1302 8129 318
3951 7339 669
75 1607 89
3870 1349 900
6513 887 38
9757 3385 349
7105 9951 601
6980 9892 176
1457 8293 768
5201 9632 697
2097 2851 420
3805 8342 802
665 920 785
1409 1673 935
9245 1599 274
5712 2669 689
2040 9936 734
9245 4482 894
7651 1036 969
6201 1710 225
6634 9772 569
6461 3820 680
4409 2662 940
9392 7031 774
6118 852 752
2435 7676 740
3703 3714 261
5631 1210 89
2299 5947 25
2412 2618 350
4994 4782 133
7106 9502 252
4046 3763 705
6796 3854 146
6997 3993 221
6996 2844 700
6142 6082 220
4219 8669 540
3816 1556 610
4125 4828 495
3037 137 123
683 2263 889
3391 9579 139
9443 8189 590
3016 187 377
6066 1217 980
1307 4480 807
2166 8401 708
8442 2996 300
8000 8849 778
9113 7967 548
4992 7783 137
3265 7626 615
1966 5504 761
7585 7520 833
4189 6088 554
3882 8020 659
255 1024 783
6798 8027 244
6470 6324 226
2251 257 861
4037 7126 990
2640 6924 260
15 5606 635
2443 5946 175
7173 4506 713
7836 1103 339
3560 7048 469
2835 8276 104
8597 2745 358
7623 8208 315
1768 5498 364
9448 8281 224
1379 63 514
6157 6204 605
2116 9869 647
8138 1356 86
2326 156 317
8690 6741 182
5807 4566 650
1974 3150 149
3563 2681 826
7362 4018 597
1074 5459 109
5682 1275 90
2305 7880 330
3005 7935 535
5331 1488 56
971 7377 971
4578 9043 975
6417 2512 654
3089 1824 757
8114 2323 204
4336 9510 520
5429 2807 1
8678 1817 554
8108 8296 283
6572 2062 633
2688 991 634
502 302 929
5112 569 765
1799 654 934
392 1480 735
9024 6332 43
3450 7231 238
6104 4348 134
1351 3303 660
3404 7252 764
7383 4109 879
1977 6743 366
3163 9619 426
7062 2291 424
9696 379 570
6827 1896 388
7379 629 914
3635 9467 748
4506 6893 13
3634 8511 744
2481 9291 764
8380 220 616
9849 2952 744
3352 7250 199
4689 7915 401
8234 9449 351
3973 2640 868
6294 8928 943
2344 4914 185
5351 1717 716
975 9052 809
3150 8494 337
4250 5784 44
6010 4974 63
3923 2981 491
6546 3214 715
5569 5507 129
9530 4502 240
7043 1098 238
4219 5389 566
470 3843 963
9248 4596 937
987 8440 762
7270 6239 712
3288 455 912
80 5720 190
1178 6813 61
3918 4646 50
2821 2204 766
9156 4382 168
4128 4574 361
2676 8110 620
5956 2291 877
8726 9318 544
9776 3067 260
1409 3741 263
646 5196 574
4594 8607 36
5585 5038 476
488 6771 922
6436 7060 216
8061 1635 657
520 816 972
9000 3015 341
9783 654 29
3497 6697 812
8092 225 945
3174 1140 133
9547 2257 557
7400 927 802
9085 2617 197
5970 7878 813
2512 5447 911
1176 5508 768
2918 4194 22
2242 4643 802
6915 9909 741
1718 2296 723
2836 3473 591
9747 9561 735
1508 3830 928
8136 80 746
5770 9277 616
4266 5456 218
7200 7242 309
67 3632 631
9508 6558 822
793 1728 145
1925 1951 697
1172 4614 859
9713 9754 872
8707 2645 333
3869 9884 88
9140 1820 575
6418 9312 300
9221 7060 849
5031 4405 838
4583 3147 920
9662 160 203
7674 1061 283
3609 3345 668
124 8142 27
9526 5860 886
1202 994 25
628 3389 384
5656 1291 718
3508 8694 93
5395 638 154
5086 1882 730
4031 628 183
3658 8598 337
4365 794 501
5342 8221 463
4322 1919 712
6864 2965 831
2266 8966 551
8740 9346 749
5683 732 951
4648 8305 261
4911 7926 528
7378 8678 861
5172 9829 564
8432 3674 913
8235 5786 469
2150 7225 181
3993 1568 717
6405 9096 311
6255 7441 976
8540 2839 231
2031 6887 535
6649 2426 761
476 7884 843
6946 9429 846
8630 6962 841
3317 4936 490
993 5012 960
4219 3269 792
9748 5720 232
4962 2013 117
2777 1519 722
6 9992 849
2855 3977 514
233 5381 804
9680 2794 461
904 2501 867
299 4317 260
2670 6549 867
4129 4061 953
371 4449 334
4078 2002 416
5405 1559 106
226 9418 140
8045 2991 59
5946 4823 251
3392 3353 734
4433 4471 141
5336 8764 260
4657 9922 586
4240 3701 480
2156 2972 528
6548 7320 940
6035 2701 561
2009 489 650
9209 8409 112
3220 2038 936
8728 7505 442
4280 2726 386
9149 6655 454
40 2037 730
9816 62 279
139 3835 477
4974 510 406
6388 6675 96
2539 38 876
7153 8698 405
4214 2206 916
9431 8561 91
6533 4003 759
596 5725 883
4880 7758 905
5285 1378 446
4056 6776 779
3318 2340 171
4090 2816 263
4958 6775 428
9037 6275 833
7540 578 842
5602 5215 521
1948 886 453
7888 7185 669
7860 8092 613
346 975 698
9440 5965 863
5434 4621 135
7410 8831 258
7667 2092 622
9073 2666 588
918 8418 78
7996 5264 868
6808 5635 909
4455 7226 465
1169 7767 89
2429 2309 17
8663 833 580
6235 1563 462
11 2241 949
8909 5254 669
8886 445 978
5585 6345 813
821 1911 152
8687 4871 209
2674 6469 656
5916 4069 256
8750 3470 214
2988 8691 951
3330 3900 558
2343 3415 246
3695 6840 37
3895 7237 679
2542 3929 491
4363 7057 429
3579 2773 357
838 5275 93
7780 79 218
4216 805 317
7856 3266 911
5016 6588 557
7000 9707 329
8591 880 356
2562 2974 147
8557 3406 424
5421 6382 106
2714 3271 94
8362 7881 710
8145 9573 799
4463 7334 329
3478 4426 44
2621 5934 377
4765 4257 86
3255 2949 613
4106 7734 240
693 7223 255
2909 3703 175
3879 555 613
7630 4458 435
1456 6880 884
4594 3670 707
787 6332 23
3393 8797 556
2282 3888 691
6647 4486 816
2935 9808 279
4017 5773 849
7897 7211 844
3043 7924 920
8907 5936 774
3805 8402 559
2902 7524 893
3214 8311 224
3670 9351 367
6120 4948 454
6257 7992 451
8269 8522 638
6194 4112 377
9024 3938 398
7649 6170 263
3358 4498 728
8883 104 267
1777 2320 839
9686 4254 794
5635 3587 82
6192 9592 413
1192 7050 455
4436 5683 311
3807 6252 410
9168 8996 961
3755 4841 287
129 7421 940
9244 2522 776
4246 4795 102
2377 3100 16
6332 8005 606
9327 2384 386
2353 4580 38
9413 8219 177
4523 9854 388
5277 4900 105
5481 246 264
4816 3638 50
553 400 190
6914 9681 668
4567 4716 919
6581 7672 763
6493 9277 703
8857 8711 704
2862 4100 249
1926 3431 982
1924 8894 350
3534 5022 302
384 5060 762
2911 1623 776
9959 5776 203
1073 8562 11
4995 1035 783
5484 5528 248
7319 9550 500
9728 6098 171
5560 4690 49
1477 7449 32
9855 9113 101
7244 3189 854
2524 2861 67
3371 1378 569
4070 8982 870
828 4933 720
3298 2925 203
1295 2410 810
7837 1131 565
3065 9896 675
7803 2800 728
7144 8438 154
5522 1500 171
7936 6251 556
4842 9525 4
4881 5812 897
1180 7525 566
2169 2708 699
5424 7342 993
9923 9085 207
5424 1463 756
1595 5635 724
3296 585 671
5745 9732 172
8547 3229 111
8205 3352 327
8303 232 661
420 9451 439
3312 3310 319
2728 1643 603
7696 5573 572
3230 5458 197
2904 8208 939
9915 2403 519
1655 1937 828
2161 1826 125
3945 5930 327
6804 7832 674
3184 7037 150
9478 4133 421
6272 4341 254
83 6337 262
4738 1377 452
31 6733 761
3097 3974 569
9627 6620 391
8767 3047 505
6675 4815 936
6846 674 441
9457 6625 296
7463 6106 228
9926 2230 509
7888 9224 13
8793 7549 650
7535 234 217
2485 2634 512
7764 4970 42
886 5311 94
5697 1699 132
9822 2082 226
3183 8712 280
1289 234 837
8155 6033 653
6571 3908 679
3675 7638 774
4166 7976 832
799 3485 366
8886 9163 172
8126 775 16
594 1503 979
9591 3596 462
6992 9827 124
8303 4617 279
8184 7589 127
4046 9661 728
6375 9394 870
9574 5080 529
319 2728 224
7592 763 868
4035 5281 966
9589 7482 819
9355 4020 663
5951 9544 901
8148 5175 809
6714 5174 359
8014 2587 807
4922 6346 521
9778 1892 255
280 5958 471
5880 1907 22
1633 6968 651
2057 8899 887
2051 4254 588
6670 45 270
8211 2519 414
5337 5244 36
1463 3297 230
8126 6398 985
5463 2323 81
3379 8571 690
5151 4157 212
5414 2050 343
5956 6213 406
7529 3934 969
5579 4651 213
7752 632 774
6469 5177 913
4642 574 472
9756 3445 594
7625 6544 233
3610 3011 615
2828 5389 562
6712 4803 792
1041 4279 526
1233 74 468
2784 9455 872
4356 2624 218
8406 9144 429
8344 4350 926
2809 2496 478
1174 7335 747
6173 9554 191
205 6281 118
8894 3178 140
5251 8632 206
3142 7907 575
5672 563 531
5637 1860 119
3861 7768 989
5755 9374 753
9800 1027 665
807 8610 458
9916 5393 571
7031 3756 538
5641 2816 735
6502 6564 542
6770 3742 536
8110 7853 263
46 955 823
3419 9441 720
4204 7647 534
4353 1835 721
1188 6862 459
5290 6285 120
9772 9920 156
5865 6440 157
1962 3357 520
5173 2123 904
7050 890 647
4283 4670 576
6640 203 354
7368 2439 616
3607 8928 967
3723 9873 667
5088 1759 572
6970 3644 553
3625 7173 918
5462 4901 197
9456 6071 331
4811 9800 633
1654 934 318
1730 1831 538
8086 2139 541
4651 5175 127
7288 1139 840
4238 4265 850
484 8741 241
643 464 495
1890 8773 254
9832 1498 239
7079 339 386
8324 6303 970
6063 8152 746
4602 7569 164
9883 1248 422
8870 8598 256
3073 7270 544
2661 1300 789
4947 5156 686
354 2478 646
8568 8213 137
1339 517 217
2107 3308 290
5787 1145 934
416 605 15
2267 6540 109
5698 7719 808
7358 5342 9
2667 173 711
8926 6378 530
1237 728 942
6850 2088 283
7801 3744 573
7531 5867 653
191 3582 274
3051 8635 94
887 253 774
1204 1832 851
8376 3434 142
6237 9179 876
8828 3896 783
4898 8628 229
8586 4236 13
6847 9789 359
1515 7685 816
9597 9707 436
9002 9291 790
314 7828 908
7310 473 198
5310 4005 495
9584 189 675
7201 4526 119
4894 4382 612
4105 8235 118
3647 9631 910
7969 878 340
4872 8754 158
6968 9334 298
1082 6984 627
3107 7376 581
6949 1262 632
8531 6871 768
7436 1981 724
6106 2927 569
9587 9877 980
6295 5735 134
837 7306 609
7224 6206 287
4762 3565 900
3193 2003 666
6030 8706 384
8495 6554 698
171 5952 645
8538 1837 645
3267 3603 669
5742 577 814
8479 2122 515
4223 8021 10
7430 8095 709
4249 8893 521
1975 1043 423
9745 5558 232
3803 3726 921
7970 8668 159
4800 8030 374
3694 6002 259
2209 7113 1000
2774 5892 201
1783 8353 999
208 4665 98
6031 9033 189
4397 7215 769
7135 7599 9
9440 3910 556
3666 3903 905
5465 2178 827
9995 9422 160
5902 5229 270
3847 1690 26
4900 743 325
112 3905 515
8316 2592 334
3397 7834 761
924 2776 829
3292 5113 649
1546 2682 154
3345 9232 136
5144 8975 994
6138 6451 541
1929 1211 482
1435 1919 891
5359 7513 179
8389 3008 896
7354 6533 497
6936 7565 647
3339 9657 323
5085 5556 887
4101 242 94
3266 6330 274
1612 542 1000
9570 3150 993
3329 5248 864
2974 2584 16
7464 858 205
1261 2340 612
1559 3958 861
4687 2372 337
8405 620 570
5335 2024 973
6193 1500 169
1327 3816 548
4906 2518 933
5920 5518 524
8780 5448 548
7683 1213 561
6899 7283 262
4999 6807 77
6003 3648 787
8189 1431 752
9161 6181 306
8371 905 508
7900 1895 338
6981 8817 576
8516 5201 453
5118 8639 817
9359 543 50
2438 9013 770
5267 3518 130
9521 2879 4
2507 3649 199
9051 5218 497
613 5499 166
1957 4381 60
4329 8168 722
8179 1009 782
6992 8117 596
5519 7092 66
278 766 673
8274 3308 954
2532 3370 252
7566 862 434
2928 9451 406
5711 1038 563
5223 5272 555
6545 8425 180
2362 1702 914
6191 3258 126
5707 243 318
6744 1061 815
7074 3144 693
8666 8263 729
7122 2495 869
884 7046 963
2743 6639 474
8290 316 181
643 8886 81
2150 7786 432
4081 1774 757
9025 4811 153
881 7842 172
2115 2573 433
7593 2415 14
8121 860 377
8751 9775 757
3715 8153 834
9335 4397 829
7575 4104 56
6592 7720 732
3561 5610 900
8026 9178 344
5164 2864 767
1922 2750 105
3465 1600 554
1134 1457 104
5864 3586 350
5765 6159 378
4072 2483 496
3729 2908 452
4270 9975 754
2395 8389 762
9035 5299 732
9505 5815 323
6788 8993 833
8700 2758 157
5354 1499 841
3830 6436 827
8425 255 437
3715 6084 486
2473 4939 502
6239 3430 332
2396 6120 608
6032 355 903
8363 4135 888
4945 8771 872
7563 1887 989
635 9099 436
8955 3237 479
4818 8005 681
4424 6525 18
3756 5392 517
4143 7111 662
316 3501 959
1799 1230 349
903 3437 909
9041 9320 183
8676 2462 548
5140 7685 990
5778 7141 273
3303 1316 551
9548 6933 665
4065 782 635
1342 3059 548
4774 2107 550
4203 4435 479
3183 2588 411
9858 9598 501
4388 856 357
7980 6569 34
6510 9504 388
4505 2301 37
5031 8492 266
7060 349 769
8236 4953 166
4389 2043 573
7430 4992 367
7728 6173 597
4167 9718 129
8946 3437 868
7931 1255 843
1765 9665 458
4021 1741 304
4476 7019 496
9622 8997 37
291 1823 80
3276 3808 816
1432 5940 167
7284 2716 253
9607 8023 893
1367 1594 796
8518 683 728
9767 4789 476
8596 5273 569
5215 9340 59
1076 3818 874
8573 8985 101
8234 6513 194
7073 5687 737
8293 6015 166
4712 546 992
3595 3041 721
9989 3134 254
1215 4021 675
1836 869 144
8603 1126 746
1766 2338 661
960 273 612
330 9544 749
39 212 511
2462 1290 49
6669 854 330
3146 2858 836
9952 1712 42
5947 2352 728
909 2119 781
3227 8870 273
7389 2338 677
327 8997 702
1905 7072 599
6306 6535 840
1035 4870 560
8910 5489 941
3923 352 393
9520 9765 506
6227 2744 65
7500 7444 486
2295 2501 724
247 970 144
2830 9232 72
4633 9687 745
4663 1737 690
1002 3389 526
3744 3060 422
8228 9802 202
9360 9684 938
4374 3929 154
9560 1757 436
154 1702 591
6630 9475 853
7612 9072 960
3078 3446 26
9584 6611 894
8179 9396 937
8272 7656 381
994 3531 503
882 3296 204
8138 3089 653
6293 7241 163
3045 4923 631
4985 1164 378
5191 8949 109
7720 3371 660
6996 712 461
2283 9575 230
6841 947 309
2955 3550 643
7629 5496 669
6879 1021 604
2670 634 752
6751 5441 998
6255 9423 443
5583 7660 639
4092 7628 491
6818 4340 872
2862 3704 831
2723 4895 740
5790 5942 538
6541 7967 369
2114 2157 415
3860 553 477
7347 7961 265
7615 6334 208
5013 1117 141
9423 7027 540
5979 839 856
345 1774 440
801 7789 481
6998 4404 660
8774 3124 612
3690 8419 440
1862 3892 516
616 4364 166
8022 4998 809
7708 2174 219
6118 4850 636
3189 1505 278
8086 3133 672
9162 4758 621
9051 2593 612
5562 6273 315
3899 656 699
9833 4156 276
9419 19 628
8370 8465 837
3317 6451 26
4169 7441 630
8902 9788 990
126 7465 374
3083 6575 207
7440 4921 862
848 2557 497
1681 750 489
4898 2739 864
8330 2315 203
2718 9504 362
7381 9820 146
1937 6861 162
566 8836 2
4458 2592 663
3736 1903 506
8384 3001 18
3167 1581 74
5263 439 687
3967 4934 922
2833 8004 921
3104 9847 374
1078 773 704
3017 5124 969
6555 3647 308
785 4203 651
3248 1401 941
6914 6221 737
9095 208 278
2243 7288 616
7419 418 600
131 3683 661
4218 7915 721
6461 818 652
2390 220 262
941 9529 195
9086 6868 297
6138 5475 662
5158 2767 415
6781 9499 555
1799 3184 953
137 7243 749
5682 9332 961
2955 4695 57
419 7011 708
5469 6198 838
6915 9946 452
7193 7922 337
3192 8753 670
9323 7548 49
9362 2652 225
7056 1473 936
8594 6476 375
4842 1248 769
9079 1097 950
9779 3567 837
9935 2726 928
3810 3619 853
5359 9372 241
3814 2615 399
4173 3854 514
6460 651 330
5249 4358 673
112 2205 918
4160 7793 312
6120 3116 968
6962 1248 866
7736 918 410
3848 2302 53
1898 7424 138
2807 5227 958
823 4837 967
6262 3960 648
8336 287 872
255 9734 745
8897 6005 31
7975 2334 815
1900 1661 189
9454 7656 651
3479 4781 32
5206 2970 819
557 7621 589
5045 960 353
3832 6569 580
1932 8732 582
1068 2713 488
2651 914 329
4931 975 308
7040 8375 610
1879 509 56
6573 4133 244
9587 948 25
6887 5386 674
8426 6153 717
2736 1518 891
1332 533 429
5310 8972 547
3531 3321 17
1926 9977 816
7982 7729 700
2874 4874 419
4475 5279 383
1505 9763 630
4561 8467 789
9873 9995 354
3078 1862 492
9873 6611 695
8568 2892 657
6035 6772 541
8197 2595 727
3240 7757 48
2069 319 470
7251 9740 852
8759 5201 362
8457 1472 407
82 1330 468
3740 2994 894
3145 8650 293
9140 8044 714
1675 1314 317
5591 7525 14
7008 4412 387
5032 4779 682
3394 9834 506
9796 2454 284
5336 5191 108
7546 3119 541
5239 5373 16
1757 8790 893
974 3135 423
4800 3787 60
4846 7226 497
2763 4246 243
6215 5243 923
1018 1713 457
5252 3476 368
9828 3928 496
7920 6126 619
7844 420 82
3976 8768 247
3321 5222 126
4936 3683 595
3186 7375 528
4313 9672 972
5107 8580 459
8026 6672 729
998 7770 143
9444 5048 307
2499 2539 229
2611 9674 688
299 3071 72
9555 8376 531
5631 6861 73
2944 2856 977
6105 6240 160
9477 4361 841
3926 5527 770
9779 5307 810
6942 7267 150
7196 2547 940
5210 535 644
5910 1965 188
3169 9752 285
8986 1297 736
3744 6519 88
1632 3027 605
9442 9785 733
8067 2131 367
5932 3592 892
7374 446 293
2396 7948 918
4439 3100 522
7015 4413 395
6061 2055 969
678 5035 372
89 545 348
5078 7787 881
1459 86 160
7628 1502 317
9114 7034 632
4398 4676 267
1422 4209 938
3350 7591 686
8128 6329 912
9590 7135 28
7222 6418 615
2124 4885 371
9892 2473 963
7888 9846 548
3437 541 991
9401 7952 229
2724 6034 824
549 6018 781
3366 3573 297
4568 9249 53
3977 590 6
9738 6984 14
8505 5469 793
2299 5553 448
7616 8865 964
2470 3303 445
6485 2842 949
2494 8198 227
9747 177 115
1053 9388 187
6736 6024 32
4117 2940 667
319 1069 982
7529 4678 315
5698 2284 637
2140 7739 379
5132 5225 144
9546 8310 973
6113 6798 952
718 2205 382
5309 8795 443
1788 997 597
4090 904 233
2097 5745 541
5213 2574 687
4960 751 46
1242 2385 284
3731 2904 692
1233 5728 227
5250 7654 49
3787 6456 915
3235 5847 350
5691 2305 611
7503 8826 88
1359 1507 808
6982 7003 213
5566 9710 298
8085 8838 798
8032 8676 190
8997 6132 307
6422 3057 932
4639 9408 183
4845 2551 150
1365 5229 93
830 4165 476
5817 6050 746
1095 761 132
7623 5940 304
2906 6611 197
8893 5003 242
3646 7705 444
2394 1109 572
6445 7368 845
6266 1340 681
1853 5702 993
1010 170 178
8105 8130 415
9109 4019 608
4275 478 902
6435 7373 823
4951 6564 528
1781 9648 191
2310 3760 899
737 703 833
846 4884 768
6033 3285 65
5373 3690 968
6396 9109 620
931 5356 170
7095 9061 570
3763 6323 260
1180 1595 908
1173 9131 911
5066 3817 843
7113 9716 397
3871 5380 417
3952 321 546
4716 4552 582
8909 4617 343
1972 4138 268
6902 1009 415
4296 6415 736
6841 6066 567
7033 5432 95
4918 1625 38
8528 63 752
8891 904 640
4016 4691 960
6783 1306 419
5952 533 194
8921 7224 28
9755 4250 616
7786 3457 223
6541 5099 416
6863 9523 591
6682 3398 521
5093 1417 205
4666 6973 769
5423 2843 868
1081 4823 899
5373 6949 415
1910 6136 589
4592 4237 207
1464 523 960
7711 7726 990
7097 4194 311
2121 7644 596
3126 1252 774
9746 3604 605
8639 7864 348
795 7368 327
286 188 474
2541 5775 412
8560 8570 984
6603 2663 940
6278 9916 15
336 841 82
5286 539 353
3640 6452 445
2564 3867 705
72 2284 719
6019 1759 142
4626 6272 560
4966 2031 360
9216 5808 344
5128 5086 83
8612 8436 783
3251 152 792
8403 1988 24
2296 8931 286
2736 584 984
3702 5223 213
8576 8097 269
136 4961 636
3698 4182 381
834 5367 718
2062 3098 466
1412 2495 148
8567 9409 125
3500 1887 185
4802 8544 920
7295 7890 421
2309 6429 13
9376 1061 864
2793 2513 718
5414 6228 316
2281 6756 473
1407 678 966
3687 8744 658
7321 1994 681
2530 3719 92
1360 6548 432
2382 8275 289
1512 7251 82
2186 7617 552
6075 6652 797
7729 6517 650
9001 3396 426
9200 2815 832
7809 666 460
3371 6998 196
1323 9736 742
7930 1635 527
9417 3037 704
5674 1210 150
4426 5055 395
9517 2038 208
625 8434 616
1807 3321 411
1288 1617 598
0 977 399
6708 683 957
6868 536 265
5959 7401 1000
6155 4110 741
5079 1943 944
6329 8778 814
5808 37 27
6126 4540 710
8615 7236 911
6731 9537 390
584 9946 838
364 1164 935
3606 511 971
99 3740 322
2391 1210 788
814 8925 560
6584 3736 771
3211 6285 481
7394 3244 458
195 6586 296
9376 3710 356
4645 6447 405
1932 1079 795
2083 1328 366
3203 6224 609
3507 7491 399
4694 7550 564
6178 1295 795
6619 9395 909
4434 2091 499
993 9234 373
2889 1319 993
4597 6723 500
182 3048 605
7357 1444 855
5736 7547 475
8564 5388 710
3630 6287 849
8535 6373 99
4977 2960 509
4005 3424 257
4690 4019 68
6881 8537 917
3648 2068 967
2603 955 65
5102 5255 367
4082 513 926
9845 8547 586
6772 2550 597
3882 9192 888
3624 3806 353
4968 6309 219
3143 1821 169
5339 6647 746
7704 132 893
3813 964 17
4486 10 303
3695 11 749
1969 8834 911
9691 1437 652
4257 2812 840
210 3657 916
9326 7180 517
6526 9209 327
8783 591 713
5927 9794 732
4297 1647 513
3074 1673 353
6862 6856 205
1447 5107 473
5761 7631 335
8302 3984 922
5650 3502 303
2206 7412 90
7034 6573 94
2805 9427 94
6544 3440 787
1370 1395 662
7172 6053 84
2570 3510 498
9068 8793 666
2510 5249 225
3806 6764 64
3076 5385 36
6100 21 48
1888 298 550
5308 7482 785
8175 7957 60
1423 4764 150
5073 3843 497
5660 7166 730
7100 5258 290
7466 2533 28
6936 3015 390
1559 3387 558
1844 8699 3
1588 5457 188
8644 2971 240
7888 8859 201
1978 7334 599
8709 7335 656
4978 2229 132
7259 9159 194
3117 4533 473
2477 6902 424
6206 9797 256
8399 1648 634
5671 9869 100
4671 6580 218
9934 3912 952
5549 3398 501
284 4834 282
9624 4537 48
7799 8138 297
4173 1491 841
3281 6261 492
7335 9975 319
1758 3746 132
7940 470 78
6232 2765 431
4116 2936 255
1165 8139 523
8817 3224 700
7560 6582 8
5986 9846 942
372 1242 368
4476 7552 206
8729 2088 257
4979 3542 329
2116 975 751
815 7883 52
2425 5827 296
5721 468 462
8153 8240 612
4987 5948 326
4355 9875 530
7639 2042 344
8065 8679 884
7968 6348 509
1516 3306 73
9721 8219 419
4881 117 510
3839 2915 659
4059 1876 458
8866 911 307
8847 6019 100
7488 5646 19
4897 3667 337
6013 2368 348
5488 3989 677
5001 7827 47
4381 1481 606
8547 3654 999
4339 1344 976
3894 3584 37
2605 6816 384
7361 8926 609
1168 9030 250
2396 7711 960
4181 2317 605
4503 198 389
7110 6910 418
4886 5965 576
2052 5428 703
4569 6811 839
7670 1488 371
9659 390 268
6303 6780 948
7689 6866 664
5661 8140 805
4912 1522 825
915 854 707
4638 2209 685
5350 5979 466
8358 4153 276
1756 6727 156
6055 7492 104
217 7309 428
7332 4566 308
4117 5181 969
9810 1843 733
8831 7047 139
6484 9384 392
6323 6597 25
6636 5755 958
1894 8783 851
25 2686 627
9244 5617 20
2495 3035 495
5956 7190 878
8481 8441 680
656 7137 437
2009 8130 563
5693 514 560
381 3510 839
9113 8023 465
7023 7684 500
5114 8668 286
648 2608 952
9037 9805 548
4225 7020 125
4772 8716 259
2708 8652 17
8354 9403 889
781 2240 801
8728 9373 333
6586 2840 507
1490 5717 315
6989 2636 701
8593 1559 29
8507 682 657
3970 4958 185
8187 1716 99
8946 7019 565
2292 5494 810
5642 1857 23
500 3293 559
7716 6639 291
5450 5037 590
8499 4540 540
6633 9075 364
6587 9407 817
7977 8307 177
5721 9055 867
889 252 208
9811 6544 520
6618 630 737
9629 2570 390
7781 3278 93
4073 4178 407
6941 8887 191
4467 3918 60
2196 5591 535
4297 6591 247
4239 8601 784
3237 2720 274
4520 4758 51
4474 7146 361
1279 3807 654
5361 6288 212
9351 6621 201
5561 86 534
5442 3164 882
3501 7665 37
261 3989 401
5795 8875 555
7357 107 517
8125 1868 930
4624 9847 86
7571 227 133
4775 7517 91
2762 3202 456
3458 2241 273
1667 3430 650
7268 1104 619
8709 2119 385
6091 3907 85
7046 587 370
9950 5100 410
1022 6877 415
8720 6272 191
1578 9639 397
1952 3846 172
2129 6849 302
67 6282 61
2382 9549 968
2422 7735 538
2980 17 39
2020 528 256
6298 1192 345
4919 7089 330
2237 7616 254
3648 6289 686
9151 8241 456
149 5807 587
8411 3769 346
5525 5803 114
4281 4555 582
9824 2381 659
2520 2663 997
3841 6008 88
9897 2412 625
3542 5261 547
6095 2279 906
190 1479 752
7597 3855 567
3654 3495 73
2791 1163 562
1565 2415 373
9498 8383 45
9684 4581 186
3685 2631 330
4040 4844 313
3671 5634 454
9681 9216 570
5726 4582 366
444 9369 663
5125 8618 216
5533 6701 962
9814 9992 735
719 8414 557
5532 5054 886
7113 829 737
267 1382 789
1857 7715 408
9829 6216 766
1359 988 663
1931 95 435
2566 2126 508
4938 858 828
8840 6670 95
5283 3992 610
968 4802 93
9491 5041 652
5698 4018 780
3050 7862 952
4287 5274 219
4862 1414 876
3720 7401 107
160 3654 394
4574 2086 752
8206 5165 589
2690 9149 793
573 2375 726
8913 8305 535
3861 8344 817
8969 7045 306
4282 3101 792
3494 3163 506
246 4112 25
9044 8185 38
2182 7218 21
3687 7430 229
3486 2326 486
9583 8468 350
340 4644 988
5964 4832 627
604 4583 428
6017 9783 211
1090 4063 927
3336 2941 54
7353 5197 877
4500 2921 332
6748 3272 164
6242 7720 939
4131 2012 617
6340 3746 351
4388 9887 87
9410 6720 336
3278 5248 589
5228 2045 125
9715 2535 496
3542 5915 243
3480 6491 865
6078 5409 911
3257 9656 568
5808 7311 664
1241 6080 467
7679 1713 114
122 1755 741
7697 574 996
4175 9988 205
2316 9394 907
348 1651 187
1213 4872 784
7231 3209 328
8215 6115 560
7758 8793 746
9360 5200 201
9424 2250 253
1057 5875 629
177 3599 616
1875 7295 822
3071 2293 119
4533 6359 338
6412 9627 493
7933 7548 665
2757 661 195
6803 8855 321
4417 4675 192
3576 471 808
348 7087 424
2862 4272 182
6694 5024 622
6088 8479 906
8611 4140 503
6624 2901 702
6071 2947 451
1072 808 314
9367 9878 444
4359 1186 350
9354 2190 159
7041 65 332
6062 1214 327
1875 407 644
3593 553 736
4495 6133 77
7180 388 587
8901 3041 999
3633 8296 23
6585 1925 495
3825 2417 20
3728 6827 520
3690 9472 62
674 2522 560
3909 3193 647
3522 8700 575
5737 5856 511
8382 50 684
7164 5415 755
8053 7222 770
7108 3791 150
8014 2846 783
4856 6485 576
972 5088 254
2415 8771 853
3292 6894 65
8375 5846 573
3364 1229 402
7150 9642 577
9722 5410 291
3159 784 706
981 257 235
6918 3064 41
3839 6398 726
927 5789 152
1542 6367 904
49 4282 351
8992 9829 661
3998 2174 754
8340 5314 117
2052 7230 228
6313 3720 331
514 9997 856
2940 1810 560
2889 6364 486
8141 4563 222
2118 2310 985
710 701 439
2202 469 133
1557 2438 353
8394 733 374
6848 925 956
869 2442 729
7860 6159 360
7451 1114 363
9607 9380 427
9119 1238 513
4437 9322 264
5250 4908 533
1521 3869 269
9583 6798 511
4051 5315 950
8913 2916 707
2989 8196 908
8240 6708 418
6860 5585 532
7695 2119 176
1950 3008 856
7998 2649 17
4057 7121 843
2099 8210 204
6294 5987 367
4274 4589 803
8355 4292 3
5862 7203 319
4722 5116 989
249 278 616
8419 6232 43
7292 1450 840
7159 8897 708
3641 9563 560
8640 2302 104
7439 6164 456
3122 426 792
376 9728 140
9491 9881 896
8655 6256 386
6003 8694 22
6848 113 915
3356 500 109
7520 5919 639
4280 9845 271
6532 1128 215
4261 2997 691
1376 1547 403
2503 7439 453
6618 2285 296
1681 3568 745
1195 4288 368
2688 3791 884
6281 6466 512
72 5304 742
3065 3156 493
2625 5697 883
2051 9968 688
691 6084 155
8357 7410 234
5407 3946 538
6033 3067 430
7246 3006 346
5921 5498 710
5021 3799 621
15 5433 606
5938 8350 965
4115 5270 766
1501 3017 190
8961 9321 977
7837 5425 604
1084 2454 485
7019 4935 670
593 3645 960
5074 4640 315
3264 6482 499
7837 9274 500
5579 3018 147
2236 5331 53
6540 6447 757
5996 4432 813
127 6931 402
5679 5402 536
2852 3619 487
9063 9210 945
6772 8755 473
4086 5995 213
5127 8401 219
3829 9317 869
1324 8159 994
8644 8670 554
7822 9215 349
5076 5443 996
8333 7283 753
8964 8410 686
9555 8983 830
5188 8337 624
9535 1128 462
7527 3871 585
8221 1227 865
7852 7914 355
6295 5032 47
8784 5493 489
9474 8467 426
5262 9134 599
8713 4150 109
431 33 113
8498 9980 286
3174 1658 333
8518 798 689
2604 4284 340
5675 5916 722
7539 1533 571
4228 759 713
9985 5806 157
9931 2863 570
6508 4474 250
6974 1988 970
6025 2475 516
5151 4955 367
5942 4393 794
5085 8248 510
9107 8743 997
5306 5711 835
3516 6659 279
982 2840 189
3864 6036 709
2547 2711 138
2851 5703 560
9454 4267 856
8136 2311 887
6447 7291 312
7077 8709 392
8806 3788 300
4449 9619 477
772 4851 740
3477 7482 504
7598 9835 600
141 6216 977
4605 3506 465
7987 1953 765
5027 9945 125
4343 2059 120
315 2079 902
3192 4887 519
4375 3033 798
7261 4250 905
1469 4703 120
5743 1570 826
7341 6271 425
5954 5954 882
1231 6825 10
9990 5415 424
6430 1189 213
8585 8873 331
8819 2087 91
1551 898 631
9260 443 228
579 4081 953
6829 6809 727
3634 3808 266
6120 8086 218
6404 562 313
2328 9404 157
8468 6194 494
1731 3308 939
8485 4485 903
6840 9808 933
5846 6943 457
8237 6539 625
1116 12 124
4477 1384 88
8210 7915 915
5922 1458 511
1827 5529 533
4043 28 49
9636 362 782
8249 65 517
7274 287 268
1014 5632 696
9666 5328 45
2563 4487 778
3737 9119 391
4476 5615 16
7915 3767 568
2267 7335 479
1358 1125 397
3079 4600 921
992 3926 565
6855 6830 573
741 4044 548
2535 1773 707
3940 2518 948
6988 2872 981
925 2609 500
518 4838 32
7575 2766 279
5164 5655 831
5586 2253 312
8682 7670 942
8932 4506 953
2201 5952 670
6205 63 314
7091 1714 867
9726 5112 1000
4216 3324 231
6475 2424 345
9605 8379 895
2456 5566 629
9866 4435 133
8261 1492 643
6436 4022 177
3926 8900 847
1563 9085 539
119 1515 955
3877 6285 497
7102 3987 640
9156 2217 500
5719 7206 57
2944 7348 230
9677 5620 669
3821 2077 62
7899 5048 349
5600 2969 264
2995 7463 86
9013 1927 570
3673 2033 688
5549 5848 273
2934 9052 202
1304 434 539
6372 563 165
7316 7207 616
6135 7284 638
5050 5007 805
4034 4270 936
2093 8166 725
7531 6823 815
7058 1643 289
5119 6718 35
909 1366 430
1811 1884 701
2162 5451 185
5340 6979 224
4104 3759 428
7452 6228 560
6961 5227 854
7703 9807 517
2786 8985 697
5300 17 773
510 5273 219
7031 5116 932
2906 6004 805
8737 9503 191
3228 3000 593
2469 1244 59
8614 16 940
8236 5374 982
1707 2469 909
7849 4925 584
8192 3933 442
2565 5813 48
4717 9088 120
7043 535 757
5102 3754 949
5770 8379 521
9299 3605 427
8876 9277 546
9176 5230 352
6010 6643 168
8748 3743 636
9645 7534 400
8538 2969 27
1026 9365 38
3958 2193 846
4617 761 523
1965 3236 395
9514 1830 486
3658 9764 656
7236 5500 64
6849 8268 586
6754 598 134
5042 7573 440
750 6002 102
7224 1820 834
9180 9534 245
8625 4997 402
8098 4359 717
7486 5807 285
7147 7539 529
2080 649 760
8795 2691 533
8952 3006 945
8496 5703 766
6336 8415 620
6262 8500 378
4996 202 950
2628 6182 932
795 1319 713
5546 3337 282
6437 4750 927
3326 7584 282
3650 6402 150
8136 3123 75
2801 8704 785
893 344 415
1036 3329 925
5845 9079 841
8088 7674 868
300 734 864
1874 3001 9
9255 6361 806
9560 2404 643
7088 9960 899
4275 341 443
7054 1787 979
7723 3997 723
6592 7530 316
5162 3473 923
7045 665 296
8011 9360 537
6642 4335 608
9128 6781 419
8158 89 498
3106 8264 599
6870 3728 310
2668 1957 323
2278 8756 784
9889 7401 224
2143 1135 588
2384 2830 4
9223 3669 952
3149 2614 529
5680 6826 551
1716 2480 331
4451 2967 791
7789 322 956
6507 3098 113
6297 9615 680
4480 1969 741
4010 417 316
5090 4120 54
8372 6004 130
925 1463 418
5305 1946 131
1340 1805 513
8232 7224 28
2961 4022 143
7110 9626 680
1109 3883 904
6353 5137 570
8729 1768 566
5904 6274 25
7466 3792 53
4935 8153 348
9470 6344 86
1465 8149 135
7013 4927 446
4402 2153 11
8977 2967 853
2918 3681 265
6222 5964 220
378 2392 179
5432 4883 605
6347 9607 531
3483 5174 493
9246 2521 507
9121 404 946
4619 1714 820
117 9300 449
4182 1459 702
410 2662 840
2717 7938 120
2052 3762 922
7939 8898 951
6493 8360 213
5920 8588 496
5169 8212 81
1330 7462 61
1111 1708 408
5534 1922 444
8960 7321 819
9925 2653 53
8436 7214 274
6358 6751 722
2718 3869 139
9837 5392 999
8417 7712 258
5624 3249 59
1119 641 555
7730 2288 137
3173 2672 328
3854 557 629
5602 2696 289
6899 5346 965
9151 1243 315
8599 1149 707
6093 6290 102
9811 6270 580
7600 7039 805
7786 6743 623
9981 6088 345
9126 1576 400
2807 9624 722
3098 105 285
8678 808 708
2770 9666 764
7114 4902 636
7999 5287 662
8460 5912 6
5820 4000 833
1550 6502 777
437 3445 544
4386 580 872
2854 8655 566
2496 9121 371
1480 6506 974
7339 5060 963
9973 2477 521
6768 6023 940
8277 4329 781
1727 4116 470
192 8706 444
6763 3184 823
6706 5085 687
9696 5019 559
5467 8375 430
8649 4157 114
5173 1118 680
4805 8265 285
8121 8807 95
89 9690 149
9680 3411 813
4172 3926 160
3481 8354 521
2045 5235 560
5960 3792 269
522 3907 747
9853 2481 858
2106 8122 36
7996 3231 783
3467 2007 629
8937 7608 433
8162 3409 147
6839 9634 608
3204 6347 724
875 1682 976
3436 9242 495
8046 4524 18
3757 4968 172
2472 3214 180
9022 420 764
7702 8864 586
2046 9347 382
5725 7952 620
7757 3880 944
6733 6335 367
4794 8152 764
2543 9564 682
8803 7370 54
5456 2527 344
4990 9183 875
2695 7358 551
1931 3618 294
3084 2999 742
7013 7641 237
6175 4119 755
361 1023 632
7577 7798 298
546 8748 14
9828 45 405
5030 9900 293
1455 6907 292
6350 3148 227
3649 602 503
7105 3549 54
565 1432 199
393 5907 179
2740 2242 282
4518 7337 137
4833 1703 651
508 3272 793
53 9579 546
5554 2493 744
9458 7216 553
9655 3610 750
1739 7596 776
9393 1778 437
168 7980 832
4856 6232 199
2931 901 525
671 5358 497
4915 6214 842
7150 5107 354
6051 1584 160
4116 233 857
8472 5742 815
96 3530 427
2279 5266 315
1833 938 895
7158 5268 962
2474 689 178
386 7526 646
4760 7258 122
8665 7485 76
6711 3916 587
7991 6475 684
4850 9010 427
8684 2533 934
7746 6522 238
5298 134 894
5703 4563 987
7966 6255 242
7419 8218 538
1539 1705 529
722 4122 293
3870 6714 672
1534 9017 930
6573 6070 665
3559 2997 233
9680 4370 924
6617 4858 852
9801 657 752
5176 9889 620
9914 9292 807
9929 7057 845
9143 420 71
3581 1742 432
6780 3180 306
3754 5485 163
9346 3366 26
2191 9186 125
7178 5890 978
8392 758 748
5201 8452 156
9416 513 200
4795 6070 85
5715 3405 757
9022 6880 661
1912 3120 851
3988 5615 613
4112 1859 694
770 1133 264
8666 882 39
7315 8854 843
3212 9517 162
5814 2003 360
1720 5463 449
5303 567 73
2853 3004 504
1752 680 334
7131 230 793
9096 6280 64
4083 7142 822
6835 4604 582
931 8127 709
1363 8430 810
9158 1995 13
3464 2358 557
2606 6645 156
6677 3694 890
6712 7997 53
8706 1095 816
3862 435 734
3908 3255 474
5812 9708 223
6376 6712 840
9162 2014 780
137 9629 376
2759 2142 160
3670 5961 350
7108 2540 993
3808 4548 327
2289 3570 381
5200 813 194
7056 6110 12
9961 1990 370
8909 5778 560
4230 2844 6
3846 3293 476
3942 5625 123
3003 4377 244
1244 9170 359
9271 7825 513
9756 4285 967
8779 2469 8
9580 2693 143
7138 9721 936
4891 5391 972
5890 1279 520
9395 884 916
7764 2900 39
8165 8890 355
1004 7524 798
3220 2710 170
2837 2223 798
6710 5310 337
8003 1952 366
8078 3022 40
8521 4707 608
5243 9986 718
7622 552 636
2770 6098 590
4843 2929 308
3761 7675 472
6758 8153 987
89 7469 475
7635 2738 291
9377 4283 292
9078 8880 924
5388 6991 177
3327 7340 766
1056 435 309
4976 7725 224
4695 7744 803
9199 2288 602
3666 1307 546
517 4568 341
317 4156 518
9232 7163 626
5584 2912 790
8779 9426 843
298 9766 309
3534 6920 944
1508 7735 10
7702 7069 209
1678 8608 421
7770 6955 312
3813 7194 490
3471 714 77
85 189 68
8371 4253 453
9389 145 538
4973 7996 769
3053 1404 681
7568 7878 792
2696 2137 884
5101 5358 409
3723 2411 336
5638 337 33
7657 7757 154
445 983 860
4760 4353 622
6287 4715 990
9566 9511 886
7825 1472 715
1879 3585 129
8334 8086 530
3490 1674 25
2845 1403 709
7499 8526 630
8549 9349 30
6092 7429 161
1158 8094 599
4288 5016 890
7898 3529 708
9612 4512 237
6843 4378 77
6294 1861 307
8290 2214 883
4865 8782 902
4346 8759 481
5836 6894 401
732 6340 809
6726 4381 107
8704 9706 295
5482 6322 742
1133 2271 758
540 6852 68
9633 5192 367
5241 5191 187
8236 2217 546
4246 8731 654
3198 8653 838
5255 2888 29
4528 5720 406
6802 2229 14
5057 5353 972
368 6712 571
2766 5274 669
6484 6499 453
5988 1171 783
7230 5632 891
4227 9106 79
3905 5789 265
7111 9389 221
6019 9957 652
7710 4299 97
3109 438 308
1983 2282 791
775 4499 886
7766 4285 89
8753 5162 198
6324 8103 234
982 1379 894
8300 7153 377
2469 9822 828
1193 547 234
4884 5173 679
6930 2335 505
7466 4340 597
1388 4663 562
3292 3794 892
9069 1025 330
8754 4835 989
5521 8487 526
2581 4036 462
5741 8629 397
3835 5995 99
736 6152 311
4320 3441 968
6146 6234 95
5714 9320 966
8735 4184 111
5119 3459 466
4683 5034 391
8739 9102 254
8628 5698 104
9504 5252 371
9470 2575 849
3157 1080 859
8466 7849 149
8693 4959 695
3777 4784 218
555 6396 772
3547 5029 793
5552 2409 882
4551 5786 306
9648 5236 323
2677 966 663
5943 5790 410
9683 7077 822
8084 3554 159
7813 6507 188
3477 1322 343
6132 7986 472
8027 8991 812
2368 6550 221
606 9778 91
564 5152 519
5848 9534 345
899 8458 27
3322 7648 912
9859 3615 120
1066 4888 507
1945 8595 190
9161 4235 344
6397 7357 594
9468 5134 224
3873 4371 988
9696 6324 728
8224 8535 691
1678 4226 163
4499 1030 595
5494 8349 503
6711 4321 600
2814 6787 319
937 7242 289
2070 1038 194
5526 8131 767
5279 5604 100
2143 3839 332
8471 5953 657
4421 3859 61
633 3660 762
698 4136 502
238 7026 604
8605 8894 667
3972 2647 44
3335 5516 67
7740 7524 680
3982 2213 559
2033 4962 646
1679 5628 979
6640 4169 825
4620 3693 947
8517 6185 130
5063 1213 620
2956 334 522
5589 7531 470
5043 711 501
9021 5917 378
2593 584 203
8443 3597 521
2480 6366 839
1983 9996 926
8948 5543 455
8177 6576 253
6944 704 568
4978 6268 204
6705 1939 220
5137 3112 181
7965 2938 171
8156 9221 745
8276 1613 752
957 8613 464
4722 2998 496
7528 2684 344
8920 8421 81
1564 665 294
8135 8739 735
5970 5898 320
4750 4243 745
2880 8745 950
6691 6191 267
155 1262 386
5966 5688 441
7284 8689 622
894 797 535
6571 6550 130
8858 1277 559
8132 9028 626
6195 6825 831
686 2816 761
5240 4335 910
9117 1426 710
6165 3749 226
4768 8314 12
3905 3864 5
2777 1117 892
4416 8366 455
271 3971 944
36 5613 953
3109 5743 398
6813 1583 265
7592 3717 179
580 6893 462
7712 1298 747
865 5686 977
4957 1455 824
197 5117 394
4100 4302 196
7027 7826 70
7277 8874 332
408 7746 248
608 6857 599
163 7601 704
660 8454 846
4161 884 764
4224 5764 21
3957 9130 270
9407 1529 49
2987 2097 340
1612 9065 889
3420 2711 359
462 7455 82
9400 8448 713
7705 1398 594
5555 498 111
1865 339 740
6756 5389 773
9157 7873 918
8483 7839 415
6463 9646 7
1734 4853 453
387 9059 30
2033 8898 647
7471 5255 188
1536 2544 856
3281 8985 575
2260 6829 212
9315 7100 472
8061 1994 76
4851 9583 943
819 1640 136
985 3023 230
2792 3321 200
3579 6439 249
9705 5187 739
3881 8170 392
2124 3137 691
3864 2986 565
6495 2795 92
2083 4453 228
1487 2563 72
8258 8947 376
2999 5221 397
3787 3250 946
3614 4779 207
552 5795 715
7517 8273 233
9761 3671 246
8619 8382 764
7532 6904 426
8469 2986 910
3442 179 218
5774 6655 77
7347 4953 602
1983 7879 891
4220 6507 949
5819 6132 550
5735 1389 272
1005 4086 839
1434 6028 596
3882 5653 216
4858 3553 322
3609 9145 956
2301 3936 666
5071 3925 429
9145 9359 523
1976 1872 743
8564 8181 81
1241 1242 861
2773 6855 639
8989 5155 973
6841 736 237
9441 853 559
5441 8784 276
8556 5788 186
6563 7524 322
2251 4580 636
4865 4601 771
7528 4850 670
4920 3459 792
3491 797 224
9996 4574 5
6436 7559 785
2020 4770 88
7881 273 899
6659 6713 28
5855 4683 247
1818 4910 761
9866 3694 431
2169 3644 173
5710 2338 504
2883 329 570
8656 6982 53
3583 713 416
8911 6300 441
8776 5308 238
5696 4126 127
8384 328 103
6318 9200 757
3117 2696 398
7387 7954 909
1868 3209 110
6976 9960 440
2778 8871 356
8818 6037 942
2823 2525 425
6046 8708 531
8730 499 33
3820 6614 85
8071 9314 805
494 4307 167
4048 263 215
3186 3155 646
8598 6394 877
5584 7399 833
5130 7587 322
3149 7027 621
1775 4360 732
2763 2395 594
6682 4378 838
2720 3038 288
9580 208 752
3702 4506 122
3275 3489 504
8171 8619 294
8939 173 744
9671 4918 661
2918 7237 846
1916 4560 808
7434 7042 362
2220 8098 995
3995 7629 449
1572 5666 893
340 1127 653
9050 6366 458
6887 754 502
4722 8339 8
3497 6957 183
8938 1032 276
789 1261 694
3545 9906 399
4939 146 508
2104 570 986
8938 7079 990
5174 6589 707
2011 7565 979
4326 8893 823
9246 4055 590
3054 216 402
8252 7510 575
5605 5669 937
6537 1287 730
2897 5712 409
7651 2219 411
3790 6780 820
1242 4330 609
6982 9889 929
3990 2704 219
7128 4354 598
7037 3901 103
9023 8904 687
5959 166 797
6069 7992 503
8173 7364 97
359 7061 781
5748 4301 641
7529 7407 575
5220 2728 496
8906 2456 42
5242 4136 315
4543 5849 221
4518 3181 376
4590 1748 240
6185 6044 80
9489 4825 328
6528 5007 515
4648 1671 386
3712 2482 711
3068 3819 681
9265 1786 898
1261 5565 330
4663 278 555
7270 5896 912
8583 724 260
7821 3408 783
9970 1843 530
3768 1513 93
9106 2584 354
4484 1221 878
2949 8543 524
7648 3553 336
9218 8465 656
5735 5906 131
2258 3010 230
7835 5259 953
3614 3633 400
4621 4146 328
3623 8637 460
6970 1382 920
9196 6533 453
5943 861 131
4970 2415 678
3007 5691 74
6242 8985 50
9905 5539 268
2106 8553 60
2374 3233 922
3304 2555 892
1033 3969 123
2654 2797 440
4384 4677 200
4462 7759 514
5141 6647 889
4266 3152 134
6187 9646 448
6448 3242 991
7899 5709 472
7255 2648 794
4333 4880 780
7422 6768 943
5460 1961 313
9976 1902 580
6446 9393 419
5028 171 186
9410 5440 629
6377 2725 827
1155 2270 46
8910 3075 39
7886 3342 243
8172 6160 172
9028 2196 76
8458 3296 433
3205 9490 931
3813 2799 258
399 7544 714
5708 4666 305
915 9059 30
9696 4773 728
8539 9984 840
9118 349 756
6417 176 205
7892 8798 926
7980 5543 709
2372 8701 672
1248 3431 289
2969 2728 85
3136 4685 675
4039 1222 620
5098 4186 647
4139 7402 403
8146 5033 374
9840 7469 819
544 4575 41
6529 924 296
5747 7710 802
5079 4224 95
5926 6545 422
5909 4886 612
2076 3531 225
4177 3456 553
6956 4564 748
6364 9376 630
3203 3169 544
3014 8915 448
4622 8506 230
1775 2110 140
3593 375 793
9563 721 714
4310 623 732
8619 9779 107
5904 4172 949
4383 7415 258
1825 9433 429
8454 6138 827
734 4002 650
7898 697 342
9788 600 883
9820 4610 873
3911 9601 969
8980 1279 394
4038 7502 648
1181 9072 695
8595 1436 258
3233 3456 985
5798 4648 14
7122 3433 752
5600 5041 65
8691 7863 652
6588 4576 308
7814 190 163
7280 5727 937
1800 2923 814
6131 1590 202
1713 4321 785
4981 8059 13
2495 2515 529
3449 5365 446
3470 618 630
9664 9537 541
9609 4056 636
880 8680 907
3843 5839 283
2457 3088 865
3830 9416 376
4498 765 369
4176 377 543
7591 5166 801
5635 7310 953
6875 4325 586
3097 4983 865
8807 5195 289
5047 2365 911
2863 2782 714
5651 366 468
2612 8674 231
6385 3846 402
7407 1974 224
1601 7211 671
795 5504 960
4923 8179 806
5051 4963 921
4506 3837 421
6630 5659 10
3024 3717 904
8506 5200 725
5209 3190 343
1348 6738 491
5893 9747 95
298 6745 689
7988 8756 248
6397 9173 944
4237 2871 724
8163 5307 713
8194 1247 917
898 2833 722
747 9134 24
776 6630 23
3952 2932 966
8011 2278 196
5534 3478 907
817 4936 819
2815 5719 814
1144 8189 374
6330 2397 203
6922 4846 996
585 3754 985
8582 5589 338
9544 8986 994
7983 7283 362
8924 7909 378
5309 8174 441
2297 7381 762
2876 6317 910
9741 650 338
2988 8443 782
7453 5790 714
9948 6029 533
2850 8885 389
5638 1707 246
7035 4277 462
1788 7487 120
9889 3747 380
4330 488 856
8808 6249 334
433 6976 106
93 4971 708
8080 2940 878
9448 9598 467
7553 7690 955
6135 6776 192
2935 8822 478
2204 5035 251
3937 7372 419
2907 26 907
8079 9154 632
7835 147 992
687 8400 971
6990 2585 674
6534 3788 840
8094 2843 582
8639 5317 984
9667 3070 598
891 7574 2
6677 9522 563
45 8496 30
4585 466 550
5517 6381 776
982 4259 905
2463 8827 667
8613 7928 694
1989 7287 604
1515 3250 744
9575 3871 209
5348 9777 915
815 1825 997
9932 4881 740
1949 1725 664
4604 6566 959
2596 4151 168
8752 77 989
5365 647 904
7815 6387 596
635 4349 735
1258 8779 880
3538 8762 46
1312 7134 967
1950 2918 779
7932 6184 978
4782 328 656
4112 1816 641
8103 44 567
8888 8808 849
4702 3011 228
4157 4948 660
4040 4430 986
6576 2764 738
3383 4166 46
2109 542 529
6428 6028 570
3625 8802 15
3693 1958 225
7697 9988 467
7675 1989 743
8883 6801 954
8292 6702 887
1065 1229 374
1773 2206 711
365 1360 950
8370 7889 243
9070 8867 146
6177 8785 192
7207 1519 902
4703 7729 555
4739 3180 28
6474 1810 653
5981 519 857
5891 9048 262
8325 9928 513
2199 4662 625
3376 5475 183
6751 9906 552
3480 2492 878
6873 2251 909
9703 1205 846
5605 4459 961
6196 1492 690
8969 3919 278
6247 7220 469
9702 9889 730
6698 2651 363
5542 1513 886
8851 2399 411
8252 5367 798
922 514 328
9089 1161 330
715 8398 973
8240 1361 144
5930 1046 572
5349 7114 164
756 8890 258
8320 9506 718
1782 97 453
34 8341 102
6382 8668 842
2410 3267 149
3982 5155 236
9756 7046 360
680 5000 152
6009 6756 635
754 5905 644
5494 76 368
6975 6235 583
5487 6544 247
33 9488 525
5199 5045 996
3243 4127 660
6327 8964 748
6885 2344 938
8192 2218 509
8757 2659 59
9844 8081 419
3414 1701 602
3377 7187 152
8162 1159 186
7065 21 447
5455 1845 732
8725 7297 340
7971 4595 910
6634 9148 541
6372 7975 436
9779 1135 602
5778 6112 719
1219 5636 704
7953 2846 206
7302 9873 783
345 1684 730
3153 2739 812
2571 8771 281
4954 6989 152
4471 8704 497
9801 5911 548
3448 5666 117
9358 406 268
8181 1399 785
4685 8468 517
8680 8964 400
8432 1981 88
5041 4254 693
442 9219 888
1850 3553 388
7290 8492 220
5109 8889 651
5332 1860 55
4113 1635 401
7549 7586 413
7493 1290 533
2430 5641 724
30 9342 717
8683 1109 365
6882 1437 603
4344 4200 792
9093 4019 140
6098 6700 566
7713 6307 24
893 9293 60
2702 8183 911
1499 6881 960
2568 1590 372
1547 7541 704
9677 7063 521
7702 5546 120
2421 1120 420
8226 3598 965
8285 9135 256
4078 8475 694
7437 4660 833
879 5557 410
1982 1092 124
9095 2386 879
7533 5073 161
6442 9448 266
261 722 986
2716 6563 365
9540 73 587
8010 641 313
3823 7551 716
6729 9698 340
2531 2902 970
476 324 176
2386 3199 210
2022 9191 595
1193 515 323
8852 6076 369
2142 4102 380
7285 8735 418
9621 1377 55
8845 3800 672
4628 8489 927
5092 6147 946
8133 9231 854
5869 1689 355
7631 9379 876
1054 6910 645
1978 1475 364
1341 3987 730
9804 4406 354
9416 5991 438
5462 3626 980
7546 5015 861
8428 654 70
4387 5755 873
3831 688 526
9760 8073 929
5027 7855 670
6400 6492 466
9883 3011 31
4976 9249 716
1784 1855 819
5781 496 906
8456 3884 60
7713 5342 514
9253 9752 588
7614 7777 211
556 7476 442
3316 3550 105
9865 9419 50
8856 3060 186
555 5043 612
1665 6872 506
1363 4667 526
9375 3120 169
7484 8048 482
7920 4545 750
3088 7402 477
2644 2978 904
9172 7644 403
3491 3028 770
8673 6230 286
1994 2259 943
2219 9163 184
8507 1240 695
7322 4257 257
2772 2744 814
8994 1383 489
6710 5066 310
4722 2201 218
8044 2068 121
2105 2544 946
2456 6534 303
4826 4073 664
4164 9783 866
192 2641 826
296 2171 719
4727 2138 964
239 9916 934
5985 6625 992
6982 3002 449
5988 9749 485
8199 102 257
5161 7438 78
7355 6199 90
9000 6959 245
7926 3029 690
8496 7758 214
1360 1850 141
6729 3037 939
7092 5321 589
7036 2910 27
4616 9589 406
4976 2352 243
4733 6539 768
6673 4908 591
9627 2994 808
7667 7351 520
4657 3747 972
183 4260 834
3617 8489 74
6104 2603 168
1476 4600 790
7293 6776 753
4534 9814 354
3423 4103 592
1028 9823 381
796 6313 536
1991 9794 260
3062 6735 385
9176 5188 263
7085 5142 491
6252 2732 479
2298 4198 410
6663 7154 292
2707 2368 999
4801 3109 279
0 7525 801
7572 6157 968
2907 1150 28
1065 5018 136
1608 7035 882
1029 1478 720
2847 1889 209
1808 4000 210
2644 9349 893
6020 4406 718
2041 9977 443
4763 3330 152
3150 6156 85
1475 5883 290
9057 1156 857
9217 6989 511
4992 4843 81
9455 6607 163
6358 3465 728
4947 8043 176
1402 2282 474
5892 7068 197
559 829 927
4955 9376 339
8201 9511 986
3695 4975 887
5762 4591 148
1829 4597 604
8199 9431 398
4778 7849 747
7808 8909 151
9537 9776 121
5391 9267 520
2407 4760 753
9722 7413 142
2691 9083 393
5531 2215 134
7743 1080 625
3186 2088 780
8583 9263 460
6018 9378 401
7775 5759 567
6083 1875 562
869 6653 359
1952 5099 35
3712 3420 856
94 3055 217
6229 3492 42
1284 390 399
8645 3300 547
5528 4254 722
738 2974 716
5662 5483 29
2236 7860 17
2632 768 816
3366 9883 859
6695 775 123
7349 1736 115
6288 4828 778
9601 8443 915
1012 8381 739
3063 3483 157
3337 6171 564
3852 1985 779
8183 5919 927
9134 1212 953
7496 4424 68
6561 3626 866
7969 9146 502
7451 4036 403
4763 6027 43
5807 7714 473
9681 2522 464
2774 9460 647
9403 994 502
8526 5803 601
7872 4882 289
8716 7916 307
9860 2916 313
6932 792 678
5571 4757 465
5626 8956 52
4691 5280 112
3973 7552 867
5884 15 513
2207 5518 741
4350 9078 112
3801 8392 677
6484 3467 900
6726 8567 169
4217 8264 443
8650 2113 319
6779 338 845
2465 2444 340
4709 9524 150
1489 3492 224
3770 2237 467
2844 6905 570
4001 7549 397
3660 9560 394
7369 5376 455
1822 7907 366
6826 1567 345
8385 2825 329
324 2357 742
259 5157 719
3138 3624 799
966 8674 445
1148 2501 39
9023 5673 14
39 6203 723
7484 2270 617
1848 9719 762
3993 5862 629
4244 2781 673
1313 7743 659
4743 1041 361
2553 8499 807
8762 3487 552
471 335 563
788 1750 733
1087 2606 510
1999 5538 241
698 7803 663
803 1484 882
2057 3540 249
6131 444 915
9030 6539 983
7048 4330 634
2010 2730 77
1937 5688 28
6795 5735 924
5411 9090 916
1965 1373 640
5718 3213 443
8970 3697 130
4626 1911 792
1080 3035 103
9008 8515 531
9462 9386 108
6979 7805 609
527 6475 728
5643 1193 485
8757 2903 381
1226 1041 438
4388 2381 793
7229 1859 314
5982 8516 225
6497 2293 42
7530 8764 565
863 7416 841
9059 5862 55
5408 1188 827
8769 5347 838
2454 6244 2
9033 882 235
4089 1210 774
144 7038 380
9747 3050 390
703 1450 825
212 5630 403
7086 1394 709
3673 9702 887
881 5883 753
1735 7588 927
1811 2067 701
7706 4430 948
9140 2346 3
2542 5269 307
3033 1808 15
7251 5195 530
2025 3038 648
7367 3864 73
2426 9172 33
5611 4555 74
628 9923 656
4042 4690 717
3365 6336 970
379 6041 857
4319 7581 339
7480 7945 286
8881 40 37
3529 8595 877
3653 2198 975
3109 1513 797
5215 6613 296
9452 2562 625
8404 8249 963
901 4346 218
2104 4619 669
4839 5346 980
5695 6143 892
9969 3042 406
8150 467 146
7533 3291 985
7241 8078 937
4779 2868 506
3856 1563 407
4863 6300 851
8264 4270 120
6234 287 71
7860 9704 852
1153 9919 284
7169 1404 435
8573 992 84
2810 3518 968
5168 2863 917
4192 1598 31
9604 6987 344
3237 9402 804
8858 4148 67
452 62 82
4267 2430 531
9955 7843 943
2059 8141 40
9617 8078 583
5301 91 769
5128 7758 686
8211 2410 624
9752 1403 966
8064 9292 976
7979 442 321
8213 5176 991
1608 9124 461
7401 4700 864
3707 8768 879
9475 6846 555
533 276 514
588 3680 423
3805 8685 503
5084 1583 280
3122 1330 93
329 497 191
175 7221 875
5387 4369 128
5751 1784 613
2176 5071 201
8786 3820 207
8533 8704 681
4344 4065 497
283 2147 779
6173 2102 301
9128 5490 990
5257 9689 86
8914 4651 120
5162 663 297
9959 5106 814
4896 5379 780
9463 4610 642
2883 1025 901
9889 5218 802
8792 1333 409
4781 8055 376
283 5336 998
1902 6692 674
2903 9429 35
4484 7286 503
5623 4891 917
2370 5945 704
7835 6732 618
2367 8877 438
6323 272 893
6239 7205 146
2135 1529 621
224 67 52
5600 9684 747
9087 5626 893
5217 9483 146
6200 3393 938
5468 1111 879
5935 3849 463
892 9870 398
6674 2521 41
8198 9698 40
5911 3383 971
7243 3154 749
7415 392 132
2560 5023 486
1254 9425 592
3596 7659 621
9128 465 77
5148 4826 658
2580 5579 417
8429 5652 603
848 6623 830
5550 7358 517
9747 3734 689
6338 4131 859
411 7774 857
1626 6566 84
1916 6410 21
2629 2770 39
492 4516 354
1423 7522 804
2787 6262 468
1177 9015 333
3089 6100 577
3134 4651 615
5820 7770 494
3159 4724 453
7715 2883 119
5820 9361 453
7514 67 811
7020 3234 411
588 4557 790
8724 45 156
2790 6667 258
153 25 648
382 7465 164
1906 5968 669
6243 7818 32
1537 4645 352
4699 7845 618
6422 3937 186
1990 9281 54
9802 373 211
7443 7990 829
3243 5879 939
9860 3545 880
6302 5050 87
1038 8350 403
908 7810 739
7930 8510 882
7364 2167 72
5846 1649 348
1211 8611 992
1426 7679 516
8883 6464 655
4016 4054 719
1100 6875 667
3644 8722 455
2096 5585 135
2424 7837 180
601 8547 226
151 6353 297
9611 9716 707
7573 7940 968
4518 1424 297
3147 716 693
9693 3900 377
2056 6396 26
6788 4625 873
7753 2956 492
9583 2025 708
9073 353 845
9696 9282 613
8804 1602 231
9186 4859 876
3820 2161 953
4230 3245 740
8768 4427 179
6858 8021 907
377 1988 349
9574 5827 160
1808 3298 567
1198 1503 927
9740 4222 107
5236 7711 395
7827 9076 948
3313 1274 805
5782 975 555
8448 1681 896
8855 6108 710
7250 7521 216
7139 1860 633
8101 5114 120
5322 6716 782
6775 9262 809
6435 4866 509
2722 5448 125
8447 9970 724
5944 3071 960
9058 258 863
3008 4650 322
2776 1596 206
7747 2323 327
9633 2933 109
588 4782 98
6022 1810 956
5583 838 808
3052 9541 406
2686 5573 611
9532 2234 135
4324 1393 185
5075 5321 228
5134 7362 906
5213 929 406
1001 6733 697
1504 1370 555
5545 1370 282
2557 1819 765
3738 9373 888
385 9980 363
5276 8664 337
2259 3044 119
4380 4476 246
4823 5751 102
1436 5251 818
9186 9986 146
8672 7204 266
5650 6448 780
1776 2191 600
6146 7351 325
1868 7600 39
1275 3015 580
2940 1835 819
6325 4695 762
1728 8930 970
4473 8542 331
4448 3432 125
9929 4179 303
6461 624 147
5780 9619 560
5048 4989 29
7722 3556 876
8904 5972 141
9374 7529 238
757 2889 107
9489 3991 382
1836 9339 516
3047 8041 697
8275 41 228
4907 8929 505
4200 3643 701
4740 6824 525
4712 2001 994
4306 2114 17
9702 2643 600
7049 212 335
5043 6141 434
11 7197 239
1179 7828 328
5545 8145 155
6153 6308 209
1250 3598 301
817 37 910
8445 3221 286
8220 9095 185
9122 4878 174
7716 883 787
7305 9157 795
6310 5354 736
3844 8696 412
9633 8988 536
2206 1715 16
8011 7878 557
6917 143 146
4600 4636 999
9867 6791 403
698 9343 713
4041 1084 10
2197 27 928
2429 930 630
7588 3195 590
6114 4773 448
1873 5045 294
5112 3542 813
5782 8894 477
5606 6842 663
6995 9641 550
187 3812 599
7309 1823 444
261 2217 429
7858 4074 192
128 7063 168
4714 967 502
6188 8139 931
1761 6247 355
1051 7322 414
4670 5114 430
1918 7647 162
619 9507 429
5317 4583 748
6304 294 57
644 6396 573
456 1085 602
2611 4481 682
3868 9249 659
9107 3613 585
9488 380 706
5153 8453 479
6219 8851 255
4503 7146 346
3399 8940 624
1192 4351 534
4829 9639 410
2621 9366 346
1828 9549 600
1749 5427 964
263 1156 357
5302 3695 303
9618 3894 847
8671 3072 376
8882 8400 560
2792 8948 563
3333 8731 126
2380 844 263
1998 8133 178
3032 634 693
2247 1178 200
4595 5285 27
6983 8118 783
3024 8737 998
967 9511 344
2598 4902 7
3890 4478 128
1619 6337 442
6117 8163 897
4858 6946 355
8521 5445 211
9262 7193 827
8609 4088 797
5527 7544 854
2714 35 379
1566 6835 323
2237 265 414
6099 2001 522
1082 8577 282
884 4403 515
33 8960 126
2246 9624 686
2066 1439 401
9709 9865 38
1060 1643 249
8566 6559 153
5255 7272 52
3755 9081 519
8619 1587 86
6275 5228 794
137 7105 713
8641 8178 34
9621 7371 273
7728 2675 184
7681 6635 224
3783 5682 441
8699 7081 492
3722 827 139
1466 2544 208
7997 2942 584
9152 3311 39
8377 8875 503
183 3088 160
1069 1273 949
8492 6900 966
6104 7907 288
5504 3851 723
9819 217 4
5605 6962 228
4904 503 673
3631 8979 686
318 3768 904
7643 7052 863
1995 601 507
2530 4150 303
2961 3617 862
3324 9639 444
9660 6922 730
6180 7914 305
274 3141 858
6509 5264 172
6678 9722 882
9723 3042 41
4314 1580 389
8181 1486 252
1656 9302 729
7415 7555 927
9801 6833 549
973 2491 974
3521 1285 562
6965 6342 58
1626 9150 132
6588 6521 74
2438 8590 397
6403 7443 721
2985 673 64
9282 6695 588
3510 5079 424
4633 7706 653
1627 7381 193
415 4698 522
7860 1199 26
3895 7151 309
1403 699 654
6512 2647 380
2157 7850 543
9257 990 899
397 7817 512
1213 6101 551
0 7425 139
7149 7919 293
4886 7805 315
2474 730 690
1920 1925 564
4634 615 316
3123 6209 470
3979 6180 718
7867 3366 731
1664 4752 898
7593 7088 366
2337 1156 270
7444 8829 876
4811 2371 981
513 2838 784
5802 187 182
1899 603 821
3077 9213 881
6825 1492 583
1 5458 788
1067 3627 922
3649 3844 930
6656 8930 959
1694 3149 368
2908 869 414
3787 5669 254
5646 8451 821
7700 6725 459
2743 2665 610
159 7952 208
1224 5424 481
4781 9015 262
7727 3738 659
8026 6905 331
8350 1732 314
6597 5170 441
2262 8583 947
4028 3487 31
7621 9622 671
5481 4024 582
9898 2408 310
5367 4356 332
3781 4593 992
9309 295 573
5502 3401 813
3154 1150 312
7077 2827 999
5018 1525 802
5441 6714 307
503 4565 497
60 7568 94
9995 8438 205
6501 8388 119
2153 7342 630
3171 880 454
894 3913 158
7647 3944 486
3571 3799 608
2869 9212 691
8189 7409 1
6288 2148 334
6659 8315 195
1486 8626 211
7926 9359 641
794 4553 598
1715 9204 427
9138 1410 589
5184 388 278
8449 5978 679
2112 254 695
4125 8859 522
7267 6929 915
2403 3152 276
7165 2632 190
9452 3327 490
1799 5264 578
5632 695 163
3470 5732 570
6458 9737 566
3929 8089 120
76 826 62
5390 2469 322
7462 7851 711
3895 5483 297
445 8354 114
8824 1608 207
463 1221 345
1037 7637 814
9431 7644 788
1761 5608 938
8883 8374 602
985 3800 606
7548 9227 312
9999 5642 914
9333 606 975
7865 2763 169
3562 4505 727
1414 8058 794
3507 8700 922
3373 7913 316
5945 5130 749
6011 2509 566
7035 5608 917
3172 7521 122
460 7802 249
1135 1612 454
7581 2312 637
7796 5791 135
2891 3987 730
769 9892 520
9594 2591 782
2342 1110 314
6534 9249 139
4682 8828 142
6065 568 785
9366 4965 896
4172 2550 770
42 1069 199
7250 8030 142
3718 9179 109
8833 2435 500
1866 545 826
4050 8751 104
6106 7792 112
2640 1987 323
9064 5306 550
8898 2352 554
1265 3500 934
4155 1394 523
9082 7534 143
8329 7047 186
7151 1652 527
8084 7260 150
239 9171 385
6901 3425 884
8611 1129 155
3306 9279 960
1560 1334 213
1449 8243 312
9955 3196 71
5561 7335 966
3908 2832 862
3547 4363 810
546 155 381
3858 9710 749
2388 2616 627
1456 1546 49
3924 6377 791
2139 683 32
7574 539 963
7339 7184 759
8555 9915 209
4854 4502 492
9950 6540 961
6819 7486 801
8281 8701 376
5532 9733 760
7158 4925 290
3410 7624 350
7483 541 432
8002 7561 753
8225 8331 743
6560 4958 194
2197 1049 450
7579 2277 586
1640 5865 771
5053 6214 780
3619 9761 347
1378 3460 11
4755 436 965
8953 1084 408
6120 605 193
495 779 5
1375 7838 595
2507 970 10
7346 8183 220
1613 9619 279
1715 7472 40
9753 1716 306
4326 9367 739
5667 8368 503
4831 6287 794
7350 274 531
584 8638 556
7260 7010 174
7374 6952 969
4773 6213 700
1393 7755 289
5481 1144 357
3726 8221 810
8293 2234 703
4814 8883 96
8233 8445 516
4524 4586 862
8484 2870 210
1115 8601 116
6978 5239 583
6486 5400 753
2979 7782 300
3945 3070 507
359 292 365
3102 1816 403
9550 3580 181
2421 2201 19
7803 5181 575
236 3484 785
8535 5145 332
3283 5182 488
588 3769 539
5984 2030 698
4772 6076 448
6207 1965 828
3789 4159 358
3982 637 649
8202 9068 363
7209 1972 465
2550 5210 238
6297 7256 344
5015 6029 794
7635 5246 881
7675 6929 976
957 1762 867
7991 1302 28
1610 5376 901
9957 6810 57
633 3973 676
701 5786 485
5468 5185 814
2467 711 3
4885 8622 910
5175 5372 362
9249 8572 869
7092 6344 843
2385 926 188
7076 1709 100
3674 4179 503
3038 3245 211
6671 4615 259
4529 4143 475
6961 5536 676
7002 2881 540
2010 2866 325
9606 2968 780
4619 8005 157
7977 7444 796
1611 345 920
8317 8637 460
1646 5989 38
1922 6735 148
1850 2006 724
7833 503 589
6910 4406 362
6309 6755 7
9929 3322 58
7111 9237 38
6889 8757 450
3504 3702 697
7650 8248 735
9862 6377 327
1293 3436 476
5669 938 549
3640 9245 851
9841 1631 842
2231 6358 187
425 5316 447
7951 3833 330
277 1561 886
8327 4126 74
5987 9202 948
7848 3793 768
6490 2421 320
8511 1411 649
1350 6286 90
7118 5214 61
8674 1394 396
4818 9390 38
4336 9727 232
1294 2184 150
2526 8376 475
8522 2542 118
199 2426 383
4374 690 574
421 4983 613
66 4275 81
4705 5322 423
6954 7355 631
5805 2817 764
9927 2787 652
8166 9585 601
848 1261 617
5920 3394 90
1833 2866 929
7592 6500 653
7949 8248 336
798 6568 304
8123 5297 630
7880 668 959
4842 25 944
5764 970 127
958 4724 300
596 9968 292
1254 8368 264
9324 4486 632
9493 3552 771
9583 9848 752
7325 488 262
8222 1493 738
7747 2461 631
1186 2825 809
6536 789 615
5255 8471 143
6429 8868 673
7326 3365 48
6105 7173 624
2289 8827 349
4865 3574 600
3666 5508 43
9333 900 660
1142 700 999
2113 7626 452
765 2723 905
2386 9043 719
6177 1508 610
6407 5037 757
1442 8419 57
867 6168 763
1034 3809 80
6717 7244 543
6836 3463 24
3316 9023 423
353 4120 709
537 3566 155
1505 3777 623
6893 6312 597
6288 2660 553
3733 2309 698
8320 9043 861
3738 1435 219
2280 635 576
4161 4066 605
5197 8725 598
2382 2647 254
21 8423 277
6830 6341 385
8008 944 245
4989 2438 187
9362 1784 281
8592 3494 826
8350 5765 318
4254 4480 169
3648 1200 768
2393 4831 983
2758 7503 712
811 8071 117
5442 3141 290
4780 8674 721
1394 7248 629
4007 801 618
3636 2971 460
82 6133 120
7893 501 394
3781 6265 632
7854 7704 112
8220 7595 652
2765 6852 785
205 4166 467
3421 8152 564
2474 2638 956
7061 6984 427
4845 6849 60
5829 235 941
9157 586 965
2220 2311 359
3629 1283 42
1922 8403 563
9996 477 24
8977 3919 814
421 4444 918
6082 349 808
5921 4560 779
6751 8370 632
7109 9894 224
1437 7687 888
8557 227 350
430 8923 947
9989 6600 849
2277 9055 836
7828 6051 793
4947 1596 469
496 7385 284
4387 4303 178
7450 896 98
4277 7732 547
6867 4803 214
7776 9128 515
4572 1075 948
9484 3318 575
3652 306 190
5238 3048 747
4861 8606 410
8907 9162 777
8287 8131 998
5311 4870 259
1691 573 464
9167 1257 905
874 5585 344
6465 3587 846
3045 5125 313
6439 8239 133
3982 2758 297
4205 8108 50
5899 3270 286
3403 6323 508
1207 7946 124
7912 3700 109
1955 9792 755
1508 7696 780
6328 4143 856
8031 5864 254
2382 6450 478
8677 4750 353
2131 5870 504
6685 6571 542
1943 2905 18
7010 2727 388
1106 6663 583
5681 580 542
1775 1993 9
6844 9032 332
1225 2655 115
1271 3977 850
3439 2358 119
2282 2804 630
7144 5211 379
7294 3392 795
1564 9510 594
9899 3794 78
770 135 620
3645 5275 788
8684 8057 384
4554 9302 242
9479 2588 8
9747 2264 305
3657 7415 744
5177 2079 52
7949 5811 748
7014 9236 696
3921 6863 867
7312 8208 628
112 8796 443
986 4638 328
169 959 542
1796 3150 492
1002 3021 307
7400 2952 606
4760 1991 424
7437 146 716
3004 8370 106
5437 3143 457
666 1294 746
2217 1291 781
2709 1641 738
1041 6047 982
7580 9548 19
1723 3312 137
6565 1974 712
9998 5675 606
4260 3121 354
7750 6137 922
1426 1351 285
1054 3054 16
255 8532 335
4734 7866 669
3991 7848 737
8077 2258 182
8258 4684 22
2207 3575 368
6759 49 674
3512 7273 971
9640 5640 99
1526 1308 580
8508 9336 129
8306 9990 953
1913 7861 474
7285 5470 322
7734 9614 381
5664 8801 572
9940 9567 414
1570 7477 780
2608 5079 770
1073 1301 376
4938 3542 255
366 961 602
1685 5113 416
1157 9764 509
4839 8891 155
471 5478 457
9653 5141 681
8245 4165 766
6236 2683 48
82 8263 150
7912 2741 430
5018 5587 715
9200 6952 436
6790 2160 162
1503 3220 756
607 8123 795
3004 7819 45
6225 243 413
2921 3268 39
7527 4496 36
3570 3968 913
8892 9328 859
1530 4016 681
6885 4651 388
3361 1337 547
3182 9774 272
8718 8716 916
5098 650 389
3391 8069 114
2455 6292 549
2002 319 614
7106 4360 615
380 8597 893
292 8559 342
6115 4403 562
3905 7630 572
3554 2171 120
362 4513 155
4286 5122 143
4180 7294 260
81 2606 320
4107 9641 115
2414 7385 216
660 1363 244
3274 8109 29
1615 2653 646
9295 760 97
3653 7524 310
6381 3156 322
8706 1258 710
4575 5273 742
6470 1332 504
4625 7215 482
1600 5336 479
8416 7120 64
925 9640 3
2553 8895 562
8282 5927 724
7017 4046 970
7877 8011 285
1886 3228 404
9243 311 372
6280 340 529
7359 2678 348
1222 9274 266
8714 83 310
6254 6270 429
8959 9135 842
5513 2230 799
8375 7781 685
369 6882 371
4906 4569 852
7639 9195 246
3132 2740 357
6007 2165 343
7284 206 195
7014 7427 824
6423 934 210
2371 5751 374
9619 87 266
3652 5917 115
4752 1155 892
1070 2 677
6175 9733 721
9572 9 63
8925 8624 684
2649 5022 392
4599 1910 99
5628 512 826
2806 872 783
426 8910 315
8366 9493 149
8232 3021 468
4461 1689 576
278 2079 485
9991 7599 359
3199 2828 869
5875 8153 118
6629 6700 663
5745 1693 263
2954 6366 103
7122 2987 940
5229 2460 911
3325 5420 607
8094 9940 76
1064 8627 505
8393 9048 628
7985 5681 574
9070 3655 56
7701 6370 515
6828 2175 306
40 4693 243
1079 521 86
5775 6860 654
9142 3564 43
8711 2980 858
2839 5608 461
3526 1710 95
3791 7393 236
3296 8899 663
509 5838 573
413 440 102
5986 1513 223
4757 7872 470
4906 5653 425
8123 6526 712
312 1447 536
8515 7336 59
2626 1574 695
4089 8027 240
2090 2738 762
1921 269 694
3899 960 247
2001 9436 599
9049 7641 587
2186 9751 824
7722 7665 475
2535 7198 721
7727 2930 458
947 177 791
6892 8874 233
6722 737 367
6709 6123 843
5259 9542 602
9864 8912 809
1810 4704 139
493 4602 39
9544 7895 56
917 4793 976
7199 6565 19
6600 3673 280
3216 374 524
1889 7937 199
2921 2640 446
318 7667 759
8506 8554 457
1537 7421 199
1199 2267 323
9845 7698 415
1960 4269 365
2012 121 558
568 7890 375
2364 5296 256
1665 6963 357
8405 3308 965
8633 8126 161
3114 9171 41
6017 6762 583
8346 3062 640
2586 6692 690
65 5486 657
8445 2581 278
2936 8532 828
7647 336 394
4717 4929 906
1437 1980 671
9821 1767 194
8449 5473 696
5750 3473 293
8490 4728 152
720 4966 729
9499 1558 851
9970 4011 682
5057 3754 873
6298 66 617
4639 9357 526
5213 6526 965
5866 7259 832
3116 4444 422
8320 3742 73
3472 7130 726
7602 9445 426
6147 9532 483
9725 3429 659
5253 2356 328
8028 1002 960
4414 2741 117
8657 9996 857
5641 2485 180
3191 6545 909
8796 9859 823
8174 9546 587
4608 9431 38
9733 8137 318
7458 2562 478
7495 8591 260
1542 31 651
8714 3450 685
8212 4793 266
6531 7158 96
590 9064 549
5107 42 538
3607 1563 429
210 3608 848
7193 9870 355
6405 2102 526
7713 5255 668
9997 3535 775
6350 6868 859
9536 4033 152
8497 9662 903
9422 3102 313
1233 4403 8
4127 435 385
8968 6166 400
8482 7760 580
2878 8126 240
8236 4028 20
8837 9269 5
1061 1464 326
5321 1292 527
7619 9748 208
2943 2076 586
6708 9464 788
83 9185 323
6899 7113 760
6509 322 559
5584 244 933
8513 5226 980
1986 8009 483
5038 7486 681
699 5775 60
6959 864 746
9667 5884 656
8622 5442 863
4687 5031 516
9479 8771 584
9120 4205 999
2395 1333 468
7092 4323 834
9741 635 210
5841 9168 183
9410 8384 703
6988 7391 979
2207 1078 934
1400 6295 343
5468 4978 935
3983 4733 425
5795 9819 140
3288 1873 823
6660 3507 982
6038 1481 399
1616 6856 317
9818 9770 622
4374 626 761
2572 5573 342
3734 5629 941
5786 6955 865
240 7044 312
4881 9633 827
9770 3355 731
3961 1010 47
9849 1128 574
3500 3319 600
6658 6718 531
6286 5287 59
2839 4855 908
6295 6016 331
3652 8945 961
8339 5578 703
7659 8253 709
4945 3187 640
1064 8696 711
8011 3187 348
9133 1226 373
8304 3567 692
113 5752 792
5384 234 286
9863 6872 295
2637 8758 103
6874 6852 290
7506 8600 664
4605 5160 287
9609 5794 969
7041 3557 637
6154 8736 110
7489 4459 373
9389 7077 814
9390 421 851
6936 3707 337
6358 727 256
2196 8458 651
1548 369 463
3332 8815 283
774 3180 213
1313 7188 191
6125 7119 331
1272 5052 927
6839 9092 410
1090 5836 67
2541 7400 307
9271 1493 20
4100 554 40
277 9635 930
3272 1504 779
2812 838 817
5714 275 863
7801 9973 327
6958 8734 94
9719 16 631
1137 695 492
6739 4046 665
6446 3555 627
2753 4456 934
5692 470 690
1418 9662 486
7581 2140 402
5969 2511 635
7613 9473 77
1306 5022 465
4287 5148 603
6272 721 120
8676 5476 733
8373 5051 49
4733 7317 65
5997 9298 265
1491 9606 741
7491 4344 83
2856 6178 467
4955 4899 546
2001 7187 55
3394 2521 915
658 2750 703
577 59 703
1439 9336 900
8463 4386 771
2270 141 782
860 4248 382
5812 6260 46
4120 2646 653
5058 4967 497
7032 2108 313
4555 6964 614
5292 8386 673
6186 2803 649
7243 8785 211
4699 7731 720
9491 2888 410
1043 6355 481
1851 9778 827
7442 1316 378
8302 6725 705
5710 1378 543
9162 8585 286
3544 4929 84
2536 3723 74
4911 4092 499
9571 1008 918
1412 6866 860
3675 8469 876
2015 436 208
2375 2361 143
385 6685 37
8994 6125 603
7802 8874 99
4298 7912 545
6263 6436 109
9054 2681 486
3256 7611 618
9883 2074 107
7256 8546 233
5667 3861 882
923 7770 141
8149 7373 76
7321 6943 851
233 5511 887
8982 3470 226
606 1113 317
9557 3447 125
8830 1262 722
6010 6077 844
1763 6213 38
7903 1332 352
2455 2505 140
8331 8171 165
8725 6347 688
1287 8781 567
8393 2817 715
8415 1530 991
353 4549 433
7023 8746 768
6621 5510 486
7690 7274 11
364 4007 624
4470 5579 258
8437 7805 183
8935 4356 99
7694 695 268
4597 6611 309
777 2514 68
7138 2467 893
7336 5286 98
8768 145 257
6793 1434 823
6422 435 270
3621 4113 86
3504 432 372
3544 2 782
4934 1949 117
2469 4972 734
7566 8746 600
1738 2057 124
6334 8049 530
5106 6774 100
6546 8331 741
5733 5522 614
9682 2639 229
3933 486 396
4540 7044 752
2198 714 953
4675 9589 542
2025 5154 6
4425 737 134
5158 3168 271
7657 2268 112
3371 1711 620
4924 9200 292
7090 8471 216
8005 5374 418
7256 1948 81
9162 7338 273
4471 2341 457
1412 6203 952
4136 5702 941
4563 4726 526
7888 4313 879
9575 7959 229
6443 7629 973
7904 4018 467
5643 9765 434
3582 1184 568
8459 8837 158
8294 953 167
1741 3842 157
3245 2863 735
8369 5030 567
9306 3529 589
1515 5375 125
1209 8954 261
7698 2772 963
1044 5948 238
3020 7364 179
1503 4312 569
408 6804 747
4647 247 911
8011 4536 153
1392 6681 428
140 5311 956
4131 7144 575
661 326 700
6502 7511 352
3545 1426 251
6546 457 757
7336 5450 267
4615 2312 726
6551 4487 479
9816 335 864
684 9580 824
5005 7681 108
2590 4004 743
4149 3441 450
8940 6964 71
5201 8683 126
4541 5496 270
1164 3838 399
5347 8062 891
3188 3331 99
700 5244 982
3884 7986 375
4522 8271 490
3066 6309 519
8075 7821 631
8442 21 518
7468 1868 616
3890 331 657
4821 5642 812
8521 9275 800
9563 1531 314
2278 5105 221
6234 7377 589
9185 3334 782
5046 5329 244
4277 2476 588
7082 53 133
5489 3320 871
803 8283 128
809 1436 893
8793 4196 865
8877 7862 954
6806 1597 906
3919 5023 743
2739 8191 923
8660 1428 480
6033 8089 999
1320 8645 150
4419 954 165
1748 7939 421
4561 7057 547
8987 3800 440
3107 5955 805
8327 5435 838
6085 9651 612
2397 823 709
7625 1061 354
5933 8693 90
6251 30 547
5098 8156 894
4122 9869 858
8301 9423 713
2004 8111 741
3278 4599 220
4223 9637 109
44 3952 837
6326 3527 341
2115 3243 616
3803 8001 282
610 6984 700
6811 7507 871
6883 2662 803
6435 609 607
8295 8586 393
7058 2758 938
9627 4881 227
9627 5409 47
7893 1333 124
6752 8092 366
8277 5769 751
5454 1150 376
6775 5808 584
5465 9493 702
9508 9027 921
7489 9757 608
3964 1301 235
5311 22 654
5334 3290 959
7712 9473 800
179 7962 279
1010 4556 123
9931 9161 607
9033 273 992
360 1870 288
7000 6838 382
479 6752 163
8892 7141 777
6463 1529 983
6933 7884 14
1987 7748 165
6683 4042 16
6515 9185 562
6130 8321 611
8184 404 926
6092 9389 242
3391 4466 915
4476 2668 531
8551 3777 847
3937 4675 206
9492 1051 381
1641 49 264
3873 747 314
3350 8964 788
2135 8383 793
4369 5940 397
8433 6257 488
9410 7569 448
6057 7337 437
497 5809 920
1753 3630 366
4588 5902 122
2660 2517 235
5545 3946 683
8259 4369 727
9620 8874 438
9849 7961 361
2697 4824 878
8095 5297 84
1050 7505 829
1385 6990 746
9384 2730 783
9052 5073 358
5762 3449 445
8670 8984 155
3187 9111 771
3712 7447 688
3923 6201 997
3734 9924 51
2826 6669 426
2462 1238 938
8513 5062 31
4503 2144 17
2044 406 720
1096 6437 616
3162 3929 303
4255 6226 31
9125 2592 992
8607 3504 790
7899 9222 963
8602 9972 151
8898 5090 478
21 883 391
1030 7949 500
6261 7808 302
2169 9665 463
2148 5390 59
3979 1697 151
7172 8730 565
3079 2424 82
2095 3177 157
1175 9126 649
1181 9849 938
9395 7349 719
5336 5165 516
9746 2729 73
7278 7617 799
3694 5229 876
6702 3029 464
1716 8819 179
5437 252 847
8850 6260 676
8580 4461 714
3013 6535 211
7719 9589 451
4117 4090 900
7825 2774 268
9377 3998 563
2175 1914 560
4595 7386 39
4124 6076 936
8372 6813 510
5633 3270 482
5231 2111 686
9522 229 663
8401 6323 391
2704 2968 648
3291 409 238
8429 1444 376
6257 8471 556
5535 1943 970
5209 1574 388
4959 5487 145
661 6688 157
7323 9166 838
9481 6202 185
5578 4616 752
354 7346 133
7432 7361 622
4117 2233 888
2176 5213 600
9748 1235 627
371 956 674
4759 23 19
2868 3828 671
9002 8823 222
6383 8742 999
2932 852 255
306 4634 287
4217 9477 220
7425 9147 240
708 3600 652
3334 4472 512
3980 6342 221
3684 5097 954
438 3355 892
4676 2718 831
1804 3009 421
7552 3748 323
2618 7740 92
7882 6040 853
2726 3408 633
6595 5918 352
1821 1412 132
210 9661 256
875 8693 804
124 3542 144
1411 8172 439
2547 9311 285
1401 7872 904
2804 5141 19
2048 8622 334
1974 6672 722
9678 2788 415
9320 4165 828
3513 4014 859
9754 5149 679
6353 4643 875
4565 8644 988
2796 5210 773
8040 2638 127
819 5238 588
8529 3731 943
4323 1895 546
5996 3382 723
7877 3114 271
8371 195 647
7176 4494 361
8969 8330 611
2025 7469 908
198 9709 322
7173 7395 407
4558 8029 281
8363 1942 242
7566 220 407
752 2734 695
1699 5802 909
2089 5974 446
4224 6742 360
4158 7596 479
6462 3110 465
8948 8596 11
4622 6895 446
4607 3999 468
7415 8652 963
5478 3499 733
2746 2608 64
5767 5368 284
6857 4875 681
1534 9978 270
7001 8470 707
3814 4425 861
4351 3896 660
9089 6168 979
957 1615 36
5312 1164 142
7435 2652 55
5911 8997 361
1672 2957 705
9175 8961 545
6105 6061 391
6762 2507 315
5602 9222 955
3525 7470 969
9275 4046 645
645 4252 701
3897 9783 285
7362 2475 625
5723 7838 981
6410 1094 546
1717 7900 13
4242 343 635
6569 7110 482
6402 6200 34
1767 4871 9
8364 6150 362
8983 2358 601
9836 2582 513
8833 4848 17
3265 551 441
9808 4802 70
5315 2020 741
7376 5275 744
1093 4143 164
8184 4821 813
5134 8156 362
1748 7741 423
6045 3687 139
8124 581 121
2276 2484 582
7452 2917 404
8916 4814 877
7979 276 80
829 6163 75
3305 228 697
5514 5994 263
5555 5886 116
1023 8177 617
1911 8519 347
2665 8525 825
1104 1459 463
4247 6396 764
4874 8346 685
6703 830 78
6364 8270 649
7157 2545 28
3478 3960 275
4200 5185 135
9098 9890 534
8806 6707 323
6987 6845 273
107 2820 925
6199 4899 349
4508 88 862
3643 4642 597
2667 4587 304
3735 6911 960
9618 7302 252
7508 2922 653
1024 182 74
493 7883 451
8522 4021 596
4850 6563 662
1842 3240 557
4473 4946 512
4340 6935 196
256 4362 845
2834 991 241
4473 3600 40
748 1178 941
1943 7800 8
8591 9929 10
6944 1746 152
6836 6731 830
3959 2514 957
6783 2274 924
9035 7423 143
8933 3752 935
9515 9905 870
5352 8005 534
5678 6366 800
622 9903 314
2893 7906 265
2575 4325 520
4791 3938 722
2371 3092 722
3453 4179 14
1373 7929 162
5351 2770 691
7226 5213 819
6944 2511 126
6189 6151 254
9994 6626 135
4365 1484 390
2697 5809 185
1503 5844 343
8886 9496 367
9930 6136 314
5082 7570 682
568 5970 328
3569 4513 507
3539 6681 499
3664 1531 203
3714 433 576
1532 1159 195
879 5078 588
3079 786 588
2128 5914 88
826 8520 983
1017 9594 339
6547 5677 568
2501 5403 994
8775 1350 28
5810 936 81
5453 7466 988
9978 3782 297
8652 431 385
901 3635 263
5162 7827 98
9457 1195 671
5953 7751 576
8915 881 649
5168 4470 887
4155 4470 388
2700 1778 527
7136 1646 528
5582 3467 693
5256 8572 695
5458 2688 475
5492 660 376
309 2702 459
98 4222 936
9636 8850 350
9247 2298 722
895 4620 23
9012 9759 713
7783 5156 603
3605 5361 187
2178 2068 947
3224 9222 415
8234 9769 172
4146 1681 225
9702 6953 839
2333 3907 756
6841 5464 646
2573 7805 655
3507 6722 422
4577 7250 603
1477 9625 808
1183 7067 522
8164 9431 239
3467 95 676
417 8247 465
9169 8591 990
1171 3413 398
5973 5195 933
9612 8076 652
2760 4691 447
6095 4756 984
1645 1300 751
184 8936 406
6755 4972 247
6478 1202 85
280 2625 561
9868 4551 854
8334 1475 509
3860 7644 316
1608 5627 444
9211 413 796
2591 3265 710
4211 410 344
2490 3055 720
383 2716 389
2708 7175 754
6224 1013 841
8634 6 820
8963 5067 781
2516 2189 496
1298 4295 870
3054 60 769
8616 5852 211
3432 9719 78
9557 4762 403
8077 6000 354
9393 7611 314
49 6482 2
5126 5235 825
8746 5471 610
9422 8668 851
5599 409 738
6638 2516 309
2588 9411 360
5026 5969 381
3767 6875 251
4075 3468 17
3942 7217 612
350 4234 565
1 1576 189
6309 588 764
1631 8949 110
341 7679 969
1348 3773 36
1845 6291 239
7208 5294 889
5084 7169 66
3616 3930 977
7024 9816 881
1214 9158 776
3536 2693 598
7757 6127 838
6785 9562 281
7959 8824 347
1828 866 65
3483 6843 575
9803 6412 742
481 3532 918
9055 956 9
6894 7827 289
7457 1317 232
8794 8005 681
9431 1483 330
1465 4125 560
6985 28 665
3022 3477 36
2370 1047 196
9354 2315 607
7661 771 900
1006 1165 298
5177 9720 896
9221 7550 623
3134 5992 469
8491 2205 167
3051 3549 585
3063 172 949
5380 4017 747
3245 1560 28
769 743 944
5920 6728 942
1397 7810 469
4982 5641 666
3365 6297 629
9977 8161 209
7944 8936 663
4500 4272 434
9694 185 802
961 6198 596
8129 3658 52
9200 915 742
36 846 256
8794 9432 426
3797 4067 939
2002 4639 821
7072 9042 172
9377 970 332
6790 4719 989
8436 6978 352
9719 6831 143
2798 991 111
4894 7111 140
2585 2834 585
1845 9713 783
2569 8423 829
6334 4535 552
5841 6275 737
2364 7165 747
3249 4583 338
3451 4490 519
9236 403 529
4927 2499 826
1625 2237 699
3670 9907 580
1767 2734 924
8070 8559 770
8408 748 225
9662 4522 914
9698 8116 253
264 5672 774
8070 5034 505
8957 6018 842
6264 4524 380
8166 2524 454
5187 8623 305
2557 402 869
572 7267 947
9894 9841 164
2211 3753 497
548 2769 804
4396 2994 508
5288 6841 791
3051 6092 771
9933 1780 723
3657 5310 905
3911 7659 7
2949 1353 986
991 5251 603
4815 4316 513
8268 357 392
930 8158 5
5341 6660 467
8285 2200 71
8678 1492 339
5847 1503 141
6254 1078 30
5444 457 611
5328 2228 409
800 9207 263
3538 6196 174
7870 7172 54
8127 900 23
4389 2953 458
939 1437 31
1153 9975 872
3622 9265 464
811 9101 391
7785 7503 744
1874 6035 450
6094 9230 372
118 6546 948
9613 4582 348
6455 1368 382
3951 2187 217
8461 3966 450
8220 5863 670
3457 7766 677
2226 6129 377
5765 9009 993
1915 6355 385
3330 1271 667
1158 5718 900
4774 9244 539
765 4130 712
627 7875 667
7755 8615 875
9121 6401 345
1384 2602 347
6480 7307 360
3025 802 115
9191 7844 85
7655 9584 568
4474 5669 421
4360 9102 336
5253 6198 665
1807 6586 832
3828 7295 966
345 3530 685
3294 5060 185
3694 3024 641
8987 5360 824
4672 2391 965
7789 297 941
1299 8887 961
93 5082 860
6272 3060 574
4471 681 335
3603 2082 406
7401 8699 833
1262 8304 496
156 55 842
105 571 666
2635 6547 799
5747 4555 430
6409 8400 438
8032 3955 594
640 2150 893
3499 1900 393
6736 5327 757
1265 3343 481
922 7849 487
4369 8208 601
8447 5047 93
5130 9470 917
3845 412 121
8849 2395 521
9569 3759 682
4974 536 161
1920 5409 103
3010 8224 599
6533 9434 408
1310 7270 329
3317 8221 66
8943 6051 500
3524 5113 620
8960 587 417
3064 9342 576
5644 9455 995
3157 4298 255
9962 221 228
9433 5041 820
3070 7782 184
968 4162 229
4937 3818 337
3117 4992 17
8110 9311 168
3753 4094 391
5898 5710 632
4541 2507 79
1472 9177 118
6694 2467 414
5610 394 858
8056 7800 526
6087 2377 206
9539 7403 988
3526 743 235
9107 2830 139
390 9546 734
3914 2987 654
6169 2690 106
3554 4149 741
171 5319 4
9199 4670 88
7484 1864 822
7327 3624 701
1518 3807 700
1788 1679 697
8214 890 112
4933 5447 547
3821 4758 822
3321 2090 691
4284 6631 179
3783 2832 107
2973 622 735
753 4908 986
4781 2690 489
9927 3577 115
4816 7016 378
5714 16 338
7197 4115 138
7255 618 187
401 3028 429
770 7792 450
9435 9303 924
9317 7020 805
4274 6339 186
6964 5649 617
5494 9247 898
6386 381 783
5956 2721 961
788 6004 605
3753 4048 709
2330 9263 921
6278 8304 195
3844 4402 537
4083 5606 504
981 913 722
8781 9788 71
8946 4022 780
2047 2776 341
8295 3489 62
5656 1618 619
1725 4344 837
9085 5404 163
3004 427 197
7183 3701 662
4725 3881 108
9252 2193 906
5371 9056 745
1395 8123 669
9246 1366 761
8727 5773 485
249 499 298
1124 7737 571
3859 7754 76
8781 5912 187
5021 2666 150
3186 8793 805
7856 1134 725
1646 8492 861
8887 2401 420
7278 6880 2
9643 4683 111
391 2786 944
3756 5256 227
6641 9919 791
6555 2574 388
2265 7525 354
9333 6502 48
3006 9082 490
7189 8013 605
4475 4856 486
994 4663 967
3765 3137 291
1200 4911 678
9396 2744 305
3580 6578 659
3078 2182 824
486 5845 922
5586 981 647
9041 1705 129
213 8940 970
1740 5789 443
1349 5168 309
6671 7552 767
7321 3608 356
784 9861 591
2881 7534 307
6951 7438 629
4145 2528 572
2044 9643 605
9877 2549 585
164 9599 959
9686 2616 584
8627 7382 213
6208 3952 387
9404 6627 755
3312 7253 830
9576 9713 995
8403 5027 979
2528 1623 882
8677 6866 468
7649 4128 468
5827 2363 415
9787 7392 271
6812 2669 90
437 1260 173
6145 4726 316
2804 7427 774
6604 6632 576
5492 3915 900
669 9121 575
7699 8241 630
2308 1957 680
6835 2724 507
9999 3348 732
7733 2922 987
6697 6119 11
2299 3974 986
1857 4555 196
6409 7541 524
1845 2171 470
3199 3857 349
6045 6803 981
9897 123 467
9611 2953 161
2821 6128 27
6995 5438 270
1312 805 516
5697 9571 326
9568 2347 830
8613 2387 357
4711 4550 78
3685 6216 580
3925 4778 837
777 3150 701
1701 8394 938
5512 816 974
1328 1685 519
1689 1440 408
4740 9864 959
3863 9035 762
5521 9025 897
2636 5971 527
7093 1289 372
1966 7572 355
8247 6264 31
7417 189 472
4836 9892 369
6578 514 522
7594 8050 159
637 307 214
2491 2506 665
2765 6793 65
9624 4584 867
7189 952 549
3372 5489 566
2368 7641 763
8041 8214 903
5837 9611 197
5903 2645 367
2977 1066 554
1655 2919 982
2591 8360 435
4322 6753 590
7709 6083 704
3402 9112 996
8648 7123 716
5402 9245 690
289 8492 880
1017 6187 391
2370 9158 23
9554 4380 248
3382 7762 853
5817 550 73
675 1054 597
8237 8510 92
7372 8847 845
2249 1698 118
2585 6802 718
8140 958 63
8809 3452 960
3353 3342 33
8413 5032 615
5753 1863 213
2337 7459 67
997 6781 414
1585 8712 567
7049 819 665
844 4488 816
6017 6284 590
7641 7238 681
4384 5365 600
1087 7722 681
3756 5593 833
2082 145 595
8050 4305 381
3667 4287 408
6955 4395 618
8935 1197 458
4521 5784 824
2878 618 356
1130 7127 522
8391 9355 756
5566 7251 540
9229 7883 103
4619 454 561
8519 7277 448
7970 5775 868
2886 9827 854
7817 134 666
4175 2356 449
2702 5312 960
7185 4006 583
9726 7053 153
6753 3617 54
2182 7728 650
5989 8071 568
4762 8841 387
4355 2800 897
8060 5401 210
997 3201 434
2062 1497 25
9464 8980 265
9848 1551 324
2303 1298 443
433 8732 134
9564 3613 180
1423 5678 790
5661 5095 534
2864 2214 176
4210 7609 71
538 7570 982
6842 3903 585
4600 1523 848
6535 1642 956
6419 755 574
5272 8360 351
9151 4425 738
9619 225 72
6621 4563 651
6653 8771 772
3537 9734 962
7110 9157 693
4611 5273 892
228 4747 402
8707 6329 56
9540 743 377
7635 363 860
8945 9779 8
4225 9055 76
4145 7302 967
4205 3627 224
264 6379 177
9256 7103 378
9044 7695 71
479 3142 411
4810 3962 962
3280 7252 60
2164 105 394
9958 7869 282
4801 227 159
7040 4501 939
1300 8585 665
3818 1857 675
5520 1701 227
8718 173 746
3653 1450 631
2663 3124 320
5670 6207 631
5143 380 93
8094 890 452
7185 668 396
4457 5843 656
7771 1802 301
4419 7461 563
7394 3225 41
5484 7851 389
7537 8204 337
2868 927 108
7403 6739 904
3778 3518 5
784 3154 302
7155 9484 611
7213 6025 794
1417 1081 904
2171 3567 599
3065 7379 741
498 4407 872
8134 2570 250
4969 7948 190
9705 5533 616
2173 6862 208
7734 7672 593
1624 2991 697
6810 7492 243
7414 3665 957
8279 7650 569
9941 3612 625
7221 7761 506
1452 757 801
4785 415 198
8651 6264 645
9425 4588 12
3248 3906 504
7813 2181 495
6255 4588 713
2302 2073 126
7630 8306 291
1875 812 464
8666 2099 149
5371 143 290
5066 698 952
6719 8340 120
8691 4265 977
7655 183 832
1846 7549 791
3359 6554 965
238 4485 263
5283 9377 288
6876 1476 682
8375 6593 444
7661 339 5
4839 5860 427
9342 6484 190
8653 3013 908
9439 7620 94
3047 8434 51
9602 8145 508
3342 5519 424
4986 8386 744
3212 2645 122
5785 4111 492
9764 737 590
1456 6937 359
4312 9587 709
1609 9607 2
7345 3223 549
6042 4531 979
2679 9110 576
9085 6996 743
6587 398 594
3863 5149 605
4089 2389 371
4110 8117 407
1926 9585 783
6733 78 398
8119 5859 349
9923 9878 39
9307 818 898
4339 1260 893
5730 2532 217
6048 1462 532
6791 747 364
7849 1569 159
3685 3570 450
4039 1641 573
7904 437 239
641 4742 747
4088 7835 707
5662 2909 118
1780 5651 273
4900 484 913
4717 2671 783
7731 7877 260
4565 363 811
6897 6131 891
4422 6316 969
7832 9772 765
1608 2022 818
7068 6488 625
6316 4852 331
644 3256 981
1535 57 372
1792 574 990
9935 6262 234
2080 6438 662
2235 8780 858
7803 7650 548
1769 4150 627
9001 1078 168
9320 8058 923
1268 2770 120
9075 2346 755
9051 200 30
6131 749 517
3545 360 166
7599 3819 71
5575 4811 260
4460 5987 827
6976 7241 445
38 5 853
4772 3616 765
3680 7782 752
2500 1388 106
838 8552 518
385 5837 601
7593 5423 32
5755 3586 476
5564 730 996
2578 7305 384
7772 6142 769
2062 5914 598
5981 7662 865
7973 5947 63
321 8648 430
2371 7455 451
4969 7243 80
4760 1538 583
1297 9514 967
8756 5467 95
6514 511 628
4476 318 313
1867 8877 619
6171 6937 717
9843 4586 731
7133 9403 340
7883 7631 910
8381 6763 688
2755 6135 896
2871 435 357
1486 9516 801
99 1845 718
8442 4289 704
3926 5482 917
5454 2941 503
3121 5326 264
5253 4451 718
7332 938 914
9486 2079 26
8523 5063 366
8479 9167 701
7661 9590 12
8933 5716 978
7176 4550 579
2756 1755 303
1245 4028 642
5367 5130 87
4339 4128 109
6746 1931 269
5010 5966 444
1915 4701 944
6816 9810 621
3561 4769 37
6053 4462 724
3189 977 448
4367 8275 872
8922 2003 462
3472 6623 616
7859 8983 933
1721 9238 225
4849 1560 26
9683 6701 696
5404 561 162
312 3549 941
8537 1779 284
3485 6343 634
7627 1273 132
1080 9149 864
7930 551 713
4063 3253 957
4856 6044 845
8556 2371 373
4800 7574 916
2998 6412 814
5255 3226 854
4292 3679 533
1287 1146 148
4569 9921 737
5624 395 357
1349 715 733
7483 3680 234
2401 9108 616
7791 9908 710
6794 1493 372
6198 9353 846
8835 1766 345
3658 6192 114
6536 8018 448
1811 4200 632
1360 9563 554
4082 5542 125
9910 5798 818
1903 682 58
1027 5364 444
9485 525 505
8808 6076 478
413 8023 134
8493 6824 921
1589 4112 148
6269 7566 900
7669 4000 356
4132 4005 732
350 1133 137
1712 1497 777
1924 6546 41
4072 9931 954
382 8246 900
4939 615 110
8802 3381 843
1338 1631 137
5463 3300 389
435 352 636
5757 1827 127
832 7563 154
3433 9445 315
9316 1085 364
3186 5807 252
1454 2870 12
6519 4374 3
7752 1175 489
9457 9914 524
6473 983 791
5245 3682 552
10 502 17
9876 12 729
1971 2437 473
37 9455 52
576 3181 597
8432 3642 363
5082 6733 55
9250 3546 888
8476 2517 297
5863 8600 740
3296 8584 975
904 9637 616
2606 125 807
9372 2526 803
8881 4052 298
5470 8608 990
3679 5819 424
8443 5936 668
2559 4072 97
8252 8309 654
2328 2071 182
5056 9556 552
3799 9523 455
6705 6124 491
5584 9803 813
6655 8640 56
9608 7177 303
2842 8786 140
2152 4972 915
1252 104 618
9180 3158 718
2174 406 796
5834 7449 422
8298 3680 457
2278 3406 906
3270 1479 402
4373 9394 749
2161 3316 9
251 767 297
9332 7736 184
9397 4593 629
8397 6296 765
2958 4542 413
3860 6780 145
6120 4453 893
5307 3209 428
2869 275 558
6635 7073 935
3407 8115 814
7094 2575 206
3473 5385 679
4127 8726 247
3208 8001 71
4354 5789 928
206 8654 170
9904 3591 919
964 9833 898
8752 5678 498
5929 4308 884
1921 6826 318
9931 3252 96
9313 6347 759
5669 1318 513
6291 9321 411
2552 3416 833
6281 1570 726
2255 3118 315
3068 112 946
8522 6701 74
1068 8515 759
9641 822 859
5139 5962 641
8238 8153 732
7948 6968 715
1224 723 107
614 5986 786
8078 7738 194
1842 6836 878
1611 4116 641
3538 9587 639
7123 6190 288
6405 7946 541
692 5127 61
8285 4176 805
6917 6039 866
7331 4129 290
3832 2068 613
8417 3569 937
638 4931 578
4513 3539 338
9732 3705 915
84 9457 507
4757 9677 574
3790 1534 916
9692 1501 850
7375 951 320
8893 2789 245
1275 8660 305
4084 1488 178
9439 5988 181
5649 3049 227
5881 7696 179
3446 3980 718
9586 8250 263
1207 9785 503
7220 890 404
1721 7614 447
7985 3982 96
2969 8426 480
1608 5283 988
5180 783 718
2175 6451 910
5230 1577 386
1599 1927 64
5728 6480 970
6712 9413 378
6811 7189 209
9237 5730 968
9597 5686 726
4386 1763 492
7140 6851 448
4193 509 125
8655 8940 108
5534 2047 179
1818 2094 651
5548 7587 749
5345 4257 655
2772 5487 815
7208 3702 214
2888 9640 968
139 4066 774
5836 1357 156
4274 3261 930
6176 9572 546
1658 8940 271
192 214 449
6910 9655 141
5545 9287 366
37 4948 977
929 8629 494
1886 5730 633
4042 7069 596
7413 9 618
300 8610 588
3759 911 615
2740 9300 441
544 3987 996
1289 2313 97
9898 7061 776
7451 1859 713
7755 5467 144
2036 3791 564
8126 8363 35
3451 7089 660
8538 934 341
418 2261 43
9369 6204 417
7119 3806 845
6533 9216 459
8578 3654 128
9924 9011 589
7736 4743 160
6257 3276 153
3655 5859 563
6971 3539 188
5561 3238 260
6388 3517 398
784 8178 922
235 9343 574
8024 8317 14
1150 9482 209
9518 2425 723
7362 8607 465
2586 7930 993
7954 4069 409
6473 8201 7
7508 8773 341
9613 1825 441
8381 638 934
9905 7541 80
4285 6687 162
1211 4576 320
4289 3337 532
7598 2425 730
2410 9297 123
8076 7590 84
347 8062 736
4845 7903 561
9151 1205 33
4617 3936 12
6534 4506 552
231 7677 39
1801 8650 65
6685 8142 12
1552 2131 124
735 5105 713
5267 6366 14
8938 6554 307
9997 3751 686
8071 4396 550
2107 6267 131
8583 9067 810
8556 8973 279
1832 9958 148
6684 9853 411
9904 2285 117
5789 6138 934
6765 5872 224
4770 3399 167
214 1036 146
4799 1582 488
6581 4805 797
1110 7955 128
250 4975 821
9983 678 674
5887 5006 918
9463 9615 105
4099 8115 887
2154 3868 122
9635 435 34
8350 1517 905
4941 4083 375
2401 2148 688
5201 7498 325
2182 7990 826
4408 6699 249
9937 9873 744
1594 4760 143
32 7373 479
2968 7344 172
1541 7462 995
211 3442 440
2077 9447 484
4975 3862 676
9564 8156 202
1798 7426 864
7595 2662 660
7203 6391 490
5620 1299 126
4201 9889 365
7 7025 584
6989 9148 757
9542 2656 509
565 1795 877
6179 5920 578
7834 3632 687
8664 6027 962
4504 2744 956
457 3455 65
3280 3930 539
1229 2286 212
6763 5364 957
1526 8345 455
3407 7623 218
1990 8852 584
5748 3382 601
2640 804 126
4488 1961 74
4612 3556 753
4586 6662 808
9627 5810 271
6086 8339 305
5317 1205 876
5784 6387 39
4695 4355 328
7410 2243 788
7470 9833 577
3502 9117 848
205 2988 925
2141 7514 857
4367 9559 457
4241 6149 73
2845 8130 704
7877 4757 607
6034 8974 622
6087 2414 369
6741 2712 153
5356 1314 661
8776 8253 999
7201 8278 310
8700 7255 696
8634 5404 243
9202 9970 225
8192 6093 614
9447 2637 429
6792 1544 473
6032 3873 81
371 3622 435
3938 9428 740
6821 4286 671
2195 8247 10
8375 5991 797
5859 6823 450
757 1249 227
1862 8327 353
9736 5389 775
9598 9477 12
904 510 648
9262 1593 873
2473 2502 286
8759 5335 540
258 9557 28
8769 2633 222
9219 7895 653
1352 2217 818
4281 3401 445
1335 4711 977
5921 9567 299
5024 6342 950
8451 1100 68
9632 8639 853
6430 7171 196
7315 5795 602
1771 2025 316
7919 4678 373
4986 5386 329
2035 3470 444
4046 7394 396
922 7974 263
1488 916 730
1581 2383 239
9863 2848 649
9436 4362 823
6057 8176 13
2698 4013 657
2571 4352 671
1744 5690 725
116 1564 787
8456 3183 841
7983 8490 510
2789 3947 983
6154 8322 701
3194 89 348
3435 9060 97
1525 200 464
6097 1783 976
4776 9195 588
5146 8654 544
6437 1779 49
81 7418 857
8022 2667 640
1544 1576 124
1357 5374 269
3388 8837 60
3556 5908 586
80 5161 2
2344 6561 807
2904 539 683
4060 8995 223
9639 5345 930
9310 1826 610
2613 6687 453
9656 1067 210
7461 658 469
7440 1346 781
1181 908 484
8250 5729 327
5430 9453 872
7127 3854 385
8270 3148 963
9952 2752 50
9639 393 734
302 8946 306
2960 1040 333
8358 8745 916
4462 1976 210
4176 5446 853
4845 4448 511
936 7377 929
5615 7303 656
2520 1967 400
4876 7288 465
4857 1811 402
5981 7164 771
1224 52 298
5493 5405 38
2134 7925 613
6740 9226 298
4809 3648 337
2860 5711 781
4043 9772 672
6155 5597 991
8785 858 541
5370 5957 677
66 4674 764
6265 6449 892
3562 9484 150
7310 1710 631
9647 9531 67
8628 8188 820
9175 6754 237
7965 4862 194
7872 3632 19
2900 9298 873
216 4872 430
2907 2475 660
8336 1235 834
2064 1867 965
2368 8123 260
8461 8752 977
7597 687 60
2505 7099 407
936 7773 495
7651 4727 388
4584 9825 133
901 1486 101
1575 7527 410
6608 4053 727
3733 5564 287
4467 4595 951
8739 7972 17
5539 7141 880
9282 4753 729
3988 2596 130
9557 4347 188
755 7233 840
8849 5619 110
3951 3800 479
3015 7852 34
1185 4769 470
1363 5475 262
549 5146 526
2637 5819 231
1545 5513 984
1288 8293 543
571 9563 498
5815 8611 952
7256 1456 238
7570 633 673
1500 5761 26
4343 6736 711
5231 5463 770
8345 6508 253
4607 9314 925
1678 6178 675
361 3883 704
4097 7874 546
6757 3538 874
2751 6444 685
6512 9365 314
4356 4720 187
2528 1483 857
4924 4223 360
7129 2627 161
9641 8066 856
4461 4915 520
1973 8425 436
8015 3380 261
1646 8451 479
8895 8510 393
8694 8789 978
493 3509 540
3431 3299 182
1037 1956 653
1431 8238 913
9823 6435 773
1390 2891 557
8269 1205 904
1580 50 829
9987 1421 838
5687 3553 406
6408 5377 501
1103 9798 311
7653 9583 443
6510 1304 315
2251 6509 594
8909 3113 430
3218 8481 605
3046 8160 833
2124 3340 153
3889 3278 705
2829 5336 564
9693 5373 97
6741 7525 313
2633 8027 966
1392 8043 893
3422 3135 984
9630 4387 529
8845 6748 698
9799 9624 402
5281 4012 580
9353 3801 575
7812 9144 835
537 9056 505
3357 2479 527
8750 1152 428
6493 7717 804
4111 3581 864
1009 1038 897
8485 4805 855
627 6819 466
3122 4377 170
7423 6767 971
5153 6607 837
2684 5090 767
5137 2011 151
6590 284 675
3068 3373 747
875 2036 112
3363 385 858
3718 3535 76
147 5387 415
4038 5928 606
4156 5376 86
1110 6126 329
4518 455 542
2063 7685 209
7403 8056 656
2470 9426 923
618 3697 128
1258 3572 804
5760 7310 201
813 3086 63
3087 3331 729
9666 4856 752
445 8572 836
2127 5345 267
8250 1237 728
6635 3533 28
7388 9689 791
3075 6764 36
5882 2508 329
8126 5700 479
640 6611 520
1567 3814 393
3666 1137 580
5336 8549 378
3996 8051 664
6931 9722 945
4427 9217 188
3017 2223 554
346 6469 503
2689 3443 500
1380 9432 815
3920 456 904
3665 4095 315
2260 9707 334
1346 1118 957
9062 931 521
348 1769 958
8568 264 110
4207 7105 63
4142 5752 407
7565 3346 405
773 5461 389
395 9422 942
9833 1679 469
7126 8816 839
8807 1063 861
7377 1063 735
6906 9210 148
6503 1871 732
2323 3843 142
1673 9776 600
9696 4086 856
7200 2576 35
7707 5752 108
7460 3170 569
1112 9311 981
6989 7929 47
8062 4347 457
2847 8525 564
4028 8602 368
8194 790 463
5249 3111 889
458 1739 971
936 8158 465
9365 2276 179
6248 2948 497
5549 7895 515
6746 7252 230
9841 8409 863
7563 363 293
6966 1259 187
1753 2991 69
8080 6136 528
7977 2898 818
6630 1182 143
7860 8625 582
8905 7240 776
7765 1085 34
2967 7836 689
1228 7122 758
6720 3097 914
8469 5399 555
6260 4763 575
8861 3701 958
4919 2903 665
2242 79 13
2494 2168 683
547 5057 632
4138 571 284
3292 4132 41
7278 2701 348
1642 393 335
6992 7181 53
3448 7354 568
3022 6870 176
9898 6936 567
8253 2409 360
2444 1266 119
9735 9353 901
4192 7104 110
9216 8774 656
7263 5972 592
3050 7698 377
1532 9607 669
4765 8597 413
4420 5344 802
2670 1955 941
2699 7406 304
7788 380 655
1256 8396 515
4033 9708 601
3059 8294 20
746 276 727
2070 1480 464
814 4741 181
4244 9045 481
8775 7244 831
1104 2892 149
3433 1298 560
9722 3102 537
5211 308 524
2290 2878 145
3835 1952 324
6418 9867 474
9007 6673 336
9188 5314 290
8625 9286 780
1906 5053 421
1743 6549 386
9819 4922 2
4121 699 76
2778 5904 214
943 7728 572
4352 8832 455
6858 4311 242
816 4389 921
2070 8391 574
6858 8061 509
6215 4264 615
4929 2853 368
8609 3690 319
2121 542 586
7323 6331 763
2738 242 891
9562 3096 144
5106 3087 121
6811 7886 356
8295 5960 129
5962 3468 308
1929 2688 331
8052 6358 695
2811 3647 786
1372 865 55
2851 4734 954
7315 3140 151
2408 2920 686
4787 429 677
9004 8573 660
7922 4879 311
9459 9162 328
9382 3564 660
2116 6572 496
6170 782 136
8211 3667 997
1740 1052 75
3697 1555 774
1521 8871 7
8754 4579 838
6484 5054 556
9051 3020 995
7981 6101 147
7762 5001 113
8740 3903 716
2019 8404 714
6403 3656 645
8603 6826 349
2323 8580 814
3785 617 141
4049 306 939
1187 9719 927
6356 527 499
8418 7233 40
6891 5213 740
8185 3454 977
4724 183 28
2236 9755 170
7489 7322 65
5074 8304 825
5981 9581 762
4276 8959 295
9057 4943 182
8529 6567 717
1069 6436 269
4464 5295 260
8253 3229 457
1385 938 445
3015 2833 685
7355 51 457
7479 6273 375
9245 8523 1
3262 9687 452
9596 225 679
4368 7950 738
3541 3606 881
7469 2779 107
506 2272 973
8924 956 380
7900 5126 791
2343 2431 897
794 7245 853
9074 3424 545
668 899 440
7945 8742 703
1539 7821 482
8064 3752 971
9146 6848 368
4139 3931 994
2221 54 449
6884 2264 611
3496 4468 814
7026 4882 64
6231 1126 97
7059 5828 963
3308 6498 649
8974 6674 230
8208 9320 792
8452 9580 829
2473 4038 967
1252 4787 269
8345 948 346
7447 3675 758
1704 7081 943
6063 7986 494
5178 3704 543
8229 4826 238
3197 3695 912
1396 3688 688
8492 8975 368
4334 2923 715
6699 384 901
1231 1266 901
8924 5360 96
6957 2258 401
4003 5321 277
6809 2556 310
2302 1604 925
5565 666 688
4210 8352 510
7053 3131 813
8140 5099 367
9733 5580 642
6012 1591 80
6420 3040 869
5910 9156 122
7437 3286 938
2966 4909 242
6845 1117 644
6932 5426 987
5076 6553 870
8291 8968 973
4278 3945 960
8292 6213 885
4349 3757 273
3957 1840 152
2816 2376 435
9665 2509 46
1738 6094 99
4107 8476 567
4408 4418 339
3886 6503 557
2226 694 793
1998 6475 205
3287 9205 571
651 9230 732
5134 1161 814
9368 2459 807
3745 1572 259
3835 8378 368
8760 7527 791
9514 4672 679
1214 462 505
9873 7687 115
8555 4423 815
5555 6353 83
6010 3346 464
3926 5964 533
1237 9213 958
8342 7210 639
3685 2144 338
9690 9098 194
7271 5494 70
1545 7965 522
4440 3934 172
4920 6853 214
139 7389 564
7407 277 933
5014 9870 542
1304 912 85
4821 8398 71
836 2987 704
4475 8575 117
490 9820 985
9182 4593 752
3043 1305 141
6847 8905 356
1926 4431 961
34 4985 70
2847 1469 579
4093 923 997
9621 4409 799
4213 5627 819
8782 9388 592
8340 6723 552
3042 6098 237
3772 1322 638
2387 4731 374
8118 6173 265
6932 5840 617
4190 8781 978
4867 8958 484
7684 5645 108
2610 4774 479
8648 4253 799
1240 7185 874
1881 2113 863
9655 6423 230
1970 9629 207
3772 7709 890
3654 4708 34
2845 363 741
6643 1801 287
1934 2405 165
3096 8271 106
9739 1363 450
621 1255 222
9073 9569 278
6425 7700 136
4911 3990 682
3446 8183 81
8843 8040 244
4747 7766 116
7719 7108 248
5171 4228 285
6489 5971 126
5685 9425 711
9643 8598 8
5597 5855 298
4 6228 733
5013 4320 811
7281 4506 680
88 9814 605
8159 9628 801
8729 1148 215
1142 4224 25
6215 3284 886
7590 6139 243
3944 8155 170
7996 9504 29
3340 1275 392
8259 3903 550
3798 1284 893
7890 4350 464
2003 7751 351
8291 9740 55
4466 9530 962
2798 7609 491
2385 9867 669
9235 8278 337
4709 273 132
4650 2096 623
2480 6279 25
1328 2385 2
3124 8462 399
7330 7021 78
7849 3440 81
1747 1980 14
41 3762 305
4236 8325 947
1855 2565 282
6590 1773 168
1381 2053 61
2939 1433 713
323 9347 259
4338 1554 942
5508 9708 538
5898 8978 329
1547 8937 246
4317 2070 721
5387 307 5
7669 687 137
481 6145 691
7652 6089 567
6973 9074 907
2570 3599 238
3999 6067 882
9260 1200 405
5030 9561 292
66 4141 932
2649 4558 551
6450 8397 348
1217 959 537
6795 6045 983
8547 1002 501
7031 5098 466
8351 9641 498
1356 8536 590
4678 5774 614
3267 7454 687
7857 6129 856
2882 6686 538
3759 4394 72
3263 2320 255
3522 8336 246
7234 1876 325
6185 1523 729
863 3943 834
8451 8326 347
6074 140 713
4043 2824 935
3285 1771 909
2793 4815 657
5515 7199 704
7941 269 459
2091 8398 117
1776 2752 875
233 7808 130
3731 4816 523
2905 4725 566
892 8398 361
4927 2888 82
7113 9421 690
1791 783 767
333 2265 348
2962 9717 574
9804 4918 107
4052 7431 966
8725 8450 107
3452 6107 85
7133 2025 775
4250 5094 542
6403 2164 174
8353 3936 891
4069 8373 906
9898 8868 514
1187 3186 919
4301 5218 982
600 6709 816
1892 9006 173
75 303 724
6366 3372 664
8533 9434 781
4676 6980 399
2858 4189 322
9342 7646 178
9216 1161 556
5035 8492 688
5119 418 919
4743 2731 313
8303 126 188
7001 4599 631
5593 997 56
5005 6274 626
8277 8283 107
8825 6408 42
5136 7505 747
3134 6605 604
9892 859 622
491 2728 282
3699 1551 559
4934 3084 203
1816 2158 483
5381 621 157
8409 6942 740
2518 6819 444
8726 3376 205
4474 4186 423
7712 9181 949
2677 1624 1
9175 2567 648
3060 6825 717
8946 6783 211
6671 4795 726
7038 6130 913
9980 4034 717
4725 2308 983
9134 5562 469
5832 3843 487
1096 654 223
1289 2955 704
8156 2348 522
5192 4442 688
6265 7590 412
4374 6626 44
7654 8466 240
5583 2974 46
1301 8485 366
2855 4277 77
4102 9525 569
868 5181 31
7054 3952 711
4710 7680 806
5925 2687 37
413 8803 533
8353 4418 938
6402 6212 425
8145 8403 652
8567 7889 567
2006 3691 961
1521 781 948
6034 5535 671
5540 1440 438
4539 9673 342
5511 4685 71
4519 1915 675
2191 7845 203
8830 8111 690
5745 557 191
5761 9626 410
6303 6109 785
2574 4970 937
9898 1795 371
5877 6470 29
7121 3639 219
4155 3471 805
1301 6463 330
1515 2084 294
4140 7634 241
6696 8926 923
5412 8391 727
8538 1251 712
697 3401 545
1097 2037 694
3853 8957 479
6259 4607 542
3893 6625 809
4846 4163 855
3339 5508 322
8990 2447 410
7763 1224 801
979 2459 745
5263 4658 481
6356 6505 571
817 2227 703
2224 5 660
9773 2102 381
7363 7464 805
454 8012 31
8497 8589 378
1784 98 229
5279 3433 375
4482 5824 46
4638 9794 112
5156 3621 97
9506 3835 712
1395 5254 337
1353 7409 947
7350 3955 151
7113 480 90
5371 1294 239
9007 1837 985
2263 8510 44
8407 204 486
5963 3448 725
4886 7937 145
757 8336 296
4569 2786 345
1232 6060 610
945 9388 606
6333 8088 353
5156 6395 720
5162 2534 834
7265 4618 783
6448 2544 43
9915 3815 53
2429 4075 983
5772 5620 969
8014 7850 341
8130 8276 829
4794 3427 471
7412 7414 916
3857 938 762
4945 929 736
3741 249 415
5903 7856 839
7954 7866 533
7880 6175 300
963 3355 206
8686 7511 212
7806 5991 478
1806 5459 884
7767 6019 127
9352 8897 931
1015 7404 11
6004 5594 248
5192 1078 322
2326 436 391
4447 3043 339
8971 8464 6
6294 945 515
1255 3733 339
5148 3425 169
3174 9938 29
9262 907 189
4508 9436 13
7695 2258 963
2210 5544 942
4949 4809 29
9680 6543 444
6174 8669 62
5292 1833 536
222 2526 627
4200 9333 171
8477 1279 632
3352 9392 184
5106 8719 654
7060 7283 952
5801 2234 465
7096 7655 316
5752 4355 975
30 7851 467
1420 1387 368
6223 3201 64
4929 3427 268
7996 6019 930
6228 4736 925
1398 1236 190
4295 7660 249
8081 403 707
3722 8434 152
4340 4851 927
375 7365 822
7099 6960 851
4910 56 233
493 2312 978
1085 7805 978
8132 788 818
5777 7389 956
1732 5975 980
2686 6000 63
2969 7184 185
8237 8001 150
4550 419 591
2990 1211 356
7503 8141 523
4669 7944 447
5482 8050 38
4968 802 700
1209 4061 224
8454 8877 248
1464 8889 783
9291 2895 413
4548 4296 137
985 3831 958
5479 2892 488
3942 3440 507
9510 1003 433
566 6722 576
823 5994 223
1077 8696 27
7370 9120 29
958 2930 973
7352 1673 428
4814 2575 899
9574 9600 600
4378 1559 481
4327 4094 56
4474 5843 141
4802 8783 422
8211 2673 952
2271 2834 142
9540 1453 228
558 9433 65
2305 4746 964
6411 3603 160
3306 2412 351
8525 2159 482
7081 1238 515
2272 6653 298
3550 554 19
4979 8363 262
1930 4284 897
5720 2305 816
8875 5709 532
2756 8641 941
4115 1146 241
7932 9141 923
277 847 808
8367 6503 249
6481 5691 534
4073 9189 140
9533 4443 888
1354 171 19
7475 200 54
5822 6193 574
1089 3531 939
2548 9670 526
6344 5589 891
7409 7400 827
3300 3157 671
7148 9075 252
3185 1662 791
1464 2396 79
9359 7782 194
5338 6649 549
9564 9995 264
8204 8435 910
842 2912 603
7839 1758 207
6126 1387 211
2480 3874 372
7556 9687 385
9791 1302 290
5799 6606 647
2494 1025 401
1757 5187 493
1287 6728 936
196 3993 498
2610 6042 663
2676 5170 718
4185 5292 397
4625 3675 766
4367 3177 323
7511 1910 395
4581 4863 131
6771 7801 336
1461 9908 245
3862 6136 622
9333 3500 903
5372 3718 712
9795 7719 168
1504 4680 380
7091 7770 391
2816 7185 297
4071 8578 273
7538 8517 534
7347 635 787
7351 5793 586
6071 8733 181
5199 905 684
3876 5532 761
1831 8434 418
2073 6256 835
4240 6429 1
9162 1598 436
4297 9646 875
7907 1634 501
6084 5727 633
7297 561 357
3347 3991 600
6079 1765 15
4793 742 362
8101 9442 529
3184 4923 60
1294 3870 711
2874 6226 820
3553 6175 66
2329 1616 871
1242 4123 33
5367 2942 868
6436 5428 442
9758 8741 725
8728 6588 380
5864 4835 880
2598 911 450
7610 7261 734
3010 4663 636
3701 6303 123
2587 4286 686
5244 1868 940
9857 8503 952
690 9293 976
1332 1753 107
7236 103 907
7521 6623 815
5554 8938 381
6976 8744 139
3871 6253 821
9484 9381 254
5500 4125 737
2501 7269 285
4561 8183 16
3290 6164 949
3330 6801 898
7572 861 56
3765 9291 369
1294 7837 616
3065 9788 553
997 9441 917
7542 4670 977
4420 638 36
9728 9204 207
2781 4531 784
3589 705 403
2419 2828 181
1707 5427 733
9670 7412 750
6731 6365 403
4009 100 613
6669 7894 349
4510 2316 411
6478 4468 332
84 1374 640
3223 1639 757
7154 2390 889
8902 2604 687
9034 7202 710
3885 2652 287
7106 1207 108
3602 7783 998
4 7893 408
9100 7734 654
1977 5573 245
4325 8593 56
7441 2109 483
6962 3714 690
158 4390 559
3319 2027 596
3880 7295 68
3202 5630 413
6232 4532 769
3538 4913 249
1812 919 13
2143 3988 340
1700 3000 829
9095 5126 411
6901 5852 711
2485 7386 233
2195 7906 198
5262 8073 807
2857 9382 580
9443 4712 294
6100 3150 502
1041 5420 800
162 5772 698
5964 9268 931
4117 3732 110
8654 1897 628
2425 98 16
8201 1239 572
5154 2566 312
2948 79 993
6265 9741 278
3831 1031 247
4949 7247 364
4555 2906 66
2536 6240 76
6500 3575 704
6552 5053 910
8165 9531 841
9855 8827 732
3230 2018 793
8234 7617 314
371 8246 543
2639 4613 91
9678 1657 212
7587 9837 318
2686 5445 12
2274 1104 765
8220 9050 277
476 5919 885
8514 3183 777
3401 5330 618
1489 9086 316
2895 8990 651
3202 9829 701
7394 4381 58
9561 7617 271
3508 8591 967
2709 4783 60
7072 7589 487
9242 3355 358
7679 1205 195
3991 8308 797
6924 3043 592
3807 4351 840
7570 6141 329
3806 8998 740
5731 4745 716
6662 1006 835
2988 4987 182
5901 1139 349
4223 8813 439
6181 5742 468
6652 1794 993
5129 5519 555
4640 6550 178
3642 2686 524
4300 4233 844
4702 1674 824
4248 6678 188
7938 1858 925
9261 1092 764
5760 711 951
2007 413 118
6775 8201 619
9794 2270 866
6418 8382 642
2244 6936 235
112 7507 380
9804 9656 193
7222 5411 556
8102 6130 63
3339 8750 24
5310 8759 541
7038 6134 569
5910 7238 830
1239 8761 392
4775 6589 191
3914 3020 288
7698 6636 504
5199 2777 474
5003 5572 461
3644 821 378
4845 5885 802
4858 4790 599
5557 8274 226
1301 9536 236
7103 1417 916
2866 8249 18
7415 1636 241
8282 3670 127
3646 1222 848
2957 2433 316
9417 168 434
8255 3530 39
5345 8062 191
3435 3799 214
2443 8197 517
2630 662 679
2721 4098 202
3310 9589 1
4878 9100 739
816 135 659
1892 9775 319
8573 4928 943
4647 369 264
7753 490 930
9785 2502 988
7786 5849 625
4851 4913 509
7104 5725 872
672 1068 185
1578 6393 922
3385 5854 374
8630 4959 743
5252 5512 320
5453 71 738
1902 7627 420
308 5375 576
1055 3591 257
30 173 900
1729 8763 532
2939 4313 184
7389 3069 645
6965 5358 259
2726 2846 192
9535 1753 616
6902 2724 774
5358 6063 714
6559 183 554
5597 8413 413
5847 1380 121
9666 6282 1000
6274 7189 522
6946 3325 720
7712 5124 397
9239 5683 55
5931 3849 2
287 8963 668
1915 5756 131
5227 8397 37
3725 3753 5
8971 2979 808
3530 9394 976
9202 2054 580
5023 7633 549
8609 6041 385
7491 9879 729
5559 1210 341
6016 7897 124
1517 8159 784
8937 7623 629
8555 3132 677
5223 5029 860
8531 6596 509
7622 9064 686
5349 7398 174
7647 1827 525
3172 8760 822
8683 365 178
4017 342 703
1216 9376 593
2995 2398 894
1530 3397 690
8850 6443 783
4839 5427 849
6554 2688 272
902 2620 814
9373 6714 382
414 5135 924
1742 2084 42
3888 8042 703
3064 426 50
2584 9733 789
3601 5437 34
1847 1127 808
8248 5961 30
2233 606 599
8940 3818 54
9867 159 757
6708 2758 802
6937 7837 148
903 9620 288
9499 1367 105
7733 7380 606
7321 8788 58
3648 449 522
2819 2283 970
68 2685 668
9406 7112 500
7157 6651 12
6226 940 781
3446 1074 201
4025 3696 1
9971 6996 466
643 9025 619
5214 988 613
4216 2585 829
6201 899 856
7137 8365 52
9413 9789 582
9184 2030 538
3647 3266 523
2987 2005 105
5352 5653 265
6189 1033 856
7264 6247 616
6980 1500 7
1757 5650 990
2202 7343 970
7279 4773 205
6120 871 400
3896 9798 535
2029 4057 683
9804 8749 82
393 1682 460
5032 3908 776
6312 1586 42
6709 2779 896
8334 2814 585
3790 9752 485
3498 4202 708
9572 9214 471
3973 3492 726
3518 8384 137
2976 5357 425
8882 1772 699
2830 2625 401
8068 1809 711
4664 2750 938
9637 2276 404
9236 6859 60
3063 5566 783
6093 4735 453
2420 6269 940
8710 8413 911
3421 2655 159
2769 190 883
4536 4245 656
6375 268 793
3816 9855 192
8682 6635 97
7991 6412 850
4719 1796 981
6155 1442 32
6550 8110 215
591 1292 936
7736 1415 966
6768 929 158
4190 6487 764
9536 5646 121
5203 982 255
6936 1039 540
9601 5409 935
4177 3167 359
2533 9774 733
5673 5175 677
1804 1488 824
1026 3197 498
8873 1259 243
1266 5744 946
8488 7479 944
7428 4943 130
2788 5610 587
8762 1718 179
2557 6134 614
1326 4958 308
7316 7835 727
831 5862 446
5484 4657 907
1157 1931 682
4326 9025 720
3912 5850 864
7604 5622 538
3197 9348 485
6243 6733 409
3559 635 360
143 7462 634
7524 5394 474
4108 3044 925
9168 8210 93
6004 1982 402
1734 9038 557
448 6582 339
3990 7581 106
9615 6442 256
6528 5002 529
7930 6845 725
5819 4669 326
5892 2228 265
3667 1186 387
1861 5978 54
1737 2344 921
7328 4103 615
2194 8398 936
7538 9594 113
5724 5175 782
6888 9997 3
1076 5831 494
2163 1906 266
6368 5341 872
9059 6824 521
3239 3976 540
8426 8422 232
4848 9145 51
6355 5115 644
8143 8698 580
4371 1285 408
1303 7941 859
1268 1438 474
4229 2734 236
5019 1853 896
2321 6652 249
316 5115 306
4212 7575 897
454 1856 688
1270 4717 336
7050 4012 351
2060 5403 437
5377 7936 184
7187 214 877
1878 2966 331
8735 7495 44
1759 2323 307
4207 4668 871
4463 6828 842
3420 6422 876
4562 3191 17
8889 5420 981
7977 5017 2
454 9873 25
3818 6655 417
2506 332 306
8284 7679 240
2500 3934 531
1502 15 826
6577 2289 812
6549 1986 756
9050 3755 572
7630 3295 96
5509 4949 739
9872 4994 710
17 9381 199
2047 6492 301
9801 438 630
5851 7051 275
3290 1217 269
3799 9784 736
1286 1073 856
2686 4587 542
136 3235 85
5220 8436 217
4604 907 723
1369 7168 301
917 4498 452
1817 7138 462
1489 7360 840
4328 1337 928
1144 7158 987
250 286 118
6172 9594 156
3864 8639 215
9939 158 12
8308 5444 223
6891 207 171
2014 4690 162
2772 5108 384
1712 4235 285
1012 6438 392
9687 8008 231
1295 125 474
9904 836 785
7581 7801 158
4112 6974 52
5993 3215 26
7992 6335 202
9333 6574 52
1599 5921 658
9609 9778 191
2932 7573 802
1440 2276 861
9658 5536 132
9354 5613 943
9392 2945 376
3043 763 33
9041 3909 424
1664 1504 437
3208 7843 833
2843 98 670
1405 7994 679
5504 8988 919
7279 570 968
7823 4592 841
7767 7123 623
8953 1128 469
9578 672 419
2892 4366 103
5605 5907 269
660 2524 898
3294 2242 147
7050 5140 419
2039 3926 560
9074 9180 581
5424 5884 720
6706 6780 823
1987 9842 74
8673 1061 478
7464 721 6
8141 9042 466
9305 1929 509
546 9139 311
1823 8717 521
86 3765 705
5099 4740 490
8632 9529 446
5496 9501 362
3243 7623 165
5479 9627 510
9258 3502 818
7170 5039 486
9944 3652 291
5057 5840 67
6173 8203 352
7266 8052 523
6651 1203 374
4101 3124 740
5439 8553 801
7570 7768 530
1661 4857 816
8046 2171 114
7939 240 497
4005 6020 384
2217 8437 342
4169 8723 194
8585 9228 832
6285 4170 734
1494 8420 517
1790 4310 593
8574 6856 160
1407 5932 187
5896 9936 826
3750 5306 699
4309 435 633
276 3276 283
1172 4706 961
4784 8451 729
5583 2226 706
5234 8145 337
293 5852 441
5230 7621 673
9680 2901 161
8050 6673 736
5131 8589 344
3006 2514 244
1717 2724 141
4643 3863 645
1405 9485 997
6085 1897 628
1976 8142 291
3125 2880 866
3056 5929 507
5779 179 109
9567 1517 128
8237 7293 87
6920 7636 155
6940 5554 172
5178 2859 255
3248 3145 779
7109 9819 281
3122 1541 589
1358 1987 83
467 1502 839
8012 3236 754
7411 9216 745
3978 1036 911
5169 9461 751
930 5167 777
7614 2809 409
765 8029 957
6585 8087 786
8006 3574 858
8075 9313 512
9652 8996 795
8908 5419 494
6286 6548 211
9416 8370 257
6424 120 802
8766 1141 336
1018 8712 465
2998 8569 466
3447 93 866
4137 7922 226
1462 4599 799
5547 1712 878
5916 8566 358
5761 8649 976
7580 5921 386
1819 1347 361
2329 4783 489
2980 8392 816
9992 1909 861
9417 283 191
8540 2013 718
692 5731 563
4195 2280 836
3893 4367 706
1174 928 704
5637 8021 428
5798 8837 255
9885 9515 209
4527 4220 983
1736 8519 639
8819 1273 58
3594 1007 81
3125 2012 305
5674 8811 738
7363 2097 786
8315 2362 203
2380 2768 801
9897 9987 332
3634 3559 76
4602 5943 419
655 3336 317
6642 5901 820
8325 4778 789
1958 4178 366
8498 7939 949
3850 875 861
4417 3046 279
4074 2612 825
1622 2583 771
3678 4233 355
4582 500 915
2596 1184 628
549 4674 506
1382 9989 185
8783 7832 96
9522 8453 618
7337 2823 659
7159 9048 634
5512 5445 693
177 2259 369
7260 9909 91
949 4873 316
3573 2683 456
9148 932 705
4731 209 451
2263 5803 292
3928 3497 761
176 9762 840
2838 811 624
3231 7137 289
2087 1405 764
7860 2493 77
5256 7532 993
4240 6733 483
9304 2977 368
9443 2546 345
6433 1666 78
4714 286 857
7492 4623 918
7595 963 124
450 430 845
2109 1014 641
5569 9513 297
8610 4695 15
1416 9847 838
4615 467 273
1882 172 254
8479 3156 940
7204 9879 398
3928 8121 618
3094 4502 349
4024 7184 303
278 7405 948
3008 3175 951
8408 272 678
217 1643 456
8224 4195 132
7260 6070 551
2291 8778 712
4420 8274 518
1842 9979 897
9126 7373 668
8431 4364 478
6388 8147 550
1382 9223 28
903 5831 918
5734 231 236
9317 3374 602
814 7244 706
4197 4745 976
4615 2024 748
8643 6660 791
7340 6872 644
3011 3511 972
9239 1334 2
6460 7976 644
559 8263 470
8436 2706 41
2846 8098 179
8668 6137 611
7068 7412 562
9730 488 588
5248 6131 191
8709 2639 937
3261 5121 116
5513 9391 529
3945 882 561
711 4229 242
5229 2191 373
765 1421 899
6243 4607 436
3086 1510 431
3779 1333 565
3171 6145 383
7208 5214 661
9062 4679 818
1835 9224 870
8319 1879 29
7138 2195 392
4756 6738 365
1636 2380 9
9856 3270 612
4633 7660 336
8220 5294 459
7770 4648 591
6003 2405 549
3038 1898 315
117 6045 369
990 1234 209
8747 5456 983
2671 6744 726
5390 4809 47
6398 8495 931
2306 6180 566
8095 6845 396
1680 8151 543
6661 2125 191
9164 866 550
2138 9233 614
8679 5770 175
7556 7586 631
193 9958 577
7668 5504 4
4954 2694 419
2289 3594 27
7357 2968 24
9022 721 193
1161 9527 714
9241 8646 867
3097 4124 22
1584 3239 412
7869 4027 870
6573 128 968
3611 1464 216
3777 5557 524
4948 1585 878
4446 1624 322
6724 1790 229
7170 5534 799
2011 8174 738
3565 2775 288
5839 6188 447
4534 4826 492
8643 2410 592
4559 9688 881
7271 8579 107
9988 6907 483
8730 7136 335
6777 7505 443
5749 9458 449
2572 9020 400
9238 6028 231
2385 8062 453
5442 3716 183
1752 3985 877
92 4572 705
5430 1055 879
9724 5457 880
8821 3622 668
5996 4535 599
9300 3065 207
2617 6196 828
8160 1898 972
1613 3872 43
3706 7567 148
429 9216 456
9942 6428 334
9350 418 437
9771 8533 641
3740 3213 864
4564 7439 933
8248 5192 219
2315 7986 530
7107 6423 723
7246 620 923
5859 7670 444
8261 4389 12
9842 1048 617
4633 6800 473
7266 7631 809
2516 2378 752
3241 1342 326
3785 6802 96
1565 3310 44
5584 667 986
6729 4664 929
3476 3504 171
4976 397 839
2217 3487 962
3993 6966 160
3001 8474 66
8406 1066 462
9378 9069 972
9584 5726 385
1696 3622 544
6655 8404 158
2204 1008 374
7833 5776 570
8106 9688 434
3010 2152 470
4853 3135 388
8014 1956 568
8990 6785 872
2346 6263 874
4808 8765 543
727 198 770
616 9202 252
2771 7362 508
3008 3052 710
3171 2552 457
3330 7584 463
4098 8146 380
748 5501 250
331 462 137
6908 182 941
2269 3239 67
7819 9781 926
5220 4469 881
5799 6471 996
9000 9842 812
725 5536 25
1608 5768 63
2194 6857 471
812 4588 120
5800 9257 839
434 736 230
8433 1587 848
4725 8915 775
336 9093 955
1436 9417 882
5729 9699 687
5678 3738 217
639 9005 563
8395 2086 90
7988 449 382
4969 7316 270
2938 2652 985
9845 1342 208
5662 6609 269
9729 9816 410
3620 8334 780
7946 8693 460
3363 2153 787
504 7410 998
7911 5724 755
3949 2468 603
8545 6469 609
8614 1823 159
8170 6780 774
572 3429 60
9693 2097 991
2220 4927 951
7899 5242 659
4994 4450 831
3524 5987 729
5773 2395 898
1829 9537 854
6338 6017 161
5464 6090 196
76 7678 472
3720 4213 965
1539 7360 171
9896 7347 31
7793 1997 986
780 3109 274
8017 2264 177
1895 7112 67
5340 2402 896
1208 501 688
2626 1013 463
8835 6091 97
218 5169 203
6346 8574 70
4093 5500 150
5719 1737 96
9470 455 625
6968 5791 821
4976 1705 241
2594 1934 328
4733 9124 344
9651 5262 853
7864 2048 161
2668 2451 53
4194 652 444
640 8572 426
4073 6876 507
5788 1112 517
2822 2117 520
5847 9681 909
1403 1795 683
6036 784 917
8093 340 350
8436 1190 225
9843 7996 233
7510 5297 16
532 4329 57
8286 1915 150
3182 3910 758
1365 4361 861
2572 7218 841
7897 8837 401
8924 6924 168
8338 1092 844
8788 5104 993
2160 4463 68
589 1653 369
2803 7972 229
4225 6076 94
1665 666 46
7951 8746 107
6077 9900 501
6416 2080 169
5635 2999 99
4271 9393 881
5940 729 209
3609 9260 891
5404 142 419
1114 4577 933
3532 8205 115
2351 4917 112
6068 9302 617
7748 8424 150
8818 5665 353
690 5877 276
9284 1507 234
7896 4954 704
9641 8869 468
5519 1988 116
7861 6756 710
5426 3370 571
5347 379 808
7843 6781 5
4302 7278 296
2441 5334 412
8706 7642 594
5464 8598 826
3995 9853 977
1453 2478 958
4334 8861 118
8621 5 37
8908 1625 661
9911 1594 73
1276 6868 872
9104 1154 612
4648 3674 774
1109 4062 153
43 4679 109
3411 7824 23
459 6838 551
4055 4156 853
6126 5760 569
2963 3672 110
4636 6295 590
4718 43 73
8613 5611 369
3957 186 93
6636 5004 412
9611 2696 760
6010 3606 730
9264 3211 664
3093 5460 427
3763 7980 969
5937 6104 829
4536 827 807
2639 3677 770
5523 8971 597
9933 8028 254
2503 842 940
7816 9401 540
371 8029 769
7452 8993 76
4660 8414 330
2431 9493 767
8300 8781 240
5973 7380 235
4483 4482 755
148 784 641
8061 4181 863
974 4835 100
7014 5405 403
7903 5666 61
9913 7270 957
2589 8083 256
2381 8085 737
4302 9158 312
9218 9415 342
3617 5842 889
3158 2729 664
666 3288 16
4854 690 305
969 6958 849
2039 3115 161
3972 9374 480
2400 3033 974
4645 3436 11
7754 4751 358
858 2902 737
3821 321 818
8490 7006 436
7246 8185 216
1021 3712 218
5604 7372 13
1522 3403 285
4957 9950 894
3125 4861 482
7181 7091 966
9188 6789 220
1298 6619 274
3425 7053 825
8366 5067 846
2156 1889 117
3461 9812 372
214 5147 86
8140 1249 68
8786 9519 164
4411 5770 944
7415 4383 352
9659 6466 395
8494 1373 420
7030 5423 827
627 2450 394
6326 383 637
5043 4875 160
6766 6615 645
3030 2446 655
4964 6184 360
664 7358 870
9656 6782 82
9790 1352 886
6061 2511 124
4217 7061 619
563 4688 376
546 4263 191
6094 6670 355
4431 6012 671
5365 3342 159
1809 6288 103
5080 9949 87
455 2248 81
7658 7740 95
4613 882 706
317 8807 116
6407 9478 811
8959 3050 301
7378 2697 281
2475 7940 309
6190 2566 361
784 5858 302
9125 2155 542
2908 6438 705
6482 1098 762
7399 8488 195
660 123 369
5343 9124 417
683 3160 3
1166 1369 222
2400 4526 344
6966 5357 520
9925 7672 399
8900 9412 273
2635 3726 48
5897 8638 982
4133 1072 924
1632 3988 446
8298 9510 572
3305 6868 196
2134 687 580
663 4935 222
867 9253 589
7436 6184 51
85 2893 780
8862 6608 973
6270 6369 868
1680 8978 201
5076 2143 681
2256 6224 953
2365 9226 475
4202 4316 923
4892 4886 688
6705 2085 11
270 6391 726
3826 8813 593
6415 8197 172
5461 5043 421
6244 6239 636
2957 7161 850
7462 2967 165
1878 2615 493
3155 5530 659
4236 7640 127
1857 5523 649
4322 3040 869
357 8841 954
6377 4834 654
1168 5634 414
814 8061 381
8018 1858 130
312 2720 528
6107 9445 80
6358 9425 917
2836 5589 492
2457 3899 903
9714 6080 816
4186 6065 875
5087 1996 953
8825 1005 853
3433 5383 924
7625 8830 80
6844 8754 786
9845 7134 305
3697 3226 175
2697 8060 681
5165 4973 773
5580 4221 919
5936 1989 298
5739 8379 996
3217 2714 218
7823 4276 389
8526 8686 245
746 4751 765
4774 6119 715
2898 4065 942
2160 3403 762
6126 1771 367
7113 5799 539
3490 7518 621
4264 1857 846
536 8010 582
8958 9789 488
5433 1970 220
8119 9916 826
3858 9979 627
3163 2961 80
8168 3393 696
9922 495 554
589 19 821
9371 4031 934
2818 8952 874
2080 6021 353
8549 4687 296
4420 6749 132
6060 8963 770
4316 7991 40
5300 3053 479
7929 6547 783
4843 6359 203
6973 1845 309
570 4749 451
6128 7361 18
4257 3084 424
4924 2762 386
5605 3611 996
8756 6773 384
3990 5038 525
1082 6453 777
4026 7552 926
4824 5303 483
3476 5359 105
3932 4135 933
9184 6689 254
7434 4669 87
1458 8136 343
1337 8679 715
9252 5088 702
1338 2039 837
2535 6583 353
9554 7451 92
9920 6820 680
8152 617 31
8870 2707 975
5408 4435 353
2394 8073 98
5679 414 703
768 3614 184
6569 4880 445
7525 3154 206
5807 2947 982
567 9372 416
5142 84 658
3331 2003 911
80 7092 392
3862 2490 119
3010 9752 969
2006 1568 597
9302 1587 263
4066 9101 880
497 3647 842
3890 3979 947
8150 3214 689
5160 7699 626
7462 3857 496
1401 7099 369
8880 1918 93
9068 4424 369
7812 3791 619
326 867 958
1069 4749 465
4130 8442 379
5389 2150 228
4249 6495 908
9631 1147 953
2671 8338 469
4583 6068 40
9464 3724 207
4083 5137 885
1883 5750 972
9959 8909 280
7482 1496 678
4639 6702 509
1695 9512 577
1269 8476 178
8084 7912 210
2681 9937 660
9753 9052 282
407 7562 715
9502 2865 720
2812 4182 67
6593 1678 169
3737 3045 899
1719 5250 485
3676 76 944
7253 5375 757
140 9856 543
9914 3317 603
8160 6862 599
9723 5853 742
9348 9503 881
8301 7894 226
9390 7393 459
5182 2488 834
4942 8401 534
7766 9537 78
4689 1947 979
7843 1478 10
9038 1498 851
1263 1168 890
7342 4625 556
3619 7997 683
2226 8925 593
4229 6689 731
6675 3733 401
2301 3045 68
626 8062 834
1802 1911 844
3855 5275 421
3903 1058 344
4170 3300 895
338 4724 279
693 4680 533
2631 4277 621
2056 2769 589
5930 9783 404
9127 1276 318
7548 4234 943
8702 7493 122
6574 6676 182
9950 564 948
8781 7849 14
231 4831 657
4383 3141 514
6392 4839 427
7398 4345 398
6141 5169 374
4216 8178 828
808 2473 691
7509 6655 77
3500 4148 716
7161 6117 812
2027 585 301
1412 324 121
9838 3808 409
6965 281 484
1066 2993 134
4065 6092 750
4163 1252 947
1874 2036 694
5618 466 762
8382 8100 466
9764 5765 891
8812 1337 618
8669 7734 210
766 469 823
3153 8779 190
451 7148 358
8183 5576 676
995 3239 653
4273 6302 761
2221 3288 31
8524 3951 612
8780 712 924
7953 3418 878
6362 5537 183
7297 3199 856
5012 1497 84
2193 2235 446
8229 4860 910
9454 6498 208
9428 3167 748
1418 9774 661
4548 2734 539
5923 1032 300
4808 9985 43
9646 7459 378
9650 1618 737
5610 8680 301
570 7378 139
2348 8130 447
8510 4733 590
5422 8510 65
2565 2064 387
5815 958 602
765 832 513
584 7178 773
9646 9493 782
296 2982 89
7677 1361 270
9904 717 484
3289 6594 807
8400 2612 260
4485 8398 464
9088 7199 192
4415 1296 800
3724 2674 772
1436 3060 381
5466 2823 559
5091 9666 54
6095 8121 442
670 6607 47
1633 5349 812
8575 6612 266
2607 6352 306
7874 1424 958
8194 8955 501
5659 9690 867
5254 5202 272
2384 5037 987
1130 4396 24
5740 9563 479
9702 1825 279
9490 4197 825
9956 5729 665
6003 430 574
1007 6022 961
431 3224 10
6730 2255 386
4555 4893 931
5959 3496 941
7031 5379 982
539 109 191
6808 7582 388
5517 2508 501
2581 5437 579
5245 7268 908
4038 7815 898
8063 2164 639
8920 4430 601
7350 1808 289
2199 8354 393
6832 3916 957
2752 9398 129
2964 2358 960
4573 5010 204
4835 1816 417
1967 1397 300
1842 8928 917
4611 3544 690
7759 5727 554
9158 1832 234
1757 9889 689
3630 2096 516
4972 5258 203
377 9515 313
1437 2270 727
1411 3034 816
7040 7210 450
1145 2447 303
5316 5551 600
1429 6865 592
4335 8247 772
3335 3630 154
7254 4640 323
4271 7060 290
1122 7658 20
8806 2705 322
340 2889 495
7242 6048 280
3534 8490 117
8076 1249 548
8924 6983 736
7079 3688 853
4511 9299 692
361 8795 295
4755 8090 407
6592 1897 627
7560 7742 683
7448 9262 312
9497 7735 745
4598 439 342
3003 1352 951
4242 3139 33
7377 9057 902
3712 5808 28
7775 1617 95
5636 7140 547
6842 703 494
4954 4644 380
2959 9849 29
53 903 659
1305 6303 601
6229 1438 741
3003 5738 367
4766 6073 873
5888 9353 903
8048 1853 11
3645 5386 169
3280 1715 981
2203 3420 124
5148 6775 558
9628 7483 252
7327 1985 266
1469 8748 107
1919 232 718
1966 7257 574
9797 960 870
6596 7868 911
5695 3694 364
7248 7714 982
6402 7672 880
1287 5541 20
4203 3833 551
2758 8141 271
4544 9497 339
5831 3704 859
5169 3683 109
1230 3420 517
4426 6309 740
1891 5992 454
409 1190 11
9815 7222 238
2085 2986 954
5210 6236 970
6342 5964 579
4912 7001 619
7185 6780 593
4974 3958 709
3332 7316 876
8162 7913 41
5991 741 146
3931 5354 807
9370 8580 577
8676 7190 213
7686 5069 241
6960 5873 889
6742 3216 198
114 9208 306
3297 3031 66
8381 9494 630
4028 3309 604
3019 7369 751
6298 7604 634
9339 380 417
710 5876 236
6062 6752 585
807 2198 723
3393 4410 300
6741 2200 307
2331 1162 556
3373 1208 158
6832 1606 675
6642 1027 18
6477 8190 129
3250 7799 844
5610 8895 347
4106 1489 255
3304 747 870
9380 2659 14
8684 6539 612
5215 8113 659
4197 9686 303
625 4675 956
7543 8476 501
6820 6900 357
692 2727 921
9862 7530 828
1758 9219 97
1438 9819 658
403 4226 494
7853 4517 605
9459 7889 536
2854 6428 829
609 9865 484
8463 994 576
7802 5819 841
3079 1983 824
7161 369 782
2637 9805 525
3592 7369 290
8269 8505 84
4653 4437 506
4393 4322 288
5949 3573 158
3805 6016 162
832 83 334
5350 5162 462
9723 3292 930
7027 7035 197
5952 6998 497
9207 7757 878
4391 9020 717
9479 2308 449
8485 2346 928
8281 3303 576
7637 2350 705
1109 1355 427
7443 9067 690
347 605 253
1728 6481 452
7232 450 185
677 2217 488
8181 9309 681
1122 6286 535
6235 4321 198
8624 2826 797
2819 6729 521
2862 2550 570
6342 3971 896
1839 616 705
176 7468 808
8098 6421 327
1365 3519 733
2235 432 445
3202 6861 468
9020 9463 799
3593 9375 113
7894 3298 857
9029 8309 319
2650 9102 262
1336 7135 563
9913 9719 654
409 6603 126
1073 6329 49
9103 5304 800
3089 9767 429
7655 7086 944
2198 6921 534
799 2523 570
1102 3011 920
2636 8640 578
3290 456 674
6350 8916 875
8506 1573 792
5796 7543 843
382 1250 395
7132 1237 542
5990 960 474
184 4069 796
9972 5751 807
8654 2871 657
4715 9094 170
5604 2062 334
2287 9293 507
9147 2206 647
2141 9950 974
8803 975 731
7050 6339 391
9971 1871 155
1110 5045 203
4053 3953 116
1825 2539 700
6059 3682 884
8006 1799 226
262 566 757
4160 9962 963
5217 4625 140
6077 720 190
2166 2267 931
8690 1838 682
9364 4125 101
9829 7221 856
7029 6514 96
5676 4964 615
826 4819 798
5275 543 559
7659 534 852
776 5965 591
6848 90 639
5408 1417 155
1749 2422 26
2694 45 728
2788 2839 851
1699 3060 958
9457 3316 4
7812 4076 703
3477 2833 562
4707 8052 839
645 6536 111
2371 8762 419
3667 3747 200
2140 6793 636
6926 858 179
4483 2728 510
5147 7150 958
853 5707 116
3244 9532 513
285 9240 48
8857 8643 617
8087 5610 264
3263 8599 538
7958 3509 316
6179 8318 469
2021 5556 349
1806 5924 416
8981 9943 600
1594 2884 33
8482 9233 477
8622 8463 815
1656 2906 812
847 254 678
7758 2117 504
1521 6596 356
7477 6749 859
8451 878 603
1177 7269 310
2713 7320 23
190 1748 172
8624 3215 105
3502 2018 487
1402 7920 107
6137 172 806
9345 5737 130
1908 9274 248
6309 8856 142
285 1248 102
159 5318 719
829 1463 984
6104 4180 506
3822 9032 73
6392 6614 26
782 3834 669
4103 1858 967
7919 7860 292
6866 3698 360
8648 4701 367
2661 6370 129
410 3337 116
3895 8451 402
6762 5064 257
1594 363 998
1913 289 814
9032 9307 479
2867 2575 520
2908 503 544
1861 7708 925
5868 5657 88
105 3169 669
6647 9793 823
7108 7559 537
760 2080 91
7728 1245 649
2277 3413 142
7779 3734 887
6018 9596 512
5303 812 339
474 2804 399
4480 944 191
6849 7093 17
6387 8418 799
7403 6521 404
6732 6093 144
2069 2428 2
7487 6716 448
4817 4372 581
7711 8930 311
7458 2440 735
3223 7209 199
2538 4243 702
766 9812 726
3493 1706 626
1090 7114 817
2815 4899 54
2794 1662 272
1883 7935 753
690 5938 385
4774 7965 721
6176 9164 56
6098 8254 770
9070 4559 148
3722 1712 197
810 1704 195
1934 738 695
9230 6212 704
7475 8962 323
46 8072 70
1216 5028 723
6390 6771 991
580 911 375
8406 2368 107
7205 6521 657
8047 2230 265
484 993 825
9982 3885 774
9686 4837 782
7402 8449 520
6006 5628 246
3901 9768 913
1008 3454 165
4739 3223 571
160 2383 841
3768 3028 973
9432 6006 339
4912 5478 241
5156 9074 715
9425 4476 722
8802 533 428
2377 6762 626
2001 2363 755
668 9102 720
1095 9274 994
6909 5478 19
6282 3659 269
1050 8144 439
8679 2780 725
2930 8612 22
8591 3892 864
5186 878 486
8210 2622 123
3935 3223 991
4392 530 534
44 5550 277
5952 7705 734
3309 942 596
6393 9607 224
1758 5314 351
4231 4706 364
1742 9854 225
8215 4264 837
9008 4681 125
3921 639 454
9201 5895 145
6624 1661 147
6686 535 11
8710 3725 373
5064 1522 750
8358 6534 699
5137 6466 661
134 504 117
6285 1618 603
1990 2166 161
5210 3737 439
8386 3331 763
7756 3701 791
8102 540 935
560 5392 975
5508 558 202
7222 4935 702
404 7324 616
2178 3665 500
9451 8308 563
8987 8659 26
4687 5135 837
6537 5359 126
4300 8301 395
1999 9260 771
155 1781 410
6494 1745 514
2580 2858 984
57 6944 575
3975 1604 861
5283 7579 779
8161 5095 672
8297 6687 797
7101 6591 868
1861 8675 496
4614 5782 633
8832 1857 705
138 9041 89
5521 2623 391
4338 382 811
5229 9942 619
4183 7914 976
1782 1951 588
2044 3332 681
5287 2049 51
5619 1216 638
599 207 15
4969 3385 397
2863 2847 517
9835 7406 180
6644 3326 701
2394 9086 506
1288 2769 737
8234 3770 200
1136 2545 218
4833 4636 559
4813 8372 947
9491 8385 433
2256 5375 937
9631 2227 977
6368 7293 128
3884 1200 346
9037 8546 54
9689 3551 71
5952 4187 217
6042 4229 877
6612 2327 394
3449 7512 462
3624 6225 835
2378 585 377
9002 626 684
2594 819 326
3298 197 633
836 1820 83
8929 6096 470
2914 614 458
3256 7495 114
8989 8734 519
1624 6161 400
802 3275 36
1153 2808 841
9829 43 9
1050 715 865
6331 6444 426
7100 1590 226
2068 7359 890
5817 5899 436
8248 1643 244
7192 8123 286
2034 2173 524
4937 326 337
184 3719 836
5660 9121 953
2454 6489 792
1931 2190 104
6096 5874 740
5946 3398 250
7831 3312 776
1750 2678 154
2196 3597 717
5627 6314 969
7986 3490 473
6726 8871 969
6049 7124 359
14 5523 543
2863 8134 507
1651 2692 877
5051 8360 416
331 332 357
2526 2563 117
9841 1726 771
1525 7250 50
8121 9848 156
5569 1641 635
3079 4641 799
955 8463 592
397 2055 330
9169 3152 70
4464 2401 317
7930 9576 696
4574 2044 984
1855 6809 647
651 5441 376
5108 7916 964
8181 8762 728
446 1240 144
412 8801 572
1437 1500 902
1621 6823 459
7668 9385 542
4757 2620 154
7199 2732 54
9127 7077 744
6342 2177 143
5123 8455 49
6812 1066 647
7132 4169 80
364 4143 16
1972 4329 478
7982 4504 601
1400 8956 158
321 7637 660
9152 4194 101
8720 965 771
1183 5408 988
401 945 691
7836 9477 636
6698 8472 529
9173 2464 161
3295 4309 263
9157 934 330
7902 2699 875
7977 1951 948
3030 1209 349
522 9787 853
5616 8706 990
5902 99 836
2025 7148 488
3625 8360 584
6487 7601 862
9452 2756 600
9883 9299 113
4780 3346 360
6477 5094 308
461 2120 110
146 2974 489
6198 8830 187
6817 9442 14
3018 1584 278
2985 8166 930
8670 3735 931
7202 6023 560
7891 7812 935
4074 6906 541
2849 2026 632
4841 6927 606
657 6933 186
9395 328 861
6910 7491 581
5146 8306 654
4076 1001 215
5364 8390 8
7799 4642 851
84 4837 186
8484 186 525
3112 2478 487
3219 9887 464
9833 4686 36
8362 3439 326
8214 9782 652
5537 4216 634
802 9736 432
4717 7025 5
589 2456 587
9537 7415 264
3620 2884 582
3013 4474 644
3668 5203 529
3029 7192 527
5272 1719 872
9747 5232 936
4878 2222 567
8917 2649 431
3057 829 342
2281 2097 777
2400 7399 731
7198 2669 706
9628 6588 786
6934 7760 463
7528 8287 560
8825 8811 428
422 895 410
986 2080 884
4176 6983 718
4867 3915 622
5070 3610 705
3303 8471 673
7678 1013 986
1683 9920 667
2921 9072 139
7401 9681 486
2873 3265 606
1004 1716 615
9290 6186 133
8709 8377 446
233 8487 435
3244 7783 882
3311 3264 274
3446 7719 604
5062 1242 752
7247 8478 396
3120 4940 279
8857 538 622
4778 2504 868
8239 6744 110
5487 6281 453
1071 6020 928
9826 398 553
4104 7732 124
7768 7591 260
4502 3455 933
6139 7338 898
4786 6182 648
2420 480 807
1187 2986 393
3329 7371 470
5663 173 930
8479 6279 566
7449 8935 351
6415 1261 320
3435 2140 966
7501 7897 836
595 1232 262
5892 6122 233
8534 6629 538
4844 5518 285
3554 2868 749
1115 1742 321
1898 3434 683
7213 2924 341
5032 4339 691
8384 384 951
4623 6835 565
4258 1061 618
9146 5845 462
8368 5339 384
7372 8678 268
3633 6655 670
6488 4185 689
9198 296 42
3041 874 805
4768 7172 487
990 6506 928
2207 5454 670
671 3703 570
9116 4760 863
6597 2985 89
6578 3387 462
8326 2005 876
8668 7694 562
3082 706 64
4818 5515 23
4292 9115 468
9318 7341 306
1291 9656 300
2019 1768 128
3666 9259 983
1123 2650 334
2853 6626 458
7642 8713 273
9908 1431 565
5422 6819 770
5772 8357 300
5350 2067 549
8470 8019 6
8902 453 763
819 3736 26
7152 2814 966
3632 6063 145
1860 546 863
1617 6807 889
8330 4485 181
7119 1682 37
6955 3163 8
4453 7584 145
2805 3349 837
6807 2934 828
5750 2326 473
6858 6021 807
9660 3283 506
2436 4491 312
9915 7838 232
2214 3005 119
5149 706 59
5161 5045 316
6176 7590 586
5210 3258 577
1101 4662 148
138 53 256
8685 2968 289
5115 1370 122
4258 9820 795
8035 5223 682
5763 8379 554
6992 6401 62
179 9519 751
3488 9968 385
3037 8322 739
4329 7538 857
2510 1187 872
2093 9485 721
647 6445 314
6933 1385 390
6264 7715 839
9995 3699 707
2002 1423 546
8475 5776 907
579 5011 556
4066 795 812
1517 9308 635
4088 4723 380
8057 559 558
3883 6141 527
2027 9291 933
9886 3877 602
9481 577 574
5231 2835 118
8518 102 790
70 3701 444
4264 8767 36
9006 5283 832
7010 9447 697
7625 3704 471
4791 3338 831
3451 7345 45
8164 950 496
7546 2719 535
1558 3224 503
8949 5919 886
5700 1299 366
1933 9875 28
2620 6121 116
2251 5297 896
7162 1834 616
4498 6083 394
4582 8094 408
1584 8687 153
3253 244 16
4899 926 94
9311 1590 317
8566 1375 936
2197 188 865
4026 1596 744
9196 3383 865
2688 2308 975
1816 5506 268
4697 9460 296
743 5466 181
4290 3159 675
3081 3508 725
6675 3414 583
8775 1647 958
4795 8600 149
5093 3100 198
6405 399 4
3907 5146 331
7920 1867 897
3458 4867 285
3311 6409 902
9145 6531 958
4373 7864 433
4409 1401 180
1989 7742 717
6182 1733 350
5532 8256 828
8769 3251 869
548 2659 900
3983 4509 881
1517 2764 841
3739 2237 155
6800 5837 278
8358 6277 93
5508 4592 920
4557 1159 377
5559 5606 876
8198 5069 491
6604 264 934
6883 6745 771
7606 2333 547
4858 2425 820
3503 568 830
3384 8911 85
8553 6186 672
7498 4674 852
9387 1453 673
7608 220 141
2727 9565 478
8613 5915 533
586 8168 365
9550 4066 502
9291 4348 244
1270 6071 323
9860 7238 738
3928 7785 620
7408 5474 716
893 5067 614
2914 6784 493
9077 3408 475
8119 8818 843
6421 4248 195
6097 7908 716
8435 5660 326
236 3930 698
7813 8363 99
9996 273 905
2528 7653 609
8075 6690 96
7876 8356 485
5712 5018 83
2107 9838 350
5955 2869 86
4034 6730 878
8752 469 212
9693 656 525
2839 4087 700
2846 5153 196
4984 7774 58
1595 371 935
5105 9190 52
3700 9322 70
4530 5844 260
8822 4992 305
6456 5915 380
9432 6160 700
299 9630 684
172 6429 570
8121 7174 731
4923 6434 181
7179 5003 414
6705 3054 234
5542 5482 289
9115 9599 266
9399 7765 742
3504 991 50
5933 63 876
9012 5725 931
4309 7103 366
6973 3784 223
9613 8662 276
2388 2472 469
4507 8241 733
4605 5895 749
6478 1526 902
7987 9341 764
2488 7593 281
612 3706 950
2351 3449 187
4572 2284 595
3647 3161 799
3243 7262 154
2813 6 381
7558 9384 430
1539 7128 937
878 3704 868
9688 6001 325
9493 2500 88
6661 6387 393
2084 3756 341
5282 6295 774
1746 682 907
4073 4224 631
9486 725 325
5096 1529 215
3080 8139 715
6245 1574 860
2659 9815 202
9152 3851 942
9540 7079 623
3051 7364 946
7284 8753 989
6256 8970 717
5378 2171 776
4559 114 235
4747 2586 304
5289 3631 468
1514 3885 374
2474 4947 539
416 641 579
4651 2937 814
2419 2596 748
4930 5981 848
867 1813 206
598 3041 764
8323 6250 268
7947 7337 66
7865 7858 60
2543 4791 396
4478 9373 624
451 7885 407
866 6795 167
8041 9449 792
6653 5529 112
3115 8001 220
198 203 598
3845 8346 415
8599 8911 415
4011 1266 713
4370 3302 989
2998 8489 862
9121 9865 487
983 4591 473
2296 9049 178
2244 9740 522
2478 1204 966
6219 1975 29
7464 990 210
1160 1303 677
5807 2053 838
2004 3467 137
8285 4020 251
7278 2266 742
7704 7526 715
6863 4905 365
5632 9951 32
8285 1214 609
2310 7712 465
2688 1217 880
5044 7328 518
4537 613 164
4542 7049 519
7135 4445 433
6497 4570 667
3077 7206 60
4233 9561 834
3522 7693 370
344 5521 530
9448 3196 437
8995 8401 510
135 4040 399
9985 8235 436
6873 8627 896
5213 9720 184
520 3120 514
1290 1657 916
3663 5114 962
9585 1135 209
4454 477 391
558 8711 588
1013 9778 770
2975 5696 556
3568 2575 258
2666 2664 279
732 7482 926
5611 1428 969
7578 3539 572
8488 6831 529
9164 8449 774
4067 1352 639
3585 2831 199
2177 809 143
9984 6642 814
989 6168 406
1885 1143 488
700 5323 641
8438 8902 793
523 5419 759
2484 6266 538
5355 2944 114
2824 4591 115
1991 3049 216
6489 7390 968
9831 7902 49
7304 6649 255
1986 2917 371
32 2780 378
8668 7655 289
861 6479 809
9809 2888 135
3919 9554 475
9738 291 882
8457 1932 79
7020 2629 695
5344 6113 340
9042 5166 435
1200 7164 878
4446 195 257
6205 6871 103
3445 6333 260
9695 3330 491
1675 5295 938
1475 6525 868
8847 9877 702
1258 4477 206
2567 3034 620
8592 1104 233
5834 4824 25
4025 972 545
634 3705 492
2293 9232 939
2494 360 205
1391 4913 613
9020 6654 515
519 1394 807
5533 7118 933
2791 4342 47
3200 3174 766
8027 2860 250
1607 4733 309
4527 6983 91
660 8451 592
3650 2318 548
8763 3583 138
6585 2246 303
8421 9597 128
6650 7193 915
3344 8782 778
8623 2598 878
1692 3859 900
8104 968 23
7259 602 90
4407 9333 389
8297 646 187
147 2510 500
1297 2949 470
3955 1985 31
6851 1154 109
2808 7218 229
5716 7666 116
2052 40 89
7696 3714 440
4528 8794 853
816 1417 678
1870 8515 554
5409 5234 662
3248 9353 927
8171 2367 433
2233 3929 953
3041 3849 728
8156 3109 370
2368 1423 985
3005 589 730
8039 6714 451
1067 2896 641
1592 4241 909
2294 2277 62
2362 2371 984
7166 1076 980
9247 7843 297
4298 21 137
2758 3460 381
3639 3851 599
9181 7959 146
8664 1288 126
4957 7724 705
86 4442 726
2473 4607 548
3648 8136 605
7784 3615 154
7854 8050 291
6925 3447 760
4793 8537 980
3875 8168 674
7735 4175 44
6083 3112 980
2520 1176 222
52 5518 5
882 7009 526
7848 8295 524
4023 8769 833
9590 3868 436
5069 9573 87
1599 7991 655
5079 7149 116
6085 6801 549
7637 126 505
5126 5651 728
8255 971 181
5282 6336 294
7917 8306 905
9550 9852 184
8848 7824 28
4066 8481 477
4735 9099 839
5134 9955 891
6022 4090 350
4739 4984 197
9066 306 502
8944 6828 696
1225 96 99
9781 8307 277
2134 3320 940
1447 5274 999
6627 733 229
3395 7444 282
3496 2853 619
1159 2963 213
2062 4507 682
3767 9584 319
5894 889 584
3605 9043 410
8615 437 174
25 1092 232
6981 3473 949
5230 2073 404
6715 4039 364
5424 8514 402
429 9233 739
6482 5800 382
5269 6321 475
2512 3680 163
8759 4775 296
6847 3153 941
4214 5278 835
4272 5126 955
8129 7940 580
825 4532 135
9404 490 904
1641 5085 339
8729 350 220
4215 9349 634
7340 1404 793
5086 8385 963
8030 983 964
6168 9273 595
3730 3837 105
9860 6068 599
8925 9120 939
5636 9448 51
8923 1327 23
9746 2623 787
6897 5958 198
242 3503 907
9337 183 320
5092 4203 605
7660 9517 522
9219 3518 854
2053 9672 88
4626 6195 521
2878 7841 611
4840 3121 369
1833 9691 677
397 9726 974
2397 8654 291
3033 4946 925
4020 9927 601
7565 2017 233
811 4561 619
7863 4006 692
9265 7536 310
5707 4726 435
7927 3318 111
475 4944 928
3409 5361 727
4473 9059 390
2423 2262 434
3538 7515 319
9862 6956 266
2617 9790 955
8283 2020 413
3651 6062 962
3361 6987 496
8548 8097 894
9602 7016 873
6452 1745 201
5972 6023 406
3156 8887 271
3709 9023 658
6186 9753 692
2806 7849 301
3528 6885 410
9856 8278 540
8468 9606 38
3388 5159 953
5214 7930 197
4010 5022 734
7189 3746 896
9636 1569 914
2091 3809 729
3748 6773 645
484 7123 462
5342 2299 43
7408 5622 517
2840 1479 883
9508 4886 55
9658 3194 632
344 3223 189
2981 972 823
5603 8870 555
3088 8565 174
4160 5630 546
370 8814 197
3408 602 374
7303 9002 317
6933 5630 19
3027 2564 735
8810 8798 360
1365 8660 76
3482 4830 116
6026 8412 829
8166 7348 486
7181 7603 980
6596 4150 766
4321 4443 603
4674 6362 641
7569 6929 635
2631 7148 774
2588 1112 828
8684 9365 741
5424 2254 532
822 4784 578
5010 3910 268
4132 9506 589
1135 7489 141
9449 8568 199
8043 4446 581
7045 3216 592
862 4823 710
4791 9679 347
1979 5200 35
9814 5469 609
6126 959 611
1565 5420 266
1944 3507 981
4107 6708 321
6400 5463 881
9277 2567 826
3053 6826 811
1521 8239 126
1164 5813 631
2839 8875 259
9049 9601 644
7145 7811 653
5457 9386 204
2212 1780 811
5875 8866 783
5153 9269 165
126 813 672
5190 4956 995
3915 2281 555
5670 1395 252
2995 6958 524
2818 486 955
7793 5238 974
2801 540 763
1976 2168 684
7877 9997 94
1451 7497 675
2071 6538 969
1565 8347 899
9036 4766 442
8884 2622 541
522 5198 666
3482 1176 678
6163 3081 67
309 8183 956
2100 3492 765
2967 73 576
5098 2948 883
7751 1903 455
2850 9459 27
3708 2461 291
2281 2414 289
7850 237 192
2713 7674 429
4754 6608 48
8429 3724 631
2442 4480 864
8333 3409 942
5154 3465 914
5923 3505 825
8467 5609 14
5761 4192 170
3699 9980 769
2656 9278 696
1781 4426 542
4854 9907 496
795 4528 125
1509 7908 358
8839 1912 412
3904 4796 551
7305 3902 425
8104 5886 250
4961 2818 69
211 4386 12
5814 5094 91
5935 7530 686
2243 3125 254
3204 6867 483
3096 2792 948
8323 6532 22
3926 3018 390
5987 5960 916
5604 6045 377
8121 8770 983
1645 9477 632
2985 7249 668
7879 5445 882
4367 5229 418
8328 7986 294
7957 7401 310
2166 9780 212
3108 6398 361
1101 5618 384
6186 53 754
5031 9315 533
9644 2195 356
9741 6355 929
9751 6298 290
6662 9969 646
812 3824 237
896 6735 918
4262 2977 17
8368 4287 739
6884 9697 54
3484 872 952
1536 1638 885
1342 2808 840
9134 7980 23
9745 5403 343
2054 8707 298
1060 4023 680
423 1723 952
2092 1328 227
4257 1487 927
2367 8143 970
9719 5326 21
3427 9649 255
2317 3927 360
3706 6279 738
5251 1687 483
6315 4799 962
9567 715 22
3501 9421 319
7346 6418 309
1505 1516 674
2072 492 781
1947 1071 184
6042 7969 311
5760 369 331
6933 3194 828
6643 3686 468
4045 3867 588
1100 5413 37
8538 6839 738
3886 2537 471
5286 6387 667
3062 2311 155
6778 3710 322
2314 2941 703
1407 6332 352
4895 467 383
940 3928 45
6026 8357 434
3909 2583 878
9415 3190 362
193 8320 244
3726 2779 467
6835 8622 758
3908 4006 848
576 9490 515
7210 9976 683
7247 6748 243
3774 7723 235
8403 6610 95
8503 3855 291
8115 7133 65
2348 9929 902
2398 4156 340
5799 3549 942
9139 1074 588
9371 6242 310
3668 435 866
2897 7649 640
2683 3247 65
8289 8722 974
4027 4176 86
4141 5794 395
4466 6203 41
976 4248 534
9525 4244 125
3275 2029 636
9138 1400 681
4566 2573 767
1318 8576 821
9444 3840 488
8502 7344 576
6865 2877 779
9997 7449 527
6955 8358 496
2092 3298 778
7351 8942 694
5825 32 128
4871 6399 340
1837 1612 517
3910 7264 749
7734 5476 950
3753 2954 972
3167 6640 46
7972 8947 117
7803 4545 761
4393 1504 969
9478 8228 909
758 7701 480
3120 9627 224
3787 204 312
8767 7952 954
8005 149 281
685 1084 883
1681 6419 78
656 7009 562
7655 4201 572
357 5309 641
4078 3137 658
8002 1501 810
3443 325 328
7667 4550 490
6074 6126 145
3535 6308 613
566 6273 552
6781 7072 623
9924 551 318
2475 7009 826
9381 5648 493
4687 3583 221
4562 222 452
9821 3812 466
2116 2568 522
6342 8618 186
6560 6894 651
7054 7295 106
7517 9510 400
6734 2830 948
4428 437 915
564 5037 613
6098 3167 580
6612 8807 508
9533 9561 67
1501 5906 870
1625 1470 99
6199 3327 345
1372 5928 243
3816 362 374
2182 7162 655
7682 5447 302
6482 4818 882
409 6260 496
6355 8122 839
9240 4547 586
5618 6212 258
395 2579 740
3416 6833 451
2402 8964 982
8906 3026 370
7460 4201 679
7667 5066 984
6598 3558 930
6130 4644 148
9912 9385 63
5110 8522 106
5396 1022 886
8767 8239 318
5566 2030 706
8335 407 674
8146 5304 254
5070 4341 990
5299 6717 977
8372 6361 159
6697 6755 398
2952 4002 864
7118 5602 714
1982 8522 703
3850 6350 56
6090 4372 501
8239 7209 989
461 2935 151
9659 9224 122
5229 5363 471
2525 4439 26
6651 70 522
9 1002 143
313 1110 852
4847 5442 284
703 4826 416
3417 4873 247
8875 9524 397
5835 2368 158
9588 6592 440
6643 9820 522
6979 7562 997
4910 8360 965
7432 9240 907
8565 3359 781
9945 3154 26
141 2302 793
8738 6880 646
1279 441 596
6087 2173 743
2027 5006 819
8648 4092 837
3787 1668 108
3373 8916 354
1208 8919 675
222 3483 638
7615 3699 542
2378 2791 897
7904 2573 52
5853 4908 151
1002 577 344
7305 2774 661
2996 398 977
3116 8032 554
2963 2359 173
492 6979 94
8884 3934 389
9706 8150 215
3592 311 674
8495 8484 142
7444 1484 653
2100 500 260
6442 7259 161
1423 1651 44
5907 6685 82
3189 6315 104
2036 4130 192
3897 7040 199
3037 1970 24
658 4118 876
1717 4398 946
820 458 314
3063 4562 25
3788 8101 130
1330 572 480
2219 1523 451
1792 4040 961
4236 9489 511
1007 4904 6
3539 2387 59
2853 1940 747
4386 7248 104
2492 3364 88
2062 3940 410
4820 7951 78
4222 3653 176
8441 2363 497
1504 8359 853
1958 8717 939
3926 9482 407
795 3234 727
3744 973 14
9347 536 642
2440 3645 768
7295 5708 84
734 1885 198
7568 8686 777
3314 1788 773
571 7522 620
6329 6052 605
3649 2794 571
7718 4949 31
4722 2879 902
4888 7292 282
6200 2136 819
7653 905 102
7660 6865 543
5561 8561 409
9721 4853 583
7476 2918 294
8495 4459 104
1997 9594 170
5460 3751 232
5271 4249 342
5366 698 403
6694 819 470
8943 9275 692
4831 9374 512
6369 5153 268
2722 3781 60
8568 3680 121
3875 9381 869
4866 1439 742
1275 2713 681
8505 1865 789
5189 1083 503
2350 5740 201
7105 3830 150
2625 3887 827
371 2378 160
2234 4812 271
3846 8177 108
8725 7178 319
833 8198 632
6212 4182 831
2998 4178 234
2827 8828 519
7 8796 34
9754 3587 327
1853 9354 224
3881 9421 49
6450 4657 581
2728 7919 319
9464 1471 417
6638 8676 924
8712 3580 163
9128 9865 596
2455 6028 910
9437 7181 298
8259 405 390
619 7240 310
3701 3223 29
4201 6446 96
6060 8962 469
4867 6568 824
7530 6726 880
1636 1105 479
7574 5156 423
8073 6510 860
5368 3370 425
8072 7792 451
5726 3740 577
2348 1116 270
9500 695 282
7252 1446 891
9526 8617 114
287 2207 199
9381 2738 508
6824 2734 536
9892 7671 619
5177 2976 826
8398 821 395
320 3451 130
9498 8859 329
6586 6860 462
8779 1819 682
4981 9255 419
6777 2859 824
602 4873 710
4295 8063 721
2285 1144 11
3195 9201 367
8278 2543 257
789 7251 792
6659 8971 912
6073 177 261
4635 659 816
2867 3646 745
4367 1669 577
492 3149 359
4208 5301 359
7494 8197 98
1611 7849 941
3935 9806 340
8051 6773 280
7234 5691 16
9924 4255 642
5069 2912 579
4799 1815 789
3242 4784 901
6284 527 688
5181 9415 435
7500 5777 87
9264 9723 559
7953 2616 853
8421 2580 176
4385 5945 27
6328 9870 272
2477 2620 422
6408 9285 153
9884 4170 902
3973 4768 334
9908 899 499
7569 1241 184
4175 5561 222
9110 9580 898
2243 6003 780
4879 1207 747
1636 806 717
199 8759 787
8837 8017 151
9994 7146 94
2929 7218 242
8056 6751 363
3258 980 40
5817 8833 533
959 8003 959
6165 7208 769
936 9590 842
3576 1869 994
9989 8666 178
9999 8917 363
6688 1990 728
938 6846 337
7723 2583 353
3636 9514 988
7752 4235 571
5634 3084 217
9409 1339 72
940 2244 593
7364 7911 171
6793 297 733
6164 8001 894
2762 4573 338
1184 6278 98
8319 7479 57
9766 65 52
5202 109 324
1467 3701 400
4899 4871 460
7026 417 333
8899 7064 422
6406 5548 322
4105 5361 842
798 2606 472
70 3308 543
7909 9865 274
2821 64 938
8083 6243 295
4293 9094 121
7168 3839 916
7914 978 811
3479 8051 775
932 2979 944
4205 2218 327
5600 1285 288
3810 4398 877
1378 5581 860
1527 2520 869
1455 170 934
5159 4620 616
2056 4376 595
6134 2134 946
9606 4364 764
2274 4439 671
6113 1369 345
4869 1904 723
9996 5585 369
9568 2490 137
1417 8009 108
7839 938 197
7209 8833 261
5411 8575 871
939 3038 670
4374 8501 703
5401 1201 758
1144 6759 724
1529 6125 357
790 5867 529
55 7491 871
6189 7933 740
7593 2803 776
9293 4155 848
915 5520 854
4083 2232 879
3688 8414 78
7248 3942 378
3321 9256 544
1299 2659 759
7673 4766 140
1199 1876 878
9 2660 509
1472 5179 696
6232 989 500
9674 3676 121
5654 3443 147
9693 4616 302
9434 5034 155
9197 4794 658
3957 9691 584
5330 211 240
6540 6584 234
9315 3827 328
7890 4148 280
5213 8376 163
5514 5798 295
8504 71 209
338 3603 738
1161 749 367
9222 1883 536
2327 2400 1
6222 7613 529
7678 3109 598
8623 5900 877
6543 2716 643
967 5550 612
543 3424 745
5893 3424 537
1949 2178 325
3253 9368 100
4416 7292 151
7137 7893 970
5010 6378 412
9674 2438 493
6842 8600 309
8793 6967 956
6003 3036 182
6923 9348 146
5275 9536 705
7699 8306 398
60 8812 367
8621 3195 833
2695 9880 71
4301 374 755
8372 2526 565
9855 8982 861
5878 7749 615
2817 3104 352
4338 8210 944
6517 2901 994
9208 5421 451
6224 6287 350
6288 6473 337
5963 701 354
4523 9037 869
5626 7268 229
8485 9468 810
2107 7829 916
1258 5704 702
8863 7421 52
84 3336 629
2217 8215 606
761 1980 48
9423 6909 564
7831 592 338
7343 8919 119
240 9159 295
5683 5746 657
485 4168 130
6676 5902 77
868 5224 474
5115 6363 82
9309 3972 906
6564 4096 873
7214 7436 767
8148 2594 520
3299 9562 643
1794 2982 637
9057 2322 570
6275 7881 447
7335 7947 747
4867 607 11
7442 4237 685
1081 7652 684
2230 5727 649
2742 553 612
6535 7191 242
3709 554 572
3104 7297 882
8345 5807 629
3971 4590 219
1282 8965 957
5044 42 403
2801 7120 715
6545 6312 239
6152 215 881
349 3196 488
9796 658 32
3407 7093 760
5334 1724 811
7857 2565 719
125 543 517
8929 8048 186
1940 4840 161
5857 414 581
1178 7155 722
6326 2192 706
2157 7886 311
2516 9362 896
4429 6351 641
6298 1491 840
5333 4454 963
3916 2420 470
9022 3221 678
8151 5596 424
2588 6217 638
6734 2470 149
985 3277 951
5385 2549 975
6640 2727 110
7465 875 186
8311 6958 404
4834 2923 542
7406 9228 267
5217 7379 489
3603 7 598
7441 2483 947
675 807 614
1529 9185 674
6655 6459 354
4105 1873 898
1034 4778 952
3299 5308 255
6524 9726 316
215 7728 238
6419 3986 345
3368 5919 711
7630 3168 483
4460 8473 550
2890 6475 942
7229 5761 573
6442 8586 358
8845 2774 456
8202 5696 152
8577 10 446
4375 3800 927
6404 6954 841
520 8137 743
3919 5660 872
105 845 204
5226 4138 980
7128 3630 247
1959 3110 266
6713 4662 531
1788 9322 563
2178 9792 641
2705 8275 323
9472 4859 629
3471 1474 499
6570 7112 579
9839 3711 61
2837 5934 529
6488 3112 314
9048 3824 99
1939 9346 716
4283 1591 700
4528 7687 494
3766 2094 5
8282 4956 941
574 301 744
2072 7900 572
4541 9520 128
7423 4868 332
9864 8127 633
2304 7572 781
4579 1383 180
8102 4159 774
6892 488 121
7116 3351 423
8842 8032 69
7074 6024 453
8482 5066 392
5891 4024 291
1102 8546 107
6773 6711 453
6649 914 786
5498 7267 722
5993 4445 240
7934 8658 901
972 8798 196
8685 9381 344
160 8415 37
4589 7270 817
5661 4774 85
7881 6657 137
5509 3842 50
7516 6465 321
9238 7080 956
3347 6858 891
9318 9797 546
3303 3183 640
8226 7861 57
1464 5449 344
7917 1616 798
138 3607 891
1699 9048 776
3532 4835 781
2535 5801 984
4981 6317 735
2797 527 383
951 5757 443
2270 1073 663
9267 9676 239
3898 9025 131
9273 4384 871
4449 7033 49
5617 3304 816
781 8828 607
7343 8660 527
8817 5293 937
8454 2795 857
6641 6100 734
9034 4299 591
8157 7383 142
2161 6021 750
1029 8426 560
6541 6133 245
8920 906 538
4260 1239 52
6821 4968 123
6569 8156 321
3202 665 157
149 9007 181
8081 502 449
7509 2091 199
3143 5286 11
4719 7743 419
7121 6813 951
4513 1706 413
9721 6788 132
7600 7510 403
6972 8643 865
1990 3149 647
8423 3448 917
2895 1800 616
723 8348 793
9968 9985 406
5495 587 553
7764 5816 144
6662 9205 12
8922 9485 247
365 8353 980
3881 4557 124
9840 617 574
1216 2851 989
9226 8765 688
6092 2034 422
5902 7429 884
6041 8183 483
4687 4525 96
8502 9950 17
9639 7406 533
5159 464 262
7576 6967 114
7976 5822 39
6709 8240 896
8139 5680 532
8903 2197 792
5856 3379 513
4737 9797 356
5463 9660 133
6501 5341 407
2654 8476 189
3190 8374 271
1780 421 181
7973 6103 31
5832 7713 24
7803 6177 868
5172 5510 554
9748 187 183
8228 9777 631
1433 4684 888
643 9441 129
9847 3840 637
2348 9469 476
1955 7485 280
2716 2071 158
8729 5214 669
1003 6068 743
4784 9199 77
1255 4339 353
4137 1439 180
6333 9372 986
7856 5237 252
5474 311 719
9285 9626 709
1600 8685 597
3038 2989 100
178 3874 942
5758 6443 760
9257 3160 447
4017 3801 390
2794 6079 35
5151 4494 26
3618 7365 915
7297 5033 228
4959 8163 787
2591 6884 914
6584 5022 651
4110 9832 688
6944 8431 461
3400 1374 506
2516 5798 430
6432 7514 645
7704 8398 598
3621 4848 657
1675 5157 514
5447 4306 442
8221 188 519
7302 8118 691
2159 2797 671
2384 4391 721
9844 2987 272
6957 3878 959
2281 8951 830
4605 3951 838
8578 7429 735
4668 9962 26
1508 5260 664
6911 3623 269
1991 7214 913
8329 6613 841
5685 5431 435
5358 4552 405
3501 3605 11
1854 6167 427
4169 9554 941
6016 1860 826
5845 9217 343
4034 5716 709
8715 2468 917
4325 9593 610
8052 1276 782
7445 7983 896
7714 8391 204
4271 8534 556
8600 3622 581
971 722 450
168 2315 112
4854 9699 719
7701 8065 466
9364 8079 362
392 308 408
7238 700 498
1888 5196 503
2010 3236 512
746 5946 634
6986 7885 485
3193 1607 343
3904 8035 477
6770 8531 82
760 9715 117
1769 4069 531
3722 1611 390
8701 5116 723
7446 6792 634
9633 3960 351
3557 9707 292
4689 636 955
3374 4901 943
4421 7546 408
4946 8391 381
7602 3059 270
6733 2224 976
9650 3691 268
3981 1298 143
7227 2906 654
7863 2493 246
919 9942 591
7270 778 17
358 1029 206
8532 1517 905
560 985 841
5682 2455 79
526 5756 72
2866 3737 149
2609 631 417
9557 2175 273
6374 5357 726
8943 8462 804
2950 1492 496
6292 4486 936
294 5816 382
7991 9404 877
4374 819 648
5233 4854 498
2944 7442 590
9851 1036 68
4654 6167 127
288 5803 360
2383 2896 606
1935 5766 920
6434 8384 756
5220 7056 795
6737 4408 956
8039 6117 298
8199 8273 662
7900 9540 758
277 6434 614
9800 5806 401
5720 8765 710
4859 2794 490
1804 1980 284
3840 1018 161
5046 7662 507
3374 8724 112
8164 5490 535
3489 2903 423
6108 2586 311
5411 2013 314
5828 8822 316
3039 9523 446
1246 6147 687
9901 7326 379
2023 2519 466
4400 3651 666
1213 7538 259
8342 4955 468
6463 305 852
7993 8256 442
8755 7331 587
4096 974 39
3303 6880 972
1750 4375 498
6039 7583 461
5287 6577 336
7512 4082 841
7956 5356 182
9215 8884 984
3326 9439 476
4768 3963 57
49 6755 170
6810 5535 512
132 8716 743
6687 179 327
7147 569 573
1352 2541 835
2680 6452 760
3021 8572 543
5100 993 865
5416 638 942
3742 9314 170
483 5595 287
5358 6850 551
8455 1734 659
9421 2981 96
214 4750 334
3777 3648 895
894 2365 500
5442 72 545
5363 1672 202
4634 735 548
2495 3780 240
9624 8241 874
6586 5420 143
2479 6196 247
6887 5391 86
2537 5517 18
9619 4599 717
7303 5325 216
438 1516 403
2078 3087 231
63 202 364
4436 2009 869
3005 214 616
4914 7387 9
1407 2495 157
7407 6277 634
7078 2360 751
2696 4736 86
9591 5012 577
1790 135 40
9675 1295 85
6078 345 992
1924 2183 278
2058 9425 719
2430 9374 939
6062 3648 44
2482 1535 577
3399 9256 663
2278 5063 871
3177 1446 750
6904 4573 847
8089 512 215
3323 6857 926
5737 4136 883
9726 8908 234
9228 1434 469
830 5835 295
9253 104 185
2363 1038 265
1693 349 668
6639 2819 405
2210 4160 158
6751 6947 386
7435 7220 187
8823 9850 850
604 834 881
1403 9009 307
3308 793 499
6284 310 296
9316 9842 12
3722 8943 511
9552 7125 75
6044 4176 904
7455 8589 671
5845 200 697
4789 125 26
7076 5990 548
4146 8967 386
7981 6168 36
6973 5926 719
2483 4303 812
1015 4796 146
1795 5196 955
2229 7573 887
9338 3955 30
330 6258 925
9870 6932 674
2146 7799 137
5883 2642 245
9835 6802 426
1836 699 826
1238 6485 495
6036 5304 923
1396 5546 653
3698 6524 732
8079 148 912
6969 5884 617
5406 976 696
7672 140 128
5937 1978 533
2543 1947 443
9547 7113 151
8216 7423 77
9232 7785 599
8630 9526 997
4105 1050 905
944 9578 821
7482 3741 528
6904 5014 738
2776 6832 689
2301 5221 100
1923 1003 339
3126 7538 235
473 4864 793
1815 5243 391
4891 6315 55
9228 9853 936
1737 3659 566
8364 2134 606
1160 6173 788
8607 8784 100
5631 130 60
6105 1140 119
5196 752 872
2799 3987 468
8968 4732 583
6520 4364 444
2089 5558 705
5443 661 304
421 55 968
79 265 617
1791 905 713
1190 3777 210
4206 351 554
1041 1949 875
6866 1785 228
6374 6197 606
5460 3885 236
1192 9246 276
840 3740 206
9198 9886 625
7287 2041 918
5047 3535 279
8289 4151 618
1508 6733 140
7076 5092 210
5140 7869 63
312 508 173
4194 955 30
1837 3871 409
6503 2993 192
8425 7592 223
9968 9929 7
3113 3621 343
9204 7188 570
7121 6984 564
7311 3377 336
7760 9855 123
2358 5542 232
1085 2330 681
1839 7509 728
7616 4326 898
3587 8512 495
9890 5641 642
563 8670 820
3663 6995 117
1718 7701 161
1704 6840 738
6857 4731 387
9035 3890 167
8068 8133 518
4976 2811 263
7163 548 130
9411 1030 939
5810 4596 851
7597 6035 95
7751 4354 259
134 1263 205
5543 3180 343
6760 2020 189
1118 6039 844
1113 242 546
1825 4816 719
8279 3283 145
143 3056 986
7184 2332 208
1311 3837 791
2068 2335 922
9721 4591 511
2439 6807 934
5054 1265 869
4656 7564 749
2965 3943 765
4946 2311 447
6339 7080 496
226 8391 730
3986 1766 687
6287 4710 372
4194 3113 842
2862 4960 546
9119 1906 814
3496 3261 109
7698 640 746
2332 7515 732
4971 6083 239
1725 9637 549
8781 6289 940
8388 2551 852
5450 9069 8
3377 8551 730
4126 8553 666
6501 1407 867
420 3424 466
544 1382 656
6592 2060 391
6336 3465 362
4186 4550 986
8992 6591 494
9750 7855 556
1086 6387 188
8997 6079 599
1927 2209 644
9478 2348 499
3490 1252 486
9626 892 183
3520 3011 368
4803 183 499
1769 477 218
4277 6038 217
7022 7408 775
1014 5040 756
7336 5446 735
9473 5433 247
9906 3193 742
2129 4513 487
6895 206 667
1290 6675 579
6760 8937 490
2439 2577 370
5167 9041 659
2650 7039 860
2040 7467 59
1717 6361 406
2469 8948 254
3354 2791 492
5614 9823 36
1309 8138 855
6397 3923 818
8613 6580 241
4346 5717 216
9812 5631 402
1655 8981 278
2483 374 418
7736 6269 325
713 6865 302
8207 864 455
4336 7836 209
6205 7745 682
4520 5675 629
782 2917 455
930 9916 428
6123 6315 601
7306 3604 339
9807 705 374
1611 2406 709
3161 1656 982
2890 209 210
2916 6482 148
1637 7351 367
3863 9682 883
7858 3325 999
6646 7545 743
4666 7140 168
7881 1837 329
1778 9178 622
6146 3674 392
6811 6939 190
770 2574 967
504 9412 199
4281 7734 570
570 8540 9
1282 3917 289
2024 7390 971
9051 5413 439
6833 6661 761
8185 1865 604
4842 5712 75
8161 4744 534
2936 7493 581
3913 9931 334
9952 3123 714
7988 5674 177
8738 9632 735
9022 4441 654
9878 6766 297
6865 8769 94
756 5567 43
4028 852 571
1556 7817 210
3929 7254 633
376 3438 867
8608 8417 923
2502 6732 862
824 597 254
6577 4410 417
5229 7085 520
9223 8187 448
6038 417 611
8354 5997 139
8589 7901 683
1488 7303 266
3318 7188 813
2168 8400 364
7996 9138 252
6133 5821 537
6489 8018 786
1109 5560 554
4740 2652 228
5412 7285 796
1085 828 652
712 62 76
2215 5779 420
6357 5144 178
6149 1166 934
6456 5670 514
8021 8810 46
3577 4673 694
6563 1158 720
9871 4428 287
3191 5846 63
1686 8502 573
288 8439 849
5191 5282 460
3125 3586 895
9540 4862 585
1709 5278 809
8019 6909 742
8678 275 229
332 3023 992
4791 4640 827
6844 3121 864
5345 3350 213
8781 9176 76
348 6144 290
5231 7768 78
2068 6916 839
8614 3047 620
8964 1916 965
7380 8313 510
3602 3577 441
3270 5667 620
6185 119 463
9818 7231 420
4021 2961 821
3982 231 976
2098 6504 586
3470 7303 819
9116 2575 993
4955 1891 866
9507 7391 657
8475 1053 999
2557 5265 540
2625 8399 698
3520 6967 526
9102 9479 30
5236 3640 94
4003 9881 13
3120 4419 961
6763 9217 397
8494 9230 286
7343 358 169
7118 6747 984
4346 8289 239
3212 9033 351
3621 3275 436
7625 5180 848
6791 1984 55
6661 4397 397
2990 1522 941
1921 599 946
8567 2488 881
4711 358 629
5513 7541 833
1045 1995 789
8005 7106 789
702 712 521
2654 4634 398
6356 7634 981
1514 6234 771
7993 3661 396
2747 9703 23
6654 6772 174
2265 7534 607
2433 8782 175
4973 4490 326
5165 8354 632
4982 6724 152
2373 7171 935
9390 695 204
3924 2965 762
6482 3872 305
4273 2160 476
8809 4179 701
9734 4986 241
9170 2753 942
1695 5810 505
9722 766 401
6435 9955 980
635 9616 707
4147 6425 393
6366 3064 547
8098 4376 787
8729 1695 397
1637 4784 331
1118 3987 693
1855 4757 196
5367 5413 456
2687 5991 992
2063 82 433
466 8650 549
9280 8835 814
2917 6958 315
3369 4135 377
5579 9432 234
4393 8187 333
9607 4930 508
3069 5964 796
3802 1313 235
376 7454 563
8993 3391 955
1837 7455 964
4804 1604 930
9904 8230 286
2612 9076 6
4922 5738 864
3233 989 27
7861 5284 349
299 9722 256
7999 1573 681
9282 2868 203
9583 614 734
9990 3094 865
9915 2364 311
1850 2469 408
9150 5460 586
6256 9032 214
5273 9274 237
4990 3328 423
5206 259 462
5660 7273 899
6199 3211 237
6239 1213 14
6286 2936 54
9998 7063 873
7782 5552 713
4505 7538 96
9073 901 236
2905 2205 460
2476 7003 437
546 5313 975
959 4538 572
5650 4123 253
4644 207 241
9383 9906 905
17 791 58
4296 2274 72
1970 1780 360
2747 8318 235
5859 1411 555
8954 699 951
9378 545 772
2296 1969 661
9332 6928 370
4961 7383 726
6612 4854 76
5864 6034 875
9993 4725 543
2498 5599 269
6724 3589 435
2077 7733 47
6341 1180 537
5032 9633 454
70 9614 860
4283 4174 446
6622 5963 118
7509 2144 883
1082 4280 853
9651 1374 684
5107 9003 132
1090 4679 387
7284 8768 559
9882 7779 847
7307 5928 506
6930 9780 674
3959 5387 809
1645 2383 910
9998 5632 924
6204 6807 797
2035 4061 1
7058 5265 628
7800 1883 701
2583 7372 764
959 2378 481
2421 6013 379
9211 5496 572
8447 6305 525
1550 1408 475
4355 3596 164
7369 1845 217
5601 5139 856
563 3473 551
6594 6667 140
2376 105 673
5651 5284 14
6208 9349 209
272 3299 918
9483 4295 457
8406 358 592
8902 5229 581
1815 5624 629
3681 3749 590
5011 848 438
9290 4714 121
8912 7525 232
5611 7254 441
1567 4741 196
494 3390 878
6922 2901 145
3724 3449 563
8980 8645 124
7021 9959 188
8100 278 564
7901 2343 912
3381 9237 391
6363 1040 156
1539 5433 638
7422 1347 732
8936 1766 647
5811 9213 981
2468 2146 793
1559 632 229
5301 4096 397
9336 4397 581
3843 2716 168
9273 9050 231
8903 5822 345
9019 1849 349
8909 9153 417
7768 4194 133
1375 4611 916
5259 6909 633
9621 4666 890
3455 9118 38
4452 73 895
5520 4088 238
4103 5918 80
9010 5597 327
3284 3427 397
8906 3065 171
6670 8609 216
623 6475 981
1477 6614 570
4549 1629 39
3597 5352 483
5804 5376 141
9604 7564 131
8096 3212 924
8751 2046 202
256 7148 476
2946 6918 257
407 9981 164
8714 4292 248
1969 5336 944
2513 1518 779
4729 1316 473
4331 6666 933
8128 8019 900
4493 5408 584
269 9148 311
4004 8801 54
9686 1382 235
6425 3926 732
3798 2826 300
8059 4422 887
2526 3859 498
1484 9368 190
8868 2565 205
8359 3197 533
5983 8868 982
3891 5509 309
4632 505 443
5032 3086 293
7712 5742 218
8501 2348 747
393 3495 719
6589 5847 651
9567 3597 534
6796 3335 97
3068 240 8
2996 8605 803
7480 9043 227
9942 1802 948
4861 9176 901
9744 9321 527
352 215 389
5517 1821 781
2084 8205 421
4345 7227 862
58 791 972
3603 3246 540
5355 6944 56
6972 4578 861
1928 3567 752
4388 4929 102
5308 6698 440
5282 9873 81
724 8846 261
8399 2821 483
9212 2146 343
8111 9073 969
6087 7005 460
9769 7953 175
1418 4246 60
3584 790 3
5996 5158 811
7003 4854 95
2947 9713 577
927 157 16
6902 6049 709
6460 3209 775
9221 3986 699
9182 9265 745
8842 2991 511
9195 9031 433
2084 8306 236
8660 290 341
6231 7898 630
6474 5292 175
7034 1697 783
3130 7587 77
1355 7566 867
7258 2600 423
6651 4910 674
9074 9936 607
2747 154 419
2014 5232 512
1477 5512 757
1334 3656 897
2258 9373 957
3817 1995 421
6626 1424 944
582 9570 470
7789 4962 439
9502 2591 892
8540 7612 595
4144 7219 191
7419 689 172
9762 6248 304
4088 9640 340
7567 1743 618
5235 8622 588
4458 9765 978
4567 537 325
8717 1241 873
4665 7055 81
5108 6806 504
9163 8507 62
826 4638 570
9885 7908 657
8953 7847 42
7107 9570 408
76 9272 761
7505 6711 883
6471 5678 192
12 7944 813
467 9157 873
2910 3798 291
5125 6688 202
9974 5146 969
5941 83 409
536 8809 397
3680 9068 878
9681 240 435
8556 2449 251
1664 3406 974
9481 8854 770
9705 4824 532
3420 4823 946
1294 2162 178
6823 4414 202
6242 9195 14
331 7895 228
2025 6418 821
6843 4907 136
5828 9451 539
1051 7487 250
5982 9264 338
8962 4096 537
671 3596 861
5140 180 67
2291 3328 160
7271 9131 693
7081 8745 824
859 2082 653
7040 730 9
9266 6574 194
1484 1974 219
4414 3185 39
8684 9175 173
4773 5839 740
8841 2394 73
3443 2556 472
2230 3567 222
2756 7679 58
8593 1505 754
9241 6603 683
5312 7423 743
7958 9568 460
6324 8689 122
7961 4990 907
9715 2512 474
6349 1091 122
6576 1368 513
7415 9586 793
9222 5946 179
1422 1942 632
1984 4202 985
7252 36 349
6230 6358 777
6170 2 408
8528 4936 884
2474 5706 693
4948 1668 357
8158 2900 963
9660 6527 663
8443 2466 870
7767 5705 526
5466 460 417
599 1888 339
2339 6186 988
9485 8707 636
7135 1472 660
4236 5750 110
6350 8233 26
1410 2519 396
4548 5487 863
5459 4513 926
131 126 606
115 6241 737
9254 9580 379
4131 2760 676
3586 7178 780
8825 9322 563
1936 9877 630
2462 6385 621
1176 5895 136
5887 909 490
1133 815 509
5194 1201 421
4466 7888 793
9371 2336 781
4496 7154 182
5121 9411 147
6153 8548 898
4300 1120 740
4096 5876 346
5759 7680 35
3832 67 214
1705 1932 195
9066 1281 9
3901 4341 637
6184 8294 175
1974 1524 920
9983 8993 868
5826 8886 460
7138 399 465
4587 9345 857
9226 9910 394
228 9694 890
8609 2325 696
387 3399 494
5967 3712 311
9946 3778 315
9747 8849 775
5158 7862 652
4692 1248 75
5426 2090 172
8031 6502 642
4604 462 736
3091 1908 964
8224 9056 948
5719 9064 853
9652 477 21
3306 3599 866
6983 4879 143
9977 2162 922
7672 5392 573
8622 2384 234
3838 3509 346
6128 2596 723
6276 4188 524
4672 5966 853
9055 4060 227
5183 5926 650
3532 6941 196
3187 8204 838
4966 5512 923
4035 1408 401
9417 1423 924
5941 6707 651
923 9355 898
3631 1556 607
9749 356 787
1644 1120 791
9922 1112 838
3754 5787 366
7136 896 438
934 1618 755
8272 9532 604
3826 9476 661
8808 3261 214
9173 5642 398
8407 3945 554
1502 6210 394
318 6427 974
5861 9937 136
8169 7479 991
5562 97 402
9150 538 948
2622 4414 943
1611 6121 892
80 7171 98
2949 4173 36
9701 5623 704
7576 6906 798
8258 3558 530
8375 6530 639
5005 5987 936
8627 2980 921
9893 3223 80
9086 3492 189
9292 4381 108
7979 5318 421
2115 6114 575
1379 2811 25
6470 9338 987
14 7671 524
4713 3549 176
4637 8347 289
7782 433 541
8022 6411 932
3210 3195 865
1554 7418 992
131 225 358
8464 8643 180
2548 1468 561
6031 8940 789
8300 5363 831
6454 4472 892
1436 8331 508
3421 1242 117
3653 9694 81
1503 7522 503
6498 8111 923
9738 7636 861
8292 3831 102
4790 2690 539
1957 2012 456
2059 8425 487
3150 9747 557
5078 930 913
4049 3254 167
7999 637 989
882 6556 436
170 7704 325
3709 8994 389
6429 8768 301
8352 7283 323
129 444 906
7307 8609 361
9387 7238 582
9935 7368 74
3552 8404 804
7740 6127 496
4704 3450 654
414 1563 282
3856 725 225
2653 2303 19
4979 9551 698
8656 2987 673
6908 3788 798
6854 7570 365
401 4591 45
816 2796 567
5654 9013 19
9231 4590 174
9793 7585 948
1589 7794 630
8597 2686 122
7963 6064 966
2078 9658 63
9609 8846 283
6902 6994 376
152 3755 400
4790 7547 186
517 499 68
8319 4206 500
8652 820 139
8457 9328 448
444 7130 721
6560 9961 687
4857 3319 213
2299 1201 649
9734 2835 347
3580 6597 220
1648 7511 727
2397 6153 974
5068 1462 92
9999 8731 886
1095 647 372
1271 8595 997
3958 4601 115
4378 2700 717
5555 9104 991
5780 1340 864
4034 933 377
3882 2816 837
2461 1182 953
6819 3039 317
6688 413 980
9285 1261 214
8488 3277 193
7993 4382 50
3669 3510 547
9522 3921 99
8780 4941 722
1844 4407 492
7793 5467 729
2195 369 684
9164 9317 607
1262 7461 677
1590 7885 616
9453 4411 42
6546 4991 610
3073 5085 64
5869 5125 578
9342 4652 23
8155 5141 178
3398 3211 317
5563 6629 20
6357 1189 923
4760 1349 701
3717 4222 991
5935 3927 326
5271 4739 336
7858 7998 914
4698 4066 636
8603 8423 719
9184 5391 388
3934 1751 955
9888 7461 915
9986 5489 325
3181 7262 50
126 9839 378
7754 5519 671
8708 7496 764
2243 6683 855
3973 501 496
6708 7308 744
3258 5489 429
4473 3619 994
6134 758 440
3698 1019 254
8022 6147 574
4342 2509 885
437 8052 623
4294 69 555
616 409 871
947 1383 327
2065 7294 944
4970 9646 370
241 2406 930
369 2332 543
3313 3553 336
7679 8403 576
8643 9899 16
5383 1250 144
1218 1561 462
7192 4308 557
3423 4350 625
7052 1981 840
7075 5989 636
8015 4340 473
8132 1420 590
7948 1659 36
9979 1316 532
3390 8377 476
3452 4815 774
1915 9804 599
2811 9552 166
3653 3161 970
8742 792 158
5966 8464 771
8535 1947 792
2420 9248 326
8722 1013 40
6789 6845 896
5585 2596 694
7615 3318 201
7807 2856 32
3176 3092 711
4813 6259 218
7089 5493 721
5870 8258 757
7907 7635 834
1897 5623 348
3397 3682 469
1405 1587 856
3099 8855 145
5115 6457 412
5470 1586 396
5754 6330 975
3582 6353 227
4665 3171 356
348 8224 386
123 5876 80
2967 6837 911
6305 6470 52
1797 408 263
9066 646 121
8389 6142 359
1561 4796 686
2104 6009 448
3197 9893 612
1629 4528 558
5754 4702 217
4802 5554 385
9035 6894 982
4178 9916 755
2657 25 398
8625 1236 969
5483 1038 268
4218 8623 800
9861 2920 328
1873 2858 13
730 4642 170
1915 2024 634
3898 9314 649
1888 3023 956
6410 4689 83
851 7450 79
1805 5006 462
3737 260 421
1661 5953 938
2647 7950 913
8151 8902 754
9639 7578 262
8039 1130 236
1728 3473 339
9677 4641 140
6658 9722 490
7268 8571 900
5330 7400 127
1299 367 433
389 9082 484
2683 2703 535
2795 2530 61
8797 1910 591
9318 9284 603
9904 328 557
9185 9961 975
9451 1649 519
488 2244 121
2674 6359 848
542 7591 968
7608 4002 897
6021 1480 672
9633 4936 488
7920 5464 757
3641 1954 204
4395 2970 812
6211 9017 848
4563 5839 796
6241 7246 15
3354 8789 418
3405 1886 328
1437 1127 71
7666 2708 740
548 7769 938
3911 2000 56
2630 8973 594
7824 7042 493
9388 3919 213
572 1697 237
2967 8702 498
1628 116 734
3427 5723 403
7939 7763 471
4120 8970 37
5816 3549 60
3394 633 660
1009 3415 334
6177 8950 211
4745 2584 350
8198 7761 247
3704 8378 441
3430 8091 116
6272 8604 440
4689 5687 168
7498 3251 342
3357 6218 865
95 5258 183
5790 6433 878
3290 580 113
1973 3569 930
8050 7503 181
93 7318 916
6648 8601 621
733 9546 284
6825 6523 82
3770 3893 252
5626 6299 326
7566 426 110
2735 2979 161
1247 6559 840
4989 3346 780
2274 356 592
6158 6355 325
1230 7492 287
4537 6999 381
1597 3286 662
8917 5453 560
6523 1678 983
8951 206 644
8832 1171 191
644 7340 72
9895 3574 628
2563 4195 121
4342 7788 740
9578 9693 150
8453 7733 956
3500 3607 171
5309 291 829
2661 5675 109
407 1758 312
9908 4548 910
4686 721 778
2000 2297 352
2913 9032 873
7269 5574 519
6287 7703 641
8968 7322 45
2657 8892 789
2646 2280 783
5183 9631 5
5317 8662 789
412 5688 993
1723 5084 352
6802 8661 534
8008 8897 337
7832 5794 113
7415 5636 910
9119 5335 410
7133 5075 653
3744 360 756
336 9511 629
3850 8940 146
4346 7262 376
4978 3184 137
604 857 292
8168 6596 332
3537 5167 242
5399 398 764
65 8338 229
5165 5033 930
6635 660 882
5399 6673 582
8138 1201 925
3926 6357 206
4931 4444 891
8956 3540 812
4049 7217 647
6605 4834 437
3012 6033 450
8472 5475 372
4184 339 918
78 1339 996
5152 8883 99
688 8265 572
1244 5312 12
7262 3634 912
7054 9106 859
1617 2302 723
8061 3673 245
6613 2647 993
7274 56 404
2755 2548 597
9754 1743 672
5609 5326 387
752 4784 590
9971 6049 592
2707 1448 71
9576 9765 138
7035 5415 448
2904 241 115
5554 5237 118
8874 7169 120
3818 6110 914
1754 7204 837
5821 6045 670
53 1351 591
4124 2754 260
5937 4983 58
7926 587 255
4298 8987 292
7452 9549 669
504 1682 792
8476 7165 502
511 805 161
5891 6442 877
3485 1531 300
728 8542 423
7525 7919 557
3935 589 514
5920 8852 167
2094 7879 818
6560 8742 724
9911 1692 57
7375 1509 701
4097 8123 530
4043 9311 665
7731 7143 351
7020 8257 138
3871 8172 328
5497 2270 724
6059 2965 365
2306 4080 368
6735 1724 492
8678 121 399
691 5327 872
5849 4356 695
4618 8725 288
8188 3972 798
2325 4651 455
7977 7345 405
6217 509 16
6942 5745 481
6595 5467 527
2129 9418 783
8465 6057 562
1172 6335 147
6278 5225 679
4813 4603 865
2296 7188 408
2218 2118 743
60 2765 330
5190 6148 220
8332 1460 337
5805 4398 737
8748 8415 697
8958 9052 850
571 5466 802
373 4122 667
1092 6308 964
3084 2343 404
817 2391 322
1382 499 25
3084 1326 574
4679 3490 199
4865 7969 432
2537 9634 230
7712 6616 150
5159 8583 295
8012 8505 451
7221 95 383
9865 454 18
1913 3423 621
670 2962 155
5467 4690 752
2352 9134 368
7765 2183 913
8137 4900 566
7379 8000 881
8934 5252 616
5002 505 17
9946 2325 158
5003 4998 605
7724 1764 295
8640 2617 544
509 6174 59
4752 4985 74
2533 3371 704
3578 8281 226
9967 6459 117
667 6496 708
9419 2886 488
378 9528 569
9597 3686 370
8774 6659 725
3730 2210 327
8309 4921 939
3329 8659 438
803 405 105
7247 8662 448
9939 498 977
1361 220 352
8252 7049 173
4085 8374 285
8321 7794 106
173 9228 562
2421 5067 220
8147 2914 645
8963 3934 813
2683 6306 732
5439 2764 660
3265 8629 870
7310 8304 865
3356 6572 26
5978 4865 575
5894 8758 92
6025 5808 900
2456 8240 288
5351 6008 987
2581 5498 217
5169 7117 525
6321 135 498
2668 6401 489
7109 7647 881
8831 9288 332
3479 4758 387
6501 9601 639
1075 793 90
6529 3636 879
3420 9502 85
7392 7721 719
7987 3616 623
2235 1538 548
4305 6731 775
843 9495 593
8287 4453 567
7397 4412 361
5965 8789 725
4429 3148 376
5333 5859 441
8911 6006 310
4415 4673 658
7334 2825 834
1655 9173 495
3768 1124 596
3708 5622 26
1752 2368 538
6928 1973 648
3279 9722 96
4676 6001 630
5555 9893 490
9964 3006 803
2481 7915 958
1559 1045 663
1441 1255 195
6389 9220 5
2039 9406 601
7266 8012 854
2815 6828 965
7355 4181 723
7700 5878 789
3571 4494 940
431 7939 148
7973 8626 443
1052 8272 998
2067 8997 820
1406 1528 343
5860 8948 889
7070 5185 490
5727 8383 839
1661 553 578
6494 3308 96
327 7131 936
3277 7249 916
278 9992 594
4143 4998 141
4569 4630 265
24 31 385
9192 4631 461
1426 1395 766
750 8697 828
6120 3880 634
5896 8988 862
8304 9879 141
1716 4591 946
8127 6013 432
742 9411 626
9272 3415 713
8105 2163 998
8964 8319 837
7824 1715 580
2313 3273 349
8051 3816 532
5688 4363 709
6503 1398 765
3775 2928 882
4532 6955 961
4560 5232 134
643 5391 55
2728 8745 582
4196 7469 805
9658 7753 688
3581 7761 490
1834 832 688
3748 3659 467
5418 8970 128
113 6035 906
2766 5328 341
9241 7151 345
192 7455 686
6306 1974 999
8886 1370 138
142 20 50
9551 2680 764
6180 3228 994
9283 1424 163
2699 7096 881
7762 4091 901
3989 4686 917
1305 4992 645
1234 8785 824
1059 2047 780
7231 9255 736
6705 6583 942
1313 1130 770
627 6065 281
2933 4123 166
4621 6321 616
7806 27 309
8143 51 119
5162 229 700
1696 9403 819
1353 8308 92
759 254 586
7446 8206 70
4638 2707 888
5389 5397 394
4355 3946 249
3131 4554 526
6713 7307 822
8910 1886 360
8810 504 209
4056 7467 166
339 7423 685
5270 3545 399
972 211 291
4068 5278 340
1480 4298 180
3238 2317 406
2565 6019 796
6743 4196 460
5075 1966 417
7591 8962 838
6912 750 142
8354 4442 57
3386 992 441
3307 7644 796
1406 4408 43
4066 5351 570
2595 2977 543
4928 4654 569
9309 5274 63
5342 69 875
8372 4754 858
4225 2068 131
5327 6469 664
4451 3253 232
8412 6294 873
6747 6090 257
7167 3125 234
9979 2037 21
9551 2310 22
349 2441 913
1796 3374 313
4510 8006 918
4790 4397 97
2329 2985 438
4538 3515 28
4186 3343 191
8746 7263 55
8157 4418 843
5289 3417 602
9237 7878 228
6878 2331 119
3891 5050 450
2239 1226 17
6100 1541 564
2613 807 53
3204 4988 308
9430 9831 770
8418 8775 938
3490 3624 384
1458 9860 625
8660 3400 161
9311 2340 469
4583 8843 79
3295 3746 154
7167 5705 838
535 7220 734
7549 1828 935
1238 108 664
6952 5695 30
3388 5766 840
3499 4256 419
4851 1323 89
2292 7141 683
988 92 120
7587 1692 476
7446 3146 195
8834 5666 473
3824 4373 52
7168 3852 82
4904 338 186
3205 902 848
9428 4431 689
6289 2878 55
9748 7717 690
6828 588 923
1376 4978 233
6492 1384 445
3407 7054 698
9541 6627 706
4392 6913 222
6094 2342 856
1757 3573 168
3564 8343 862
8143 6749 936
7195 2588 322
909 2805 667
3087 6852 967
4732 9207 467
822 1755 700
9288 7960 325
7679 3899 984
7799 4820 251
930 2761 553
8575 2398 36
7485 473 431
3135 1693 609
3083 5663 939
4752 2162 542
5478 6778 810
2175 3031 11
3901 1184 725
8919 7787 696
8749 2008 744
7129 3276 365
6295 2492 657
9332 8902 20
8849 6179 197
8338 7716 444
7730 5525 890
6433 6002 453
7553 1853 475
8715 5394 108
8785 2113 121
7045 2662 113
9015 1112 367
8859 2777 470
1321 7531 621
8482 7714 247
8136 7002 889
7862 5955 270
5686 2225 328
4662 9574 803
5696 7889 347
8208 2522 273
7857 7455 382
1914 5713 458
255 5263 66
3252 9696 408
3530 3703 454
4327 1224 411
3796 9196 862
204 41 36
754 2661 220
8852 9480 144
2143 4161 221
1829 4162 6
8714 8875 277
8013 49 582
9651 1026 17
2081 8892 484
9789 131 744
2719 8100 787
8317 4215 569
3152 7072 375
5752 4468 987
5217 8957 2
7256 1758 350
7093 5977 409
5249 8799 856
3 9762 772
3879 84 498
7825 2176 469
606 3289 569
6669 5061 677
3035 9628 783
1492 6714 553
4508 2748 953
3305 7282 463
7586 1655 216
170 5562 174
672 9994 756
7043 2018 326
4656 1874 848
5285 7875 785
821 8967 936
1262 3684 58
9020 6647 448
9337 8250 158
1721 8242 860
6024 6408 21
5184 1628 994
336 2044 940
7980 5302 393
9509 79 230
9351 1724 651
2077 1405 178
8144 164 396
1514 6716 686
4768 5297 176
4076 2252 961
9607 847 6
4907 3196 944
91 3533 420
7633 5153 382
7526 2938 249
944 4347 379
2294 9908 900
1133 5339 933
5640 1405 418
327 4383 843
3740 5578 935
2894 5248 37
2932 6377 219
1461 8247 927
992 6527 479
420 8754 558
8124 5375 233
4407 9256 477
964 8785 932
8305 2207 973
9681 1965 198
9694 4909 901
9635 9312 883
921 362 917
4400 5051 198
6337 4219 557
3408 3733 888
4196 7927 777
9723 971 670
5326 6777 460
6590 1719 200
1928 4836 243
7669 8811 56
4085 5120 655
8796 3178 161
6849 5107 170
733 1029 549
1482 7198 552
4460 5712 414
1621 6452 249
3458 589 72
3861 5405 885
7630 1663 408
552 2106 174
2205 6224 783
2393 3988 718
6012 1529 285
8240 7615 447
1111 4608 976
4632 8625 889
6247 8662 764
4144 9926 939
9656 8122 4
8634 3946 231
3757 5667 73
8564 6971 264
410 8268 510
184 995 489
7864 6325 353
9550 3254 777
2804 6124 33
4741 2938 309
5772 8664 746
8527 3095 218
6331 4592 652
4298 7681 200
6499 4372 976
5043 2727 437
6470 7424 809
6922 4880 67
8549 9688 935
7201 8612 140
3756 7354 14
5191 761 34
3564 549 928
1685 2450 33
4171 4469 894
4061 5284 197
9521 5157 734
1227 3515 960
5419 2138 265
5795 3997 444
2473 6649 823
2204 5552 644
6851 8725 915
6063 4414 537
3326 2139 430
2475 6259 447
2210 8206 208
9911 2397 92
7079 1739 198
8401 3562 269
7625 6704 619
6269 4698 227
1431 8026 960
403 8273 767
7897 4339 813
8711 1308 183
9109 4837 418
3926 1074 200
6825 5272 877
3389 1875 718
8832 3811 485
2973 7101 283
6241 9251 400
3248 4970 692
9577 2571 445
2249 5335 726
2901 1683 943
9989 4996 812
2571 4696 317
3570 1246 905
409 6420 61
6400 2210 70
3558 7980 891
2674 9247 216
2142 5461 103
4911 8187 466
8913 6541 622
1188 1807 109
1989 5839 681
5891 2752 315
5886 1825 36
4777 3082 921
6124 3454 528
4043 3843 314
4728 7635 496
4075 3427 105
4798 9126 563
7815 5738 945
8309 4876 295
4733 7590 225
3365 9896 927
2918 511 693
7368 6158 278
4859 7754 947
5212 4811 61
6780 9874 184
6740 7843 55
9670 6759 332
6400 5071 515
3391 4615 922
979 7731 39
6555 813 759
337 1602 756
1704 6559 913
2351 9887 934
7737 7171 621
4900 8854 494
9189 7538 43
7510 7256 775
1778 7971 975
8651 1721 161
5279 4102 816
8935 6797 672
1495 7579 618
4451 4561 741
7044 3743 720
5761 8702 999
9823 6463 211
5691 999 210
2758 443 730
1019 7614 319
1274 7887 332
5136 9149 397
3506 7388 471
9027 7989 6
757 2109 797
9058 6298 507
8065 5039 162
7274 8350 976
5417 2801 269
6638 8488 417
2055 9950 425
9526 6696 523
5608 1888 178
8456 2551 609
9511 5111 667
3075 6883 422
9003 1974 275
9173 3656 777
6885 626 952
5298 247 196
177 1692 935
2636 8797 784
4009 6121 620
2212 6687 485
8421 465 372
5521 6838 666
2916 5302 381
590 3190 215
3216 8701 279
8744 787 850
9359 5586 29
4572 451 199
5099 3527 304
2002 7209 896
5442 3874 146
3755 132 283
4051 205 443
8367 6559 610
5011 1877 73
9618 1335 71
4343 3583 417
613 4160 9
1791 5343 234
4797 8428 61
5770 1240 657
5255 4809 521
761 5697 610
8708 1487 236
5759 1896 474
8300 2542 184
9151 6451 221
6134 4680 614
6746 1534 832
5290 6980 142
4747 9779 452
3675 5204 846
2080 8448 968
4819 1510 671
7567 1188 876
9620 8698 715
5099 1679 537
2097 9027 358
1784 2734 812
6330 3210 223
527 6772 700
3324 4631 190
3901 78 305
6729 3508 683
9662 6596 868
4688 8656 683
3834 6182 311
8928 4918 92
3072 8194 811
4618 7075 640
6260 1518 935
2010 5290 250
5960 2838 949
1307 8914 921
4496 8661 861
650 9612 417
5305 3362 838
9954 4613 894
8286 3011 880
7057 8020 330
3046 1617 332
1847 6995 54
2402 2777 818
6342 2439 953
6225 9126 259
3655 6906 385
2475 8395 452
7195 8430 70
1904 456 941
8591 7458 369
9564 7552 709
3128 4113 918
8296 5863 882
2341 9077 632
3212 9191 693
8534 101 277
9566 9933 876
2802 4313 716
8134 7844 968
6966 9052 339
514 584 769
5695 3132 461
8326 823 535
8580 457 119
5094 7509 145
6254 2323 98
4152 7403 697
3248 3710 691
741 2328 209
3256 4708 809
5634 9288 143
2339 4602 115
4712 5810 824
5633 3659 844
108 5390 481
960 6385 686
2191 7148 331
1126 5251 418
6979 15 616
9705 9926 198
3087 7780 961
4808 7776 914
4911 7361 322
7972 3575 618
4474 7206 258
6253 2017 207
3794 887 212
9083 570 144
7857 3309 948
1173 4434 467
2316 6052 796
7966 696 943
3170 6427 14
3895 693 849
7463 7520 860
6238 7762 957
295 2260 222
9467 494 34
9505 9201 967
5522 1398 415
5235 1136 230
5711 2135 515
3320 6840 872
7334 9193 312
4314 3131 680
5224 3391 179
3519 326 705
1686 1621 604
925 9076 450
4054 5298 992
1803 2389 895
6816 6740 577
6202 7492 643
6179 2299 754
9476 2723 471
8478 6113 374
9652 3265 514
1487 8681 281
7484 2031 677
2882 7620 464
9529 6952 424
3697 9268 382
273 6320 175
5762 9856 265
878 9511 70
8318 2871 804
1640 2825 122
7532 7134 726
3254 9885 29
5249 268 127
2733 4904 852
5068 6205 649
8270 7941 766
9262 7337 506
626 260 190
3731 6286 482
3660 6928 65
5476 1364 608
2391 9915 161
5559 7028 529
2353 450 948
7511 2050 167
6792 5489 36
1122 4798 537
1049 3843 371
1770 3003 889
7098 1586 682
5827 1594 848
2415 4973 859
3775 3968 661
2326 8143 378
5691 2488 290
3112 7609 623
6193 9843 675
2460 4336 353
2105 5335 293
4066 6216 667
8457 1857 284
7756 2820 194
2089 7210 37
7395 4462 568
2630 8522 183
2776 7090 654
4759 6774 47
4675 9497 645
5748 3428 563
6345 4714 63
4405 513 766
7086 5715 580
8341 3182 116
7098 7761 981
1709 7093 182
6049 7023 279
9440 7048 582
679 7444 167
7918 900 738
2188 3891 916
9576 5883 928
9425 3114 834
9650 370 740
3080 4948 939
3581 5695 386
80 4169 130
9916 4204 499
3681 5549 373
8783 7219 769
6105 9478 972
3816 6754 98
4295 7821 366
1967 4883 570
1806 656 437
1670 9957 1000
801 60 821
3891 4949 394
8305 5958 455
8943 8836 547
7685 7525 531
565 7350 697
4260 2312 289
5154 9416 472
4791 2092 621
6210 5886 267
6903 5138 508
1685 1584 879
3218 8583 694
4629 8328 262
9547 526 512
6119 7616 43
7679 3281 708
8244 4277 565
4272 5506 849
5197 2316 66
9368 7721 430
4601 5043 232
1901 1391 324
1765 1530 612
3564 9368 133
5832 8045 808
7938 4069 653
8170 2462 843
2158 9519 700
3224 6144 707
8624 1850 711
8816 4788 27
1572 1525 85
7878 738 694
5427 5852 227
8208 9410 219
291 5443 960
9185 7583 530
5964 3503 60
1347 4387 469
4445 3639 197
8066 5908 6
5857 68 163
26 3539 563
9969 9555 463
9199 8445 360
2776 4559 854
3234 9219 286
2485 2782 594
3877 2953 971
5590 1593 376
4948 3619 637
3738 568 849
5752 2242 632
6373 4253 930
8398 1729 915
5351 1490 229
8990 4250 946
1963 4026 243
3111 1351 548
3326 5834 961
7307 1450 357
9269 5473 538
6227 8109 934
6026 2606 463
875 1597 515
3822 1825 275
2222 8297 437
9116 3169 204
3070 943 410
861 5912 571
192 6386 87
1021 5117 217
2864 8266 758
9015 2204 833
6040 5505 88
6744 5296 68
8765 1634 421
7086 1007 53
534 1029 186
6865 5891 228
6361 2502 878
3103 6595 650
4383 9649 915
563 8926 650
719 7592 916
4529 84 925
6835 925 696
5507 8777 783
8779 7312 999
7477 2814 355
3553 7080 958
8431 8370 977
6680 5351 173
691 4419 333
1433 9542 304
4677 212 768
2992 3569 58
5783 5563 994
3409 4741 605
4751 6799 580
7571 9828 238
9941 4052 411
6920 5976 878
5711 7298 585
1110 1085 759
8127 3305 540
4791 3128 898
965 2757 528
9997 2113 882
26 9405 905
782 7399 306
4012 2885 487
1321 3346 791
4946 9384 739
2131 347 985
3497 456 99
4832 8140 665
5835 1159 771
3471 5743 739
461 1207 616
7572 1072 717
6177 9690 494
5496 9469 982
1339 2471 329
8892 2047 19
8124 5224 571
9699 6036 656
6218 2783 176
4208 1065 129
8151 4908 251
415 7073 521
3541 1056 13
7400 1663 460
1825 333 935
62 5978 116
4525 1820 633
2699 7579 70
7820 7171 972
5265 900 334
6935 2474 976
7467 7633 920
7311 275 928
244 7599 568
2885 4586 925
116 7266 22
9021 8572 200
82 260 722
1421 7954 123
6662 4924 233
8704 6514 420
6182 8402 598
4757 5605 754
5396 4209 865
6528 6321 719
5306 8971 769
6681 7826 365
9631 606 466
9770 8389 888
8634 1392 987
7717 6781 784
1726 2020 746
3382 1810 294
9583 5379 531
9438 789 505
2810 5292 26
4319 9160 643
3743 2908 805
7429 9294 60
489 1210 830
5788 4723 683
9030 5348 726
7588 7648 675
5622 4880 970
6977 6262 306
2126 609 796
9916 7982 266
5961 7281 879
3814 2369 947
2681 991 534
2918 9717 37
8603 9983 647
117 4669 361
6139 1153 788
6604 5556 869
2797 2231 628
9531 5707 252
2902 9099 251
8469 5108 4
2400 9399 539
1806 2708 950
2818 3910 642
3919 5508 139
5488 90 611
509 9928 332
3036 1764 839
9124 8081 995
652 8330 214
5801 1890 558
4502 4479 49
2710 4504 384
1270 5870 392
4476 1131 677
9615 4756 518
1830 3324 360
7765 1771 716
8879 4513 584
8309 8038 519
4865 8616 793
6511 2639 85
5283 8482 58
1641 2033 256
8964 4042 977
5323 1550 545
3586 4094 265
5178 1389 979
6954 3172 361
3481 4435 623
1063 2307 187
930 5157 720
49 4061 652
824 3447 256
434 5598 54
6402 4203 8
4824 6466 719
3755 7664 667
4284 9290 647
2219 3335 442
778 3196 786
2176 9033 318
8468 9548 697
5120 5419 9
6760 9072 130
837 3119 865
1737 396 265
4789 5126 90
1398 2544 385
3515 7944 962
6755 591 93
8938 1679 17
3474 2333 467
9899 1440 21
5396 2256 833
7321 8079 533
2612 4864 762
6371 214 147
6940 2615 470
9562 1884 584
2185 6037 97
1445 1655 307
242 4504 646
1534 7800 409
6974 8073 374
70 7635 501
5572 6822 633
1655 3753 672
969 3520 526
9618 6165 980
2109 3048 303
7603 9397 805
5112 5336 874
2836 3335 76
7336 4760 44
4473 9002 33
5988 5497 404
6519 4661 295
9780 4738 98
1169 6911 667
3016 6568 830
8852 3241 764
7337 9865 186
7121 9713 137
9467 2469 942
9789 8204 798
1897 9317 952
577 2284 988
5776 8829 693
7728 8399 606
956 1898 132
1771 5165 239
1763 7421 488
1110 4441 776
8876 1869 624
3546 409 191
177 9193 626
6841 9836 968
5124 1303 959
5780 1016 631
2150 8788 962
5129 6258 67
8768 339 312
1023 1492 986
558 9245 46
3194 1651 105
1049 8049 514
1629 9320 962
6661 8684 470
9096 2115 151
9467 1590 787
222 5424 282
5828 7613 58
9660 2566 68
3493 6758 562
2270 8174 266
1966 8761 281
9046 5660 957
3368 6120 895
1538 7278 767
3219 6799 971
6918 1058 81
2576 1589 63
6730 3587 482
8393 6617 765
114 6358 45
4037 4142 448
2591 9367 674
3917 1954 378
316 5612 872
8679 4607 7
3384 332 889
8200 5559 922
4319 2070 554
7116 63 222
4481 705 125
9239 2265 990
3710 4951 509
6111 9705 9
8429 2684 526
6273 1381 992
3245 7350 24
8088 6952 298
819 7216 846
6986 2396 348
1598 4220 506
9217 1854 593
2518 8313 348
2907 5064 844
9103 5712 915
9311 5221 343
5954 9570 985
1681 6277 19
9762 1018 533
679 846 994
8437 3994 886
7379 8210 108
308 6612 886
6933 9873 320
2484 8160 914
7596 4058 965
9995 7629 833
8597 1778 900
1698 582 592
3077 88 37
8630 5290 575
6498 6270 955
7639 6447 363
1152 2016 526
8812 7049 382
7529 2641 383
7409 3742 951
4396 869 885
6899 9082 856
4637 7761 41
6402 7891 547
9729 7328 679
2767 7238 617
1664 8501 72
1173 2962 845
6329 17 645
2781 9722 301
829 3626 183
6628 5581 588
4389 2737 699
3231 7567 90
4626 2518 231
8635 6829 336
5217 6065 827
5823 3133 559
9217 2268 390
3763 9054 737
8510 3086 251
8863 6928 776
2802 2354 623
812 6201 637
9893 5737 443
2225 4034 176
8232 1726 238
9196 4803 705
5540 8032 184
864 6456 953
5110 425 866
7576 5256 196
2662 5540 95
2665 3207 829
3025 347 143
1857 2816 655
855 3567 24
9700 640 208
682 2919 672
8171 968 777
9496 3491 254
3294 2682 33
2095 2225 233
7181 5350 177
9339 6517 497
1510 1667 632
1913 9687 851
3924 247 428
4620 7754 880
556 3028 644
4647 5879 99
3439 8333 233
3458 3098 586
2786 1990 478
4701 6313 480
154 7669 743
7375 9158 640
1649 7730 574
5437 8740 276
5282 2251 643
9978 5760 893
9831 234 208
4891 145 707
1689 3823 631
1690 1163 350
7568 3062 494
1015 1838 478
1357 9167 929
9242 6938 963
4236 7419 468
5955 5745 582
8151 7532 987
6155 2232 636
445 2996 622
1811 9460 296
9031 271 714
7197 3238 486
4106 1444 551
2823 4313 16
9696 6308 410
9124 8584 172
3043 1355 604
8096 635 658
6122 886 338
1575 9497 842
7305 5312 858
6963 127 848
4024 5242 745
1302 1530 976
3009 3261 166
4437 4961 97
3081 5605 406
4692 6196 506
3150 5222 933
9771 6104 495
7053 8003 713
7962 6344 631
8770 6864 932
9945 5101 708
2152 6135 596
8638 9938 957
9557 4693 367
9493 2672 209
9527 3922 410
1767 357 206
581 2653 817
3556 4914 690
5823 9736 108
6710 8780 523
2797 5047 168
6731 5397 71
3545 2917 844
133 4730 205
3138 7034 983
2647 9153 781
7905 7308 394
1943 6973 800
1398 4542 508
390 7221 152
5798 9244 809
9369 9662 411
1631 498 481
5426 479 781
274 3669 700
4214 3291 210
4303 7859 896
4490 5132 267
9350 8205 143
7283 7093 839
3661 1511 924
9752 7415 411
2054 8054 584
5678 8332 641
8311 2790 580
3151 4821 228
9539 9402 420
4894 3792 758
4109 7791 352
605 3660 227
7113 1080 160
684 1057 536
6906 2092 706
4178 1335 886
1963 2800 172
234 7727 344
4590 4316 206
3821 2076 226
8077 6037 319
6851 3838 928
7868 8415 27
1400 2496 617
2539 6880 496
6723 8094 36
7430 5955 650
9062 5323 732
4304 5384 710
1768 9074 672
5137 8067 808
3694 9779 466
1125 408 529
2451 3257 874
2015 5313 720
4394 8626 928
2054 9884 639
1528 9687 623
382 1414 963
3775 8637 851
2941 1589 900
5123 6794 420
7087 1556 793
5631 2841 24
5893 5850 832
9826 9214 993
5186 917 107
2405 3060 691
9518 8458 399
419 9794 625
9610 6693 226
3268 3059 455
4567 7722 917
1788 8176 216
1663 1713 963
3700 8690 475
9023 250 486
1642 7932 271
9935 9543 589
832 9722 629
250 6030 434
1607 6310 14
5806 1957 987
3390 2674 496
7296 6068 431
8957 345 524
3089 7531 532
1699 7840 852
8117 9128 791
1924 6495 986
4679 5721 495
7642 2024 870
5474 101 979
5869 1199 733
2833 9151 139
9912 7025 834
768 9757 892
9925 8254 419
963 1610 545
7697 8874 480
3702 1022 538
2419 3786 568
3602 6959 598
1181 3144 855
6191 4074 408
5194 7444 347
8299 1154 164
6308 6991 969
4736 4773 455
3973 108 401
8755 3884 842
4246 1429 665
7473 3547 265
4418 6950 162
3608 4639 878
6296 4105 3
1977 1344 17
4115 7739 977
9011 3340 928
5125 9783 954
7671 5133 887
4580 1960 434
5594 2261 505
3193 3782 844
9471 7755 281
9967 7038 660
7594 6488 423
9736 3296 529
9586 1978 282
4383 4783 968
5237 2483 494
5912 2877 862
1889 1149 968
7773 8403 383
6261 7182 976
4473 4537 712
4938 810 97
5323 3576 310
9153 1759 923
6945 657 87
7739 1482 865
6151 4170 677
7148 5923 482
8958 4161 224
8414 7619 914
3778 7391 3
1144 2605 490
9714 2638 191
6162 7539 499
8983 2313 992
6689 9685 657
5963 2053 840
3783 7088 537
3313 3695 762
3881 5545 753
7775 3785 541
1911 9828 104
418 7082 693
7450 4911 110
3788 3741 608
341 5601 407
7177 6222 975
6382 6706 788
9474 1027 912
4798 4080 403
8324 7193 417
9969 1705 694
4767 196 801
9865 8572 862
1853 5529 582
4174 1911 360
5864 8360 518
9750 1471 594
7248 6427 940
6401 9750 772
5122 2620 413
6270 8681 534
5243 7275 145
6434 852 882
7185 4266 618
3747 9374 522
2131 7639 50
1985 2287 321
935 4547 968
5067 1446 903
9158 4632 900
409 7265 334
5998 4579 282
7702 970 71
3468 4110 897
57 1845 68
8949 4266 52
2160 1438 342
1021 9996 270
5234 2635 704
3133 1871 295
1461 4646 471
7729 6352 290
8057 749 850
6866 5788 671
7256 837 130
3977 5815 932
216 2220 103
1849 6247 199
5841 6550 996
8388 4489 898
9837 9240 222
4356 9864 14
415 4808 135
760 7896 940
8988 3488 408
9367 8547 935
879 3981 385
4959 2909 681
1167 2061 238
7055 7098 533
9924 2987 529
2514 432 84
4887 8262 689
7333 8779 10
2419 7893 507
1001 4433 643
797 4184 30
6920 4329 37
2650 2507 973
7298 3715 431
8403 1978 176
4239 1489 964
7556 8543 328
9983 4950 660
7002 3311 86
9666 7649 720
7439 342 46
3044 7814 341
2841 1501 493
1242 8818 431
3321 9690 572
2309 1158 653
5193 2481 42
1298 2555 417
4129 6787 410
6721 7274 184
2812 1991 669
1782 9197 30
3352 5681 17
8619 6410 482
4371 4060 642
3388 6351 282
1008 3867 604
2546 61 709
2438 8675 746
4620 8030 637
9554 7686 377
3263 526 69
7718 8709 304
5797 9573 155
2472 8565 7
356 7740 133
9735 1888 288
2811 2015 139
3435 5000 344
1309 2148 138
1563 4542 144
3214 2034 377
8628 3559 293
3314 5909 371
2826 4874 36
9107 3224 440
3875 7462 259
1445 280 809
8219 4521 360
43 8152 815
2654 4929 124
9802 6524 367
8648 5517 326
1032 615 981
3117 667 719
9975 2395 56
5769 9768 902
8027 827 114
9034 1015 194
6135 8041 634
785 4213 868
5656 6015 2
2035 7154 866
6542 9958 792
1128 427 357
5826 5283 623
1836 5072 8
7482 3138 261
7003 6214 530
168 8012 752
6276 5106 398
7903 3835 285
9748 50 807
7920 5859 283
5561 9538 729
1454 9538 566
2531 7696 397
3613 3284 976
4844 724 478
5127 4324 422
2934 2558 524
2351 5165 478
9207 7879 80
8905 4735 46
8141 8960 194
3174 8617 81
8689 1246 302
556 7221 952
6306 7837 563
3945 143 443
8008 5487 34
449 5811 551
1542 9921 477
3840 4173 427
7362 8232 269
2994 8177 652
4302 3839 33
9869 8945 749
3665 6887 399
9653 8728 668
7107 5721 846
1772 1589 473
1062 2934 58
6219 6268 784
2501 6341 69
7042 4345 492
7010 2301 639
9649 7657 617
3298 1890 841
4556 8853 530
5279 3568 476
567 879 123
5857 1633 326
2996 985 287
8713 3215 33
1085 3001 762
8133 3625 62
8207 6259 366
6785 1054 148
3483 1873 342
7233 5609 53
7448 8375 422
7941 1074 996
3524 8233 260
1224 7641 888
4237 9056 459
549 1705 429
9823 2818 68
7432 9675 688
6119 2226 440
3018 3407 515
2447 3631 843
8139 3846 494
6445 2284 129
775 6314 298
5130 7359 776
3015 5480 981
6968 2287 530
7262 9864 519
8300 403 18
3174 1091 254
1915 7205 464
6353 2264 869
3756 6880 314
1341 676 617
3403 1577 725
9623 4765 259
6790 6904 564
8458 2234 768
6716 1670 570
1056 3365 292
3482 6539 424
8758 4968 992
9936 5057 790
3326 6906 4
9285 9507 363
9247 4802 160
8405 4322 416
1087 1953 882
1970 9564 709
6342 6379 179
9413 1691 735
8479 6193 74
6183 2128 439
5877 6591 486
8995 1360 984
734 7714 141
892 3637 426
4586 7175 264
9890 7530 87
7166 8317 309
1246 1658 374
8033 6618 789
6648 5479 259
7399 3511 13
8882 7243 772
3828 6862 576
3121 9008 498
9367 995 416
5317 6472 206
8087 4068 83
3959 1211 855
5698 9120 776
4063 3642 12
897 1664 257
2691 8279 80
4730 3591 966
3145 4247 651
3730 3909 386
3896 3707 597
2392 4560 898
8625 116 211
3172 9677 57
8685 5710 590
2864 3870 678
8415 3611 306
4542 35 791
1470 1923 577
5031 178 150
1968 3239 417
779 3237 551
7963 7275 764
7529 9644 344
205 3189 847
6813 6712 659
715 2529 814
2417 8953 407
1589 4493 7
2555 8522 414
6434 5224 807
7182 1384 199
5204 5580 355
7266 5940 941
7268 5028 241
2816 3112 847
9209 5750 153
4653 915 51
2291 6262 158
4972 5073 425
8926 3502 796
1914 120 333
8197 5685 316
8795 8212 781
810 1927 151
3080 4677 367
6675 690 308
6798 5259 243
9120 9749 156
6102 9451 837
1665 3805 203
9713 9002 570
8405 4947 612
4621 6603 613
8813 2928 423
748 9838 711
2576 8350 883
9998 6533 900
165 2068 351
749 5584 129
9966 8962 610
5827 1763 984
6384 3446 719
5924 2469 995
7913 5206 467
7053 6654 263
2195 6553 593
4226 335 362
5733 4137 808
4504 8200 402
4438 174 419
1438 6865 759
5790 4882 833
5642 8381 196
1993 3595 929
3166 1594 898
1190 4945 658
8101 1762 759
4285 2702 269
9164 4617 983
7225 898 236
6039 1915 499
5365 2914 298
9207 8507 24
1709 2036 654
983 6580 790
4817 9004 747
2442 8290 587
951 4911 512
9283 4086 573
6193 9957 732
3178 2053 301
583 669 288
3567 8663 145
3877 4605 951
8066 6152 342
4111 6220 525
883 8304 121
7070 8951 239
2444 6645 495
1813 7157 83
2568 3436 169
8179 2405 949
5908 7109 931
5229 6358 392
4659 1343 193
5697 5508 608
7648 8518 828
529 1520 575
7258 6810 966
2493 7712 280
2291 9745 1000
9599 7894 274
5316 3277 247
1899 1962 800
2672 3076 889
1576 3668 451
5846 184 329
7294 9442 614
1373 9508 745
852 4873 172
4334 583 663
1395 6493 124
8324 7367 275
6847 6093 166
3503 9070 618
3076 2014 66
8237 7291 588
9179 9653 100
5137 3020 940
2532 2504 492
7948 1018 469
51 1145 992
6441 7176 540
7626 4489 300
9041 2437 34
4648 3618 79
3701 8035 128
7112 6274 550
1220 9612 383
9415 210 246
7188 1535 267
5854 2856 646
1962 9798 925
4836 6542 260
2776 2287 528
3393 5192 373
7882 5934 727
2365 7007 24
309 6353 455
2736 6192 468
7460 2767 54
2434 1514 267
986 9785 509
5090 9330 934
8087 5910 75
9564 1997 820
5323 810 473
4502 8601 481
6705 5963 823
4160 3130 389
4829 4184 930
4827 527 796
6498 3450 91
6894 2094 487
6931 3316 612
9557 9801 300
8330 4342 895
8378 2844 26
319 2262 607
5005 477 906
6854 4027 488
687 3068 635
9049 8109 81
7849 3228 443
8526 1597 749
6160 4071 936
1089 5324 39
5030 1100 576
3643 1424 388
3763 718 649
5750 2568 403
5124 9299 94
6505 3607 378
884 5711 783
8529 7985 132
312 4571 128
107 8796 752
8581 228 353
7113 1935 229
6060 8660 140
1619 8037 979
6090 5224 470
1846 6611 249
3135 8632 444
9389 1215 402
2221 3425 358
7414 8962 427
2346 5733 219
1159 879 944
5589 2348 697
2273 2063 327
3629 237 482
5751 2968 503
6495 1810 252
1089 2601 553
2746 1486 62
8104 4025 804
2450 1801 16
8950 7476 524
1458 2490 384
7024 6300 445
657 4777 348
4985 1666 801
3156 4363 653
3171 6596 844
3577 3566 925
6563 4061 245
5754 8055 265
6845 9065 479
3323 9254 664
7130 5399 688
6105 8745 432
1520 9812 353
2198 7935 169
7287 369 543
6370 9974 432
5660 3119 493
8780 5450 287
5303 7806 824
7304 9774 101
5332 1632 940
4861 4575 320
4107 2945 948
6767 5013 275
3643 3107 552
2751 1106 734
5843 6593 692
5053 6805 205
3401 6596 420
2722 3326 402
6566 2594 579
8346 3561 334
6574 7799 98
5976 1675 455
8052 3157 392
649 7936 76
7400 4277 751
813 9448 581
9018 4523 878
6811 1773 204
600 6793 840
5635 2998 683
9801 1051 622
7764 3107 583
2388 3046 230
9464 9526 275
7584 6706 993
1817 1 322
6868 219 274
8002 5454 625
1206 6509 844
5730 7560 93
2303 8167 101
4169 9856 446
8974 7532 24
7716 5842 298
2924 108 722
1844 8939 815
330 3975 182
2310 9431 855
5689 6302 330
7543 2233 982
5507 1592 10
8550 7780 576
3759 9927 244
2362 544 395
2114 7754 723
3051 7623 236
9990 4164 806
6076 7014 528
7461 7855 893
3073 7411 393
148 5935 746
9621 7283 608
555 2205 872
7085 7804 633
6875 4808 150
2534 6824 966
6600 6081 632
4589 6485 150
3700 9187 343
5357 6819 522
6942 4219 313
7690 2723 178
7769 9259 932
1120 9577 976
6161 8857 402
5578 5409 655
4645 1089 251
1294 6722 736
4887 9387 695
4778 9331 991
3445 3093 796
3622 4080 11
3084 3972 287
5859 57 755
3905 3125 897
5793 9456 175
8607 4966 819
1272 1223 541
3047 5809 575
4645 9897 980
7020 3603 219
8520 5382 697
4299 918 982
5184 1705 556
3206 5629 844
2274 2306 4
8362 1538 327
8780 1976 792
5586 9876 840
7026 5212 86
3046 3132 563
8815 5470 395
5975 3816 220
1580 1212 503
3844 6512 298
3183 4073 401
4025 9579 916
7430 2695 618
7041 8638 640
480 6507 639
1241 7583 492
4541 5754 796
1649 5453 827
1238 4563 845
2050 8664 948
460 5210 544
3533 2286 202
7344 9200 901
765 9440 566
5254 4118 842
918 3143 21
2781 9151 255
5412 8120 516
2072 5329 645
8672 8852 926
1527 4373 284
6299 3156 275
2381 9855 687
4367 2096 563
7680 2839 823
4204 6128 202
6671 9670 762
777 4212 861
396 9623 289
7340 7289 544
513 8704 537
6874 2920 627
5445 6314 263
8008 1509 134
5371 5010 541
9068 6287 710
8976 9732 354
6900 7400 120
1217 1155 930
688 6064 141
4240 1199 88
985 9978 95
8128 5031 246
2540 7560 480
5789 2053 213
3342 6329 345
6125 5692 405
9435 6319 778
5876 3634 221
9416 6807 495
4048 5778 187
6780 4142 202
6541 4239 913
5290 4382 711
4932 791 915
3057 1199 753
9984 6801 184
1033 4084 732
1065 6244 358
3778 8225 538
4811 6971 114
2134 8496 93
9229 9917 657
6585 4330 105
152 3774 337
9220 238 300
2804 9559 280
6140 3990 222
3972 2399 324
8927 6395 662
6067 224 842
9351 6887 850
1859 9544 541
4846 8717 955
8298 5788 492
5008 9088 690
3263 8904 113
1896 2504 959
8092 6018 557
2956 2529 706
8298 4162 79
5218 4539 912
2900 3817 902
6620 2382 520
802 3228 847
2780 7652 673
5750 4460 893
508 9535 390
4585 3215 704
9706 7249 85
5756 5429 258
4036 5193 319
5619 2622 732
4358 2802 824
4384 4834 231
6177 8145 417
9612 7059 895
7457 6986 403
4917 8793 977
5444 529 598
291 4423 640
6878 9274 291
1693 162 805
4928 153 700
9202 7904 60
6611 3459 120
3715 8996 129
6819 7233 659
5749 5780 155
1318 7294 776
4210 8798 946
9540 5420 225
8294 826 450
4647 6619 106
1126 6421 628
9219 476 772
453 6138 428
7263 8774 448
7245 5310 616
8206 4832 121
6459 7644 87
3398 1528 335
8014 4821 860
8437 9866 262
4321 4000 974
9501 7870 459
8592 1215 24
8637 1307 409
4542 9 383
6462 3960 832
7088 9732 553
6395 9707 391
6786 391 453
9141 4652 35
9505 8071 281
9133 8694 540
3805 4177 3
4379 9678 467
6332 6080 360
9815 1692 289
9957 6390 32
1312 4534 881
1230 9076 793
2550 4931 608
8483 8338 113
4277 482 861
1381 861 243
4797 7858 504
8272 4049 328
3121 6222 510
2526 3285 793
1497 7188 990
7395 7278 592
5055 9516 147
1510 9676 715
5633 4087 963
784 7003 497
1776 3335 1000
6116 4323 501
7622 4216 792
4003 67 242
6159 8481 364
2179 1973 930
2411 3915 551
14 8621 186
9493 8092 587
1174 2329 583
6118 786 320
5257 8623 167
5092 723 394
7801 4282 962
6279 2525 540
732 2847 697
3836 5557 164
8753 2133 347
699 7466 629
9619 4295 641
4656 2229 947
7031 1437 465
8155 317 48
9795 4842 190
3954 6953 197
1656 8682 429
2429 6482 568
6149 5521 376
8763 9552 360
8009 5954 152
5478 3860 467
6901 1353 263
3474 5811 1
6767 2293 85
8629 4551 588
2267 8294 611
1839 1800 153
4135 65 944
2085 6101 541
8878 8371 935
2144 6700 715
6026 2294 910
6522 5337 416
1855 4552 223
3743 8222 434
3051 636 71
5436 4582 469
9785 5519 734
3948 3933 993
4938 8808 808
877 9036 565
100 1046 889
821 8565 15
1243 892 779
55 1754 421
3617 2836 422
5992 1027 197
8506 3103 825
5667 4915 388
629 2092 305
2328 8188 375
1568 1240 536
6951 1943 59
1174 8662 959
8045 8325 777
74 5781 718
2648 2164 566
9359 8223 899
79 4588 737
853 1691 55
5263 3159 49
3886 4196 680
9026 3781 444
2924 8512 876
6491 9144 854
2287 6286 466
8684 7494 699
1781 3400 976
7708 3349 684
5582 9354 110
777 85 929
3661 5640 725
3370 7290 7
1112 4316 318
7166 8019 448
3475 4594 327
5811 9182 907
3068 2673 423
6838 1873 40
2136 1617 793
5770 8220 977
3368 9606 221
5827 4245 792
6632 7251 899
1230 1026 977
8770 4173 963
9730 7659 903
3036 3287 369
2677 5247 467
6815 3555 571
69 8574 695
5277 7155 270
6624 5346 840
200 7272 652
6831 9491 854
943 4298 312
510 9311 435
2149 7174 324
9229 3515 576
4612 5435 736
214 657 841
2886 3793 561
6981 5290 300
1845 6884 331
2858 4939 203
2275 4071 237
6995 6460 591
4829 5617 600
4130 1092 275
6138 2923 917
3689 4270 301
4273 9052 527
8238 1788 918
3043 5016 561
4376 7237 422
1813 4038 70
1110 5925 340
8730 3623 20
451 7572 892
2295 5882 14
2733 8237 404
3634 6097 303
327 1543 640
7151 9690 87
2670 6162 960
7923 4692 758
7760 9794 342
9218 5936 758
1126 8111 666
6610 9015 460
7968 5227 634
2329 6859 866
1526 5378 535
3260 3950 684
8344 4983 920
3096 6271 209
7150 4920 284
3811 7928 395
9803 5275 816
1694 1683 218
7488 9822 738
7345 3388 356
4482 6640 271
8830 2452 972
3902 1530 702
4710 1242 828
8450 4375 4
7014 1939 151
9325 8903 720
5216 798 997
4625 142 193
293 5186 495
6142 6158 411
415 7433 724
6441 3118 570
1929 7302 553
3904 5922 247
2179 8964 154
767 9672 203
6046 1901 133
5871 3386 666
2639 2461 620
279 6212 820
6053 2563 689
4859 5145 107
2722 6457 553
426 9410 382
9398 9150 787
2821 5940 774
6431 5995 29
7981 1922 825
2957 6386 768
5313 7566 709
326 3046 126
8698 9602 632
3441 3978 852
4726 7647 155
8172 9813 747
5781 6102 523
7930 1778 797
9935 4842 438
8975 4795 274
5150 9469 205
8192 7190 957
7257 8376 310
9493 7257 207
3182 8632 47
8331 4314 232
6661 8652 721
3024 5377 301
6264 7263 558
1482 415 211
2698 9866 323
5467 4822 192
7366 6890 293
446 5373 108
3885 9482 896
5376 2818 604
7955 2015 631
2221 850 635
7126 3957 466
6385 4974 968
6361 7864 660
3778 6328 241
6693 7163 204
3849 8737 683
415 6527 227
5752 5445 13
3945 2303 691
6725 7261 694
2689 1374 606
7463 3871 835
2173 8316 1
3499 3934 83
4803 3215 936
6066 2991 338
8225 3981 498
8376 2923 423
7135 6851 987
152 1393 692
4163 4783 772
4088 5251 650
1102 3116 986
9193 9628 361
1259 782 491
4467 463 319
7941 9454 864
4997 1553 803
9031 3068 759
1217 2710 955
3369 904 263
3600 8992 111
1278 1732 979
5396 7396 312
3242 9693 68
3256 9903 827
7785 2435 840
6997 8492 813
5805 6747 921
7912 5801 71
296 3644 445
7706 4492 154
8837 750 71
3935 8974 543
1294 8577 759
4371 9779 330
7129 9092 30
7035 3437 818
5554 2146 239
902 651 906
1854 3103 591
625 4395 190
9780 3074 899
4565 4674 610
4868 8717 6
9386 268 715
6588 4811 267
3093 7779 43
7509 414 422
7196 9156 934
4003 5556 845
5125 9904 625
2595 9773 968
2498 9032 916
1502 146 584
6850 8090 75
7022 4101 591
8858 8298 898
4059 9827 259
4544 6926 289
5062 2720 672
5629 3855 444
5975 7045 819
4819 6327 564
2419 2612 113
4630 5527 78
4775 5516 528
74 3212 778
7672 6381 591
6214 2914 623
1223 7023 460
7362 5240 221
1817 1527 283
8575 6427 951
7595 1833 988
3562 9653 51
6128 6130 943
3145 9021 557
2873 8495 329
5949 1242 373
2488 8489 863
7408 7641 621
2546 4568 700
1422 187 465
5793 1131 293
4802 717 831
3243 4249 23
13 4382 126
9735 7282 328
2982 719 765
57 1101 787
4900 3776 997
2584 3014 307
3059 1924 672
7259 8233 960
5439 1432 51
4986 6742 264
3373 7758 207
55 4315 477
1830 7498 872
4119 594 61
1567 3246 366
1373 4347 63
9670 8205 948
319 1585 140
2450 6731 537
4969 9281 158
2897 7408 684
3355 5264 437
43 1716 542
4934 7284 950
5037 9803 566
3829 2361 76
7421 4319 664
4718 3842 786
7155 8892 877
8961 2013 883
2978 4409 611
4376 7805 301
6296 140 970
8987 5221 475
5358 6070 157
3472 4928 814
5049 456 651
4383 5549 151
8203 3246 219
2533 2006 752
2035 5193 692
968 3761 344
3452 2562 923
7247 4895 94
5075 5936 528
3284 6868 764
7433 7221 248
4799 6822 93
168 1578 349
7705 7747 869
7449 4060 877
6973 2827 177
6671 4634 858
6796 3277 524
4094 9062 305
3611 2683 930
5885 7887 163
4983 73 259
4082 8996 156
7590 6144 827
823 434 935
4858 4324 909
5995 1226 866
5249 5907 280
6796 9698 713
2623 4957 595
32 3386 422
4153 5667 863
5412 719 401
1522 4886 525
3184 8267 254
3690 6789 551
9023 6336 804
3080 6117 704
449 5186 351
7573 2863 479
7101 359 318
8436 988 65
3685 3297 227
9899 5895 399
4579 9339 305
2632 9204 169
1648 7670 703
6982 8553 499
1718 4943 527
314 3867 266
526 8878 218
5223 9175 400
6863 3443 136
3807 1750 424
6647 1986 650
3176 4349 941
8274 4018 7
6701 4401 680
6088 5899 368
3391 6293 528
2736 4545 162
9953 3893 612
530 149 33
496 2980 228
9219 9681 746
402 2380 563
810 5422 194
9969 2345 68
1297 4103 111
3176 2055 857
7367 3018 582
3271 4575 37
9970 8229 303
7975 7848 999
3896 2036 760
9743 8184 910
4347 2112 183
2753 8120 515
8973 9228 920
1527 2920 450
4157 2228 380
6900 7034 573
6005 3509 990
4206 7465 696
4551 9317 336
1119 2572 297
4237 8714 264
3289 2369 709
8725 6665 351
3348 7505 93
9765 2119 37
3833 8117 499
5328 430 485
8858 2331 987
5375 1022 616
382 4739 2
3295 665 468
1215 8392 568
9859 2290 240
4131 6428 229
2324 9924 590
2695 9719 228
4468 490 132
6395 8669 189
2926 3276 203
5498 4537 103
6758 585 341
9815 1202 372
9065 7105 838
1840 4942 518
1867 2826 196
9362 2095 55
6859 4643 217
7912 8696 939
7134 6908 302
209 6999 732
4821 3814 127
2581 1995 342
3752 490 493
6603 4965 187
8539 1857 293
222 3415 117
7228 1825 168
1009 3530 998
3704 3956 397
529 1123 271
9590 7012 594
866 2190 890
2932 4704 447
9202 7460 177
3609 5321 33
1470 9684 441
8420 9558 652
3445 7436 396
3496 6386 32
5189 6918 572
5642 6627 718
2276 3726 330
6023 6660 651
3738 3290 87
7061 312 332
6179 6962 461
6201 1311 790
9890 4257 236
9065 8852 451
4865 3655 917
5900 7289 7
1631 8768 891
7363 1684 760
4152 1431 71
3901 2910 207
4613 37 672
2472 234 374
634 4565 274
3960 312 918
6704 5850 928
3843 6617 998
694 6682 176
1401 9944 965
4879 5522 476
9080 843 681
5447 875 85
2598 4183 215
7658 1552 590
8072 1749 889
7789 1339 14
5168 9979 894
4137 803 399
7151 255 430
8471 2306 308
8140 1817 741
3902 6084 26
9551 8481 707
3342 5673 620
6785 7389 494
3812 3629 50
2201 7510 154
3614 5582 686
5390 129 265
3915 8725 602
2045 7684 151
3369 2231 721
5415 5440 298
5865 1300 343
5264 9374 353
3792 9844 46
373 9847 902
3210 7913 215
8678 2677 109
6841 6723 519
2805 7361 441
354 962 417
5422 3830 691
1132 1454 469
652 9146 252
6984 5219 570
7718 4898 308
2177 8868 199
9220 3071 462
3096 7241 509
7032 6027 602
5713 4906 946
6922 5961 102
162 4694 649
6704 2105 373
7738 9409 914
2048 1194 995
3474 4979 392
8449 9909 275
8495 2327 576
2704 8032 848
1078 5801 558
3499 7938 953
9524 9604 484
3093 3088 563
5161 9075 26
6020 5981 601
1419 3731 690
9443 9661 26
8398 5149 438
6672 6402 143
1570 518 366
6558 9964 41
9862 1069 242
6262 5137 616
1911 7436 29
2758 9128 865
7955 5409 53
2819 9533 889
1090 7583 483
472 6408 898
733 5786 285
8404 5118 958
5350 3078 410
4132 3886 136
3303 1179 197
8559 9453 409
8721 1172 830
3413 626 910
1971 2251 607
6805 8402 630
635 9257 589
3373 794 995
6635 5796 155
8609 194 353
83 23 969
512 653 838
9170 8491 144
5289 7615 550
3625 6303 806
5945 6138 654
8530 1770 214
5539 5277 89
2841 6569 211
4703 7074 419
8019 3166 898
5985 1637 319
7431 921 672
4767 2786 663
2638 854 548
9980 8350 55
7638 9497 106
9915 6106 109
2792 728 525
2057 1759 877
9897 8854 370
4752 4260 858
7848 4004 950
450 6487 916
2217 4520 396
2823 8718 851
2618 1095 969
3628 1298 832
4754 4687 51
5794 2580 642
3156 9153 381
2542 8660 197
7411 7125 645
8433 860 104
7806 8487 887
1587 9950 543
5449 7178 57
4294 181 333
238 9797 436
2900 9331 997
7422 2261 297
1454 4062 122
3398 5399 71
2459 587 53
3714 3353 428
6978 2000 845
7280 9665 770
3214 5962 625
5439 8608 940
3749 4155 815
7598 4813 272
3507 9202 232
8871 3006 215
302 3039 888
3369 8252 861
6237 8509 790
3419 883 229
8401 265 513
2782 7628 360
1209 9034 311
2560 7813 584
5745 9598 23
2470 5413 454
4134 8583 671
7536 7107 799
1618 5179 286
518 7614 150
7944 9346 928
1563 1911 855
6593 1690 791
5248 8844 35
9397 3924 758
8431 4668 612
144 9241 451
5494 8939 796
740 4193 945
2825 561 973
3850 3986 59
706 4504 349
9343 1840 606
2347 3514 107
6367 8804 242
8919 3234 112
5262 3985 973
5316 3775 797
8756 2307 797
5829 534 751
7673 9332 35
206 1865 443
3297 4372 757
6678 7845 97
3191 4883 386
3352 8513 479
4505 8366 624
9069 9767 846
2399 4771 942
5160 9355 287
5677 6810 87
9008 2898 405
5893 2852 625
5665 208 465
6784 7973 711
4541 3094 157
3896 2129 556
7782 2319 505
5920 9982 764
6642 7565 511
3940 844 969
6111 2026 32
9479 7824 11
5145 5039 379
1127 5792 457
9475 3248 213
800 668 557
7167 8898 32
11 3991 659
1356 5508 865
5381 7522 741
9169 1003 843
226 4119 841
1138 9572 557
5322 5051 836
6382 1916 426
3561 8337 973
7322 3253 641
5362 5741 205
170 6877 789
7521 7958 102
6665 2682 744
2620 9950 621
6807 3602 536
8541 3384 727
6383 2642 875
3626 9270 80
5041 4223 931
1302 5090 68
8484 5931 519
1195 1524 295
3452 5071 718
9655 2477 733
4669 9383 922
7407 7627 163
8724 1587 308
1269 199 528
7227 6514 294
1847 459 160
9311 3897 971
7745 6618 577
9540 57 946
8627 6172 647
1423 7247 784
2567 6071 709
8686 7682 882
2903 5125 616
9725 1673 455
5298 489 393
7337 3582 704
8812 2446 181
9189 6467 986
3347 8516 113
2600 6535 429
6481 6634 554
9775 4232 293
7817 5141 25
1463 7740 3
1509 295 322
9227 7538 289
4324 7304 83
5804 8293 994
9007 5724 912
6743 7531 834
9892 4026 331
2142 4067 896
3796 1193 335
4872 9397 346
5114 9115 588
1244 2495 244
7593 5699 920
4783 3625 71
960 6235 931
4338 3898 547
7492 3550 51
2178 6801 221
3261 9996 378
2718 8047 937
6791 4740 109
9168 4974 195
5293 5139 2
9356 458 830
9574 1912 313
9008 4690 326
5644 1254 185
4416 1496 504
5449 6671 591
8632 8620 376
2576 4277 545
6563 3881 205
1253 2467 544
7137 2332 574
3127 2728 726
9168 9692 283
5635 1728 361
5076 4362 522
4531 5794 757
945 9147 320
2471 6512 74
8757 8039 159
7788 6789 42
4910 8046 501
8686 2726 678
921 3136 9
317 5606 641
4598 4218 890
5021 6573 940
2545 2187 605
8347 9403 593
8121 9906 58
7499 7304 471
9135 4117 533
7556 1767 452
6483 1434 12
3313 8689 4
5920 1278 161
5208 5790 484
6233 7061 876
9655 9314 795
8096 250 876
7682 9451 966
2976 1271 717
2612 2163 110
5310 3896 281
7094 2749 87
9719 5880 858
3674 4568 625
4453 8986 229
427 9223 269
7944 1364 883
6579 7463 392
3917 6774 565
7355 3349 157
7244 2821 13
6326 8652 411
20 2945 530
6608 6069 326
150 110 72
8062 5026 340
8332 8794 35
1839 4336 63
7620 1420 324
8064 2985 402
7880 5075 742
264 9400 364
9834 2111 760
4895 1871 995
325 2013 734
5759 4185 370
2739 5917 789
4994 5465 54
4460 8061 29
675 2082 58
7329 5514 722
9566 7025 896
5372 9298 256
5241 9449 960
5596 5888 881
7276 6220 669
6702 2524 456
3193 4662 265
8849 4869 709
5460 3029 23
3308 2318 162
1061 5177 349
2375 5471 168
8096 2849 533
127 1960 823
2574 8513 895
7604 739 922
6127 8826 614
8792 2916 538
2635 1440 486
4796 6166 105
5895 8004 190
233 4754 697
7870 7843 864
4387 5090 722
9674 752 869
6354 5338 69
8102 956 995
3733 7672 336
7922 1450 847
8716 9523 744
3732 5924 432
9661 57 402
167 6809 955
1721 2295 76
6172 1105 408
5374 3829 700
911 357 574
3959 5264 113
8935 5679 873
6823 3675 112
3125 5818 691
5547 9931 266
783 9020 844
4969 6651 434
9688 3772 215
5666 9557 901
4435 7715 373
3631 9882 63
9406 7654 784
6020 5844 931
9222 8904 137
4237 6454 841
9317 5984 577
9927 8933 291
438 3115 682
3539 2561 517
7761 7684 525
8995 2230 544
7856 4996 494
9403 9771 1
1958 5408 122
2199 3048 800
1594 7151 280
709 6166 345
159 6107 302
3605 9926 974
8615 8677 38
641 6190 640
5954 8891 384
2662 3156 531
41 8226 213
9580 5289 856
8779 6732 982
4906 5503 790
2684 6775 227
1110 5266 208
9005 7083 606
7060 4671 539
5031 6570 765
5202 5458 874
737 6479 2
8505 8254 710
414 540 985
7095 65 985
9796 5037 565
5707 7845 901
9760 9338 814
187 241 772
8907 9541 321
8124 9335 604
4783 6273 663
8439 8482 427
7449 2376 938
7705 6110 973
6226 3754 589
2591 4960 807
4219 7318 243
4253 5995 422
8695 6144 360
488 2444 383
9166 9455 658
7764 7286 541
7299 7136 44
2453 8118 634
6483 8941 908
8457 932 392
9141 3680 505
99 9154 406
2560 1882 716
5605 3498 851
91 1718 141
3737 8351 678
9412 659 836
2659 8889 954
4465 4048 674
1843 5913 759
5323 565 481
6386 1 733
6382 1899 250
9384 7807 709
8468 5854 698
3685 7936 30
172 2745 426
8259 484 42
179 2958 512
5504 518 472
8752 1348 182
2823 2334 478
8275 2643 31
1029 2171 673
368 1018 52
3102 1866 124
177 6572 982
843 983 802
9895 5628 30
414 8756 409
9500 1846 496
3978 1957 905
2036 1408 656
5407 9770 160
561 2132 31
9261 3210 872
1308 2226 506
1661 123 689
5710 8967 640
3849 9224 541
2089 7000 688
3511 272 855
760 3176 504
7552 3341 5
7276 905 613
7743 2525 163
7985 5275 425
7539 7056 708
8341 8556 1
948 3999 766
4898 2460 597
3205 782 660
4761 6807 174
8303 1301 965
7591 4329 902
924 8451 301
6383 1574 411
9322 1268 235
7164 6501 38
611 2441 943
1809 643 931
3949 4770 57
9955 5503 405
8417 211 23
1833 2304 805
8756 4818 31
2218 658 659
8451 1857 7
2657 4250 921
5617 2211 213
6745 6865 732
4915 5328 296
582 6831 827
1744 3380 431
4070 4985 993
7119 2131 380
305 567 221
5998 4529 517
4206 4131 208
7787 2658 578
339 208 938
4976 7461 476
4176 9219 84
1348 4233 970
1897 1515 195
1376 9863 854
5284 60 579
1418 674 321
4377 5686 96
1831 2581 372
6837 2139 403
5009 2258 144
352 9200 503
3726 5973 63
2316 8162 843
3608 4014 837
6736 1559 164
1055 6997 839
1675 5848 758
6843 1009 837
2960 8986 312
4549 3757 947
903 1778 586
33 6205 21
9881 1234 486
7703 3135 882
7122 9846 885
5285 5812 778
529 7644 68
9494 2142 6
8323 4975 435
4290 2952 398
3238 1916 195
2150 7437 585
525 9918 532
7477 4240 490
3628 7441 337
3165 7156 543
3130 5270 748
6113 8946 109
7159 4355 60
3633 5881 557
4439 2972 598
7874 9370 619
5225 2985 280
7439 4179 636
9904 8138 201
3045 7767 554
3806 9093 373
8411 2631 870
5564 3581 883
9052 9380 437
4780 5040 665
5480 117 261
9940 8162 991
9496 6332 98
7537 9755 188
7520 1855 311
5577 6100 673
3359 3080 183
594 8844 120
2784 5586 183
7750 7936 874
6231 2619 682
6960 474 81
1951 4314 411
4452 2086 139
9621 8693 158
1655 61 976
9272 1334 871
7253 4961 743
9219 9524 892
6090 1921 659
1781 9878 609
1161 5277 216
4785 8724 790
4866 1291 761
5576 3345 287
5235 7422 133
2985 4236 685
1957 8110 116
6638 9342 114
239 3923 641
7759 6762 451
8594 5124 59
57 8587 863
1968 7355 43
415 5883 88
4436 8697 799
3822 8513 576
7215 3675 47
2206 2396 281
6918 1285 400
1853 7096 493
7501 8936 555
648 7848 623
122 9416 955
7970 2620 893
710 6077 26
2509 2688 714
7710 6191 715
6425 656 83
4993 3347 598
8658 5021 80
3680 4163 564
7765 7075 19
5288 8056 549
9510 8455 364
9067 2551 657
1121 9937 889
3239 6587 569
7591 4284 262
8805 3213 612
1136 1340 662
4762 9018 571
4274 9620 341
7095 5095 297
9820 1730 647
1271 7705 482
3057 3841 418
1712 3029 754
1156 6013 87
7142 7183 596
5976 4490 965
617 7136 476
4531 8620 557
7121 2852 804
5644 6929 186
848 5096 504
6422 5307 751
3300 3488 243
8731 9820 420
9806 8572 596
6044 6735 335
7007 1685 961
7311 7719 318
1964 6131 482
4680 3238 382
5889 8027 421
6780 6506 958
3562 8251 440
9840 4408 815
4569 8836 784
7982 4718 890
1489 6906 178
4349 950 310
1325 1577 10
3888 1261 429
8186 4099 215
9855 5785 277
1374 7896 625
5629 9069 190
6396 1615 466
3339 5350 981
6475 3794 534
1379 1701 345
4405 6534 20
58 3292 704
2368 9543 26
1476 8280 933
3273 5936 561
8976 1651 769
4850 5146 906
9550 9342 162
7496 4994 344
9176 6887 683
8937 666 327
6746 3148 80
6120 951 724
9784 4137 93
9940 1653 401
2455 7684 469
8312 4998 629
5180 120 256
4699 5909 950
4596 2495 782
4341 2317 292
4338 6235 571
3747 9639 127
8486 9251 106
6128 239 67
6392 9597 135
8482 9160 511
6508 1589 256
3227 3328 232
3276 890 551
6010 8170 723
6642 9674 340
3554 3062 158
3867 8512 694
8745 3912 476
1060 3981 795
4509 589 621
3893 3862 721
9317 3363 66
7633 3540 741
7805 3254 686
3538 6608 74
656 7174 931
618 2961 162
3651 7500 924
6408 2377 887
4027 1075 413
3702 6091 621
9490 3851 401
672 7912 458
7815 7588 648
4094 4420 962
6170 9184 911
2513 4572 810
1935 3942 443
2638 5312 937
9237 6855 43
9557 6354 698
9346 57 270
4759 8214 641
9953 7676 218
2836 4748 678
1286 5022 564
9796 4796 999
6877 3993 986
1149 662 23
9065 8375 945
4843 9352 180
6057 8057 729
4044 5387 308
4862 5325 711
7114 4026 106
8125 2238 388
2483 3915 816
5280 7068 646
342 9754 691
1662 1039 511
2810 4196 429
9275 4356 983
7245 8795 694
9616 1966 566
1513 9006 224
5184 2389 882
2880 9243 341
6859 2440 791
8852 6674 94
588 4949 26
3535 697 999
9028 7250 924
2714 6324 702
6189 5624 311
1649 731 288
2799 2981 513
8743 8852 573
4709 2152 698
1926 8267 612
2992 9113 278
4295 8340 759
1095 691 187
3433 2963 977
2562 2287 484
6023 2447 429
8925 5881 924
8043 1014 215
3551 936 29
5480 2030 873
6848 4673 221
1807 3549 957
6739 9617 136
6751 8269 248
8404 5688 920
1942 617 206
7816 2472 147
733 3418 797
3378 6970 283
6397 5712 891
926 7703 815
920 3756 827
381 6494 318
7168 8750 472
9042 4153 897
2778 2576 921
9518 3154 698
1711 4250 335
9151 7810 132
1555 380 377
5493 130 184
3887 3787 167
4743 8662 249
8842 6529 492
3904 6731 30
3383 7635 992
5723 4258 515
8190 6296 379
8891 9158 57
4637 5271 981
815 5067 779
7492 4625 320
3550 5065 148
9150 6294 957
8398 7450 292
3660 94 797
9988 6870 973
2446 9924 993
2523 6898 636
4882 1789 253
265 1451 164
4807 9167 998
9311 3591 84
3059 5773 306
6011 9161 801
7618 8618 162
1095 8964 712
2187 664 480
3776 1795 568
4958 7574 381
7556 8819 664
2917 6445 670
131 3638 941
1612 9503 875
8002 4405 683
1041 5787 752
7637 7828 250
3243 5360 13
8151 5781 610
7394 6800 136
1569 9710 942
7866 9777 10
2537 7952 513
2835 4048 981
3359 6552 578
5012 936 825
2665 3766 901
1722 2522 828
9095 9567 396
8433 705 929
5299 38 680
9987 645 427
9494 9635 474
4282 4535 169
8623 68 300
8525 7458 492
1624 7188 78
9016 5212 973
1834 1758 630
3765 9340 882
4017 7504 213
6994 339 502
1787 5032 692
9616 1293 11
5265 9421 6
5598 5368 585
5701 3255 928
2616 6776 802
1934 9762 317
9079 1290 842
460 2961 208
4681 6572 439
9450 4159 606
6901 4452 291
6055 3592 810
1117 909 139
921 4904 160
9913 8548 766
6034 6113 869
882 4779 426
3355 3131 610
5454 2881 217
1233 3044 205
71 5873 898
7304 2454 442
6019 4987 553
318 8257 754
8898 3248 72
4519 2507 167
6994 1103 536
6869 5165 983
941 8517 178
7175 1339 631
297 5091 916
4953 6837 549
7588 5272 957
7425 2003 7
4000 5823 791
9415 2821 486
2538 3409 730
284 6872 993
8878 7145 709
6913 686 381
2622 5585 577
25 2092 682
3383 5451 964
4813 198 645
5539 1027 458
653 9448 226
2609 895 635
2961 4549 692
9323 9340 146
9069 6866 809
1455 9892 495
608 4537 564
8549 3119 219
7709 2187 805
2888 675 289
5707 3606 627
4484 9457 860
264 2918 863
3973 9768 552
5270 8866 393
3002 1560 146
8619 3263 200
6002 2828 10
7622 7803 367
5452 7755 363
6248 4735 237
3110 4147 724
9472 9925 995
120 8891 829
201 6409 716
7663 7416 705
6393 7324 623
2434 8595 704
2984 675 202
4284 5922 78
1664 8309 839
327 8535 520
2948 8074 882
9650 7282 861
673 3448 598
4464 231 710
848 3430 483
8914 4155 473
365 8454 86
8879 8455 391
4727 3730 142
2221 7394 452
1269 9469 397
7864 9941 932
416 9115 223
2746 8398 717
1425 4765 565
3531 3174 426
9245 931 252
9768 3562 715
6219 8407 836
9216 3476 736
5399 7621 524
2959 3431 900
3818 1712 72
4919 4636 499
9059 8734 74
6022 3372 336
6651 4226 331
4209 8847 655
7117 152 547
9462 7098 917
2472 9358 456
7427 3620 540
2751 2660 365
9013 8637 540
7268 1190 97
1700 5871 627
3817 532 501
1446 9632 496
2229 5673 372
2083 3893 186
16 4978 538
7676 6033 382
6271 489 276
9986 9983 462
2327 4969 428
3653 3928 172
2578 2263 900
806 7029 849
5519 4481 675
5919 1256 845
2887 6785 400
6146 6574 468
9838 995 329
6459 4953 616
9193 3955 431
1038 3846 633
9797 8333 256
1373 4744 793
8098 8728 504
3661 2030 853
1146 9443 322
9845 343 684
9478 812 943
1998 7656 707
7372 7364 310
6594 6473 403
3217 7842 898
144 3211 436
214 2220 685
9067 8148 238
9501 4452 943
2016 3165 949
6300 8538 527
965 9580 602
6574 3910 509
6441 8344 708
4778 1012 897
697 7633 595
4528 2122 944
8140 3480 80
3518 6994 581
7120 4455 982
6260 8487 850
9149 8184 83
6577 6388 569
71 8823 621
6530 5447 205
4911 5858 798
327 3312 984
950 1109 815
576 2209 778
2621 9263 307
4893 9747 827
6008 4372 917
8800 9917 39
1350 5427 315
9099 3304 694
8929 6801 799
3425 4719 474
9074 6866 864
238 6415 254
9620 8885 338
6647 8 116
6587 6497 542
6526 9409 64
7865 6611 250
3037 3592 584
1654 2511 669
1995 2044 946
5114 6279 28
9869 9106 275
3838 7213 750
7128 1102 150
5649 6693 954
8125 3180 165
6673 7511 521
4202 4408 596
9860 2439 448
838 4394 90
1380 1758 704
1830 9792 914
4330 111 325
8120 6606 845
9499 1431 42
9584 7283 169
7017 3202 579
4986 1153 90
9185 2706 593
2238 3017 521
8563 7798 272
4082 6835 474
8451 1337 406
9012 7840 971
2265 7903 303
5462 8102 304
5670 8335 411
6684 8860 606
7010 1435 97
8519 5299 934
3849 2056 901
2071 3003 695
2502 5609 636
2948 5013 812
4511 645 955
9632 7718 498
8977 9022 656
8866 5368 19
1894 2345 175
8383 562 130
9372 2091 450
2754 3601 6
5322 4332 877
1638 7839 655
5521 4257 252
3049 733 132
7268 5672 70
9212 7894 990
2570 4942 529
1833 7957 226
269 3235 175
2402 3619 151
8920 8025 233
5004 2968 476
7383 8048 262
6414 7417 373
94 8192 172
9715 4245 381
2768 3919 844
6564 7414 279
7374 3339 145
7962 1168 467
8963 5015 855
2740 5531 557
9726 1265 286
6641 5978 267
9254 7464 119
8741 6935 776
5516 4908 907
7739 380 1000
8879 3476 702
2574 9144 765
6764 8781 648
1740 4014 728
7546 1804 625
6276 2106 903
2724 2898 648
8154 429 639
6326 8392 785
5202 5721 123
4584 5505 933
5399 3019 343
5153 5282 16
6273 6855 308
5366 7908 601
2174 4207 11
651 7851 480
251 6522 631
4233 7231 180
9471 5546 271
5690 4929 961
7023 1027 243
1524 7299 760
9869 3407 449
3058 7554 516
493 1880 853
9145 35 626
7828 7796 908
9726 4187 662
2410 5571 722
6205 582 373
4126 9488 156
5044 8768 554
7248 7291 924
7470 4211 260
9174 8733 137
4135 2966 187
7078 6229 197
9754 712 919
65 5290 229
175 3149 293
7483 4502 919
9967 5400 62
8136 8843 903
4115 1536 406
2981 7747 447
1086 8442 447
8833 3717 199
5358 2773 983
7503 871 350
2805 1257 713
767 9302 199
523 4970 259
1310 9121 651
5353 9431 807
8534 9004 91
5594 5065 326
2611 6742 307
276 2318 796
2756 9879 9
5012 9637 382
8867 7320 789
1588 5291 649
9478 9056 215
1283 428 254
4872 8870 169
5934 2724 206
2921 2399 709
587 6067 309
5459 3856 220
9703 7219 679
1338 2414 338
437 5849 486
8711 7353 689
5313 1838 195
8683 4530 236
8403 3229 543
1941 6339 824
4706 5683 476
4004 4138 477
9605 9068 404
8019 1230 936
7792 4406 770
3741 7513 813
6553 7533 5
4739 7522 735
4395 6513 146
220 2321 268
941 6016 741
9337 4108 955
1208 7309 603
9347 9158 781
7427 9316 130
5234 8363 128
7 7261 333
7056 1152 403
2899 9300 349
5590 1134 852
6502 5047 145
5741 934 656
7736 7408 914
747 1334 29
3 4494 473
8954 1820 708
8731 6791 296
2466 2291 921
9303 1505 374
6979 2029 541
2817 8418 959
3322 1543 975
6723 6606 180
7744 1322 838
1367 3676 321
5149 3391 624
5698 1092 267
3199 3630 91
2514 2485 40
2699 7912 367
8242 280 108
3409 8616 215
6740 5632 621
2452 2757 190
7434 388 938
2944 805 295
8588 5455 283
4386 8281 461
3670 2012 371
3240 4662 223
9052 8318 100
6969 1735 152
8529 179 580
49 4903 118
7367 6854 395
6835 5424 343
7140 4480 955
9416 6271 216
5705 5608 614
6505 2418 491
6223 5567 662
9171 3586 204
9551 9214 86
4191 9278 595
411 2113 229
2513 5893 746
9512 8747 546
6194 1995 258
6012 1665 601
9868 4318 852
7969 8473 82
9020 1283 817
3090 4420 407
3755 6067 117
4168 4788 536
9810 2278 239
548 1455 406
8013 297 192
4929 6491 710
6867 4520 65
583 5178 762
3686 1651 316
1354 3024 861
9775 5334 531
6391 1374 939
5048 3037 858
362 1385 495
5962 231 875
9538 5027 890
3539 9484 614
1075 184 619
4215 6879 555
4769 8975 614
7968 4230 676
8248 3905 779
1060 4182 457
6812 3747 775
7389 2598 584
7573 4101 467
89 9338 895
4228 8435 602
1447 4864 753
3324 6622 446
5422 253 261
4519 3713 256
9551 3348 432
8886 3994 186
4594 1746 484
9563 6830 624
9542 6312 179
6336 709 581
5310 9287 560
566 1249 249
8223 945 302
4038 8725 736
2684 8494 157
1281 7829 650
3261 8368 93
5007 653 864
1172 9734 28
34 1489 630
1484 8631 68
7731 1257 316
4673 995 634
6947 5702 506
6684 2338 617
5438 8264 846
6116 5378 972
9628 8087 477
4688 6137 128
7165 8225 425
3636 1032 37
2624 9634 554
2031 8300 98
2761 357 602
8434 2039 292
6511 6870 552
6900 6315 715
8174 3917 87
2536 4441 696
5510 8990 403
1951 802 332
251 9452 318
6545 9100 943
4542 5084 305
4671 881 154
8161 3581 379
1694 2428 155
8416 997 777
3056 4368 742
4316 7612 523
774 2441 36
2536 4380 403
9605 173 679
4246 8787 210
5891 6719 267
1916 4505 438
3975 6859 922
2278 1865 972
2810 7960 160
4050 8992 571
8886 7066 70
1721 9599 609
4954 9014 776
2590 1926 479
1619 7877 341
9544 5562 431
2417 1085 806
5803 9601 837
3984 6075 576
6234 3324 573
1764 3685 878
1231 3424 827
4664 5901 155
1135 7926 439
4089 468 777
8803 7838 405
9004 7192 474
7422 2118 47
7481 951 420
819 5610 651
8047 8332 14
4731 4700 795
4315 3573 529
4957 6295 266
6460 726 835
2214 7301 676
7207 394 885
7318 7351 675
5744 4576 391
4984 4268 186
9684 760 13
3050 3421 305
8285 46 16
4551 8274 165
5162 2648 746
6034 7695 472
8293 2140 369
5288 6885 383
5826 8121 292
260 7439 693
4219 7402 182
5039 656 92
6543 6923 592
9238 4411 481
5080 8097 460
5578 6964 885
7317 5416 259
2617 7537 234
5206 795 215
7894 1256 241
7777 2600 89
5173 5705 476
641 4435 222
861 5735 654
1551 4192 424
9366 6221 294
8717 2783 260
9874 5417 176
4645 9827 579
9748 5679 367
1319 2138 713
3486 9874 751
1728 3753 471
12 3275 804
938 1936 565
660 1021 549
1697 296 446
2871 8026 736
4465 4042 115
3313 3168 584
2814 309 284
5063 9730 753
2467 2984 724
5415 3939 804
2110 4436 996
9109 618 202
1052 1031 351
3860 7009 806
5737 7187 454
4136 8983 493
6190 4720 850
3359 8668 235
755 6666 483
86 3751 837
7294 7862 585
8968 6511 149
5269 22 112
700 9256 800
3153 8089 500
9481 7528 179
5161 8655 456
4354 8375 462
7341 4831 724
2205 899 122
7063 238 145
1931 6179 597
5327 345 501
8708 4137 430
3890 5548 856
2551 3444 262
7549 4137 289
6662 7177 792
9004 8929 941
5927 742 665
4856 8272 734
5626 1469 832
2207 1753 385
6843 5177 366
7802 6316 44
1854 5291 301
8852 4068 10
1325 5459 908
7524 3189 109
7018 6947 878
8852 7707 483
6314 512 807
3839 3862 679
9853 2402 592
9568 4437 219
8611 793 294
8511 4963 709
9992 5560 472
8140 2975 967
5948 5391 572
8320 841 111
6610 6462 764
1576 4220 850
4290 8581 766
1514 4851 468
2253 7777 798
261 9951 414
7219 2252 58
2535 4941 95
2988 5102 17
8506 5333 146
1896 3828 493
1305 4390 749
2937 3644 169
8178 9479 360
8645 5345 716
2861 2701 19
288 6900 305
5938 8667 206
1714 3585 859
7806 1279 503
6305 1651 700
4349 8410 845
3725 7192 845
8759 9402 704
8427 3946 640
9945 1953 304
5515 1557 799
6537 3946 476
7948 5263 13
2842 8780 880
9012 1064 744
4913 9067 865
8265 8433 730
4788 8699 93
5354 3406 184
4333 1780 223
197 3233 126
7253 9266 221
4587 5937 907
8298 3751 906
7355 444 609
1581 7507 220
8948 5238 722
1155 1809 151
5628 1830 366
9500 1004 194
4916 4634 857
637 3848 526
333 427 629
6334 4425 770
4323 2788 252
9821 9653 866
2216 2496 695
2153 7088 361
485 3572 521
3785 4172 164
2651 8864 496
3688 493 394
6410 3195 717
9330 6865 19
582 2832 602
9230 9281 244
1708 8242 237
1000 233 899
6847 1862 382
8203 3686 341
9687 949 48
4883 7644 215
9527 230 270
8228 152 737
3179 272 260
4118 2195 215
9408 8086 349
6186 7516 14
4458 4275 237
3171 3600 956
8701 6660 798
5638 3073 729
2388 3673 259
7430 7749 112
7294 1131 442
5106 2077 866
4415 1842 492
6746 9325 865
2599 1561 297
9437 6589 461
3397 7005 131
203 2453 927
1699 8460 421
2335 7364 25
4181 4054 103
5644 4623 774
6296 7704 271
6842 1321 10
644 8550 564
2908 3302 439
6818 9804 426
7379 5007 120
9745 5129 266
919 5722 575
798 9232 809
5731 2286 994
7325 5048 817
2918 6820 26
6014 8991 547
5581 9196 319
9624 5894 578
9392 5406 34
7703 1453 193
7888 9968 469
2673 3920 491
219 5057 844
961 5417 244
9657 5370 744
9506 5996 706
7457 4550 299
7220 5797 821
9840 1270 607
4381 3008 424
3612 96 887
7483 9029 164
9691 535 943
2062 8369 783
6881 7492 738
505 1269 509
2392 2662 890
6551 4441 251
6414 5542 319
9214 5011 403
4702 7531 870
9361 8720 608
8256 9646 289
6052 9903 39
6252 5383 386
2123 1778 651
2487 5589 455
3152 6705 276
8242 2108 700
150 4177 298
6898 8193 648
3651 4551 590
4789 4611 2
9085 6237 160
1995 1092 170
9326 3258 232
6924 2031 337
3875 9330 367
4370 6647 709
3500 1665 205
8501 7751 674
569 8418 20
6923 3225 563
8118 25 715
6587 9968 410
4113 7703 54
6960 6978 415
7642 4427 124
2677 4237 900
9621 8594 731
2647 8790 237
9659 7196 62
8822 2172 297
7112 4291 119
9188 1833 158
6244 8471 720
9031 7201 389
2463 133 331
3471 6541 757
5580 4061 111
5772 8931 580
3409 9592 191
8686 6815 452
4327 5684 573
9846 8445 151
3834 4450 604
5579 6755 644
558 297 255
4921 9840 6
9494 7888 973
9008 7002 466
8550 9810 157
2827 1399 649
1968 4894 348
6579 6346 908
6846 96 534
4596 1816 479
3035 2858 1000
3029 1809 483
1714 5010 502
5257 2761 97
4721 5651 141
1598 9206 107
8413 4474 539
3742 9178 397
4933 739 896
7734 4677 76
1459 3638 474
5514 1584 436
11 6103 861
4708 2600 999
789 8231 142
5415 30 509
3834 2316 179
587 8158 548
5991 1590 184
5041 6573 890
5257 6082 433
5170 5180 201
4447 5254 352
2083 8162 962
7353 475 897
3384 5316 524
8161 5174 50
2154 6054 373
8945 1318 910
4277 8588 583
7056 5675 378
4096 3980 455
6268 7726 860
5722 9307 954
3540 7050 423
5807 9001 474
3592 1885 894
7118 5325 493
9397 6109 753
3168 9359 111
122 5149 862
1553 3437 706
5550 5570 739
3004 8638 532
8196 5078 72
2604 9605 800
6158 8449 565
6801 5361 400
2450 9550 87
3235 3811 425
7545 3411 278
1872 8700 958
4132 5070 134
3377 75 57
502 5892 432
2721 8779 402
385 9108 517
4008 3409 341
458 7813 977
2574 3267 376
6001 4742 133
7784 8932 34
9428 2942 822
4533 5071 383
5174 2385 747
2984 4053 408
6416 2080 722
1575 5962 228
5601 4454 660
3938 2070 897
7246 5886 307
2676 2101 678
7225 7098 102
6409 7107 590
1503 3393 793
5387 1252 164
5642 6005 496
9914 2215 5
23 7701 932
7249 2442 836
6939 3014 811
990 4688 852
1100 4261 391
363 3778 51
8587 763 537
606 5330 757
9787 9114 47
7758 3364 656
7470 6035 43
6299 4461 158
991 4001 616
9050 5478 878
224 921 949
9901 9791 37
6299 9197 211
5318 1623 916
6043 3644 730
283 3867 575
3431 4746 171
7682 7365 623
8202 6635 715
7171 372 136
1845 721 832
2402 9900 470
8508 4298 241
6954 7929 887
6841 1469 155
8867 7652 258
1666 8374 735
8400 4777 36
3900 7199 935
3850 9067 534
1415 5915 464
2844 5285 889
5709 1219 326
6041 6295 723
2406 7606 132
1692 9779 517
7905 7714 507
2573 8876 849
322 7560 200
5930 8666 905
5227 7784 914
3647 1073 75
9527 1894 700
863 5153 333
6284 7136 523
9132 8372 771
312 6047 864
8748 8684 120
8188 1873 106
411 3419 387
2677 1662 901
2032 3718 386
5797 7904 852
6938 9924 940
3403 3885 252
4891 383 104
33 6404 342
9399 6446 117
4303 7114 192
2440 6289 625
3649 5698 208
877 9100 781
9006 9836 395
8861 8124 542
1661 9207 664
7445 5128 666
3251 1050 347
4147 3379 234
1750 4141 876
6011 5570 2
2956 8251 498
952 8152 718
2 4788 774
1398 6657 640
6986 3708 889
3475 7639 876
5502 2367 444
5691 2864 669
7912 4681 636
984 8441 416
2490 2977 726
4115 1481 352
2895 801 637
8470 1503 994
9096 1250 266
2313 5555 55
5794 4013 198
9665 2103 459
2075 4061 705
8666 3370 687
7981 8046 380
2930 7752 992
4409 1481 468
668 5008 946
382 2533 119
6590 5434 687
3787 6502 554
4739 2768 471
1109 2524 636
6951 598 728
4340 4873 841
9002 1480 135
3346 4411 599
1992 4991 725
7747 3295 443
3855 6600 618
6329 1333 241
9549 9398 588
3315 546 130
9187 2541 595
2497 2705 364
6311 9629 140
9935 4634 626
864 1926 223
3047 2427 743
7634 166 908
5896 3733 842
4193 5483 397
9569 2877 549
6794 4100 878
3302 1186 218
6054 6333 961
8153 751 363
924 8835 517
3850 16 537
3012 4459 248
1217 1154 51
1433 4413 892
7960 7701 621
310 3333 231
6002 1434 76
6351 9053 225
2380 2056 625
7996 7844 563
4708 7326 621
3343 8357 49
2052 4677 910
5834 1726 9
6540 295 161
804 1061 873
9482 8956 913
5629 4132 866
2026 4428 412
8214 4880 256
8998 1889 902
2514 5113 979
4504 3139 734
704 3890 586
7272 8095 729
2079 3806 731
9751 6191 734
9768 910 690
9812 2134 241
7497 4155 902
7366 9244 770
5520 6786 122
827 5015 404
2106 2258 521
513 2117 755
8515 2444 167
4372 1203 204
9820 8600 172
4747 8258 529
3146 2235 110
2053 6736 43
9032 1434 93
1837 9332 71
3812 3114 591
4115 3011 174
6863 8776 290
6236 5497 242
7071 3828 615
717 1236 524
5037 2694 460
4715 7168 786
6722 2381 760
8570 1445 824
1125 9248 986
2063 6632 362
990 3207 1000
2133 7165 343
565 1720 32
2101 7751 607
37 8065 390
6493 6492 698
7604 5378 569
7760 1046 347
1049 9711 888
428 1771 483
1539 1356 669
4653 5071 265
5120 7557 220
2048 3387 636
8865 5242 332
3876 9208 373
6660 7351 313
539 9090 358
9980 375 92
9833 2840 64
4185 3301 108
6682 6567 169
6917 552 10
5705 7149 198
9030 9431 57
2084 2230 890
7107 5679 160
2242 5149 915
369 5030 984
2983 3921 896
9834 4636 780
9268 7795 363
1924 4302 318
4243 1080 357
4845 6373 439
7037 3113 556
1661 54 327
9928 3001 194
7545 9677 267
7454 2858 443
4554 9318 712
5906 7434 708
1083 7659 121
7293 6744 187
9667 204 807
1886 3562 956
5292 1387 350
1518 5058 741
23 663 688
9811 8827 182
9297 136 791
3715 7277 405
1213 4922 696
7752 3915 292
9756 5041 912
1294 3216 476
7293 5082 602
4107 4803 11
7653 5570 779
7212 2062 657
3535 2313 502
464 7861 796
5402 3785 561
232 5792 161
6304 9505 256
249 5346 259
5239 8558 318
6826 8971 899
7691 5142 477
1434 3446 318
7519 2620 448
2910 6232 13
6182 6401 325
2834 2635 400
8254 8384 914
1519 1343 533
2779 6239 846
7406 1250 563
8407 4056 823
9744 9949 681
9587 3825 477
2119 9099 768
296 6782 142
2750 9497 800
4781 9003 333
8534 5300 936
9012 8917 880
7867 6884 450
8750 2327 518
9559 9570 588
7725 1151 502
4228 2831 50
341 7649 697
8887 4827 239
5165 1780 105
2326 5350 779
8013 3452 354
1206 3725 894
7226 7398 987
9639 3312 863
4287 5173 239
8656 5537 956
3150 7950 333
9114 9646 721
2225 7572 719
7395 7256 287
56 2757 394
1372 8743 593
9530 8221 513
3704 1765 160
3903 7070 26
5803 6001 24
9935 3583 460
6469 7284 675
9673 363 775
7244 169 393
3795 572 159
5911 6963 986
4725 2173 808
8388 9516 983
5227 5780 58
3105 1344 898
4075 3478 334
2965 4607 223
2426 579 824
7932 869 960
8549 5408 112
4404 2848 522
4466 8531 3
855 4980 798
4250 1921 174
9716 5374 562
8368 4664 812
5831 2207 707
8128 300 638
7536 9512 149
4834 2827 165
4707 8214 588
9566 879 431
513 9159 505
3850 9212 601
9936 7128 650
6096 4919 258
5799 4563 991
3839 51 396
7043 8608 433
9695 5217 311
8924 4579 118
4483 8088 349
6303 8782 924
5950 7103 704
1152 225 688
9959 8161 1000
7917 5107 839
1179 1866 400
5608 7281 953
7385 5922 368
6380 6242 105
7361 1527 146
8912 1423 754
3464 9459 804
55 8366 268
7229 8704 655
7486 9875 386
7152 5348 822
3241 2646 460
3450 377 520
9975 6363 267
7180 2991 61
429 8134 652
5097 6024 630
2570 993 128
1116 1426 350
7147 9907 769
966 8313 52
7047 8293 605
7866 5426 758
1734 9292 997
5806 7347 969
3542 1964 117
1067 9291 456
716 4393 191
3855 1785 982
770 274 854
9951 2713 930
455 7809 659
3730 3309 481
285 4803 721
1664 5323 686
4967 1966 514
2411 3577 482
8772 851 307
9695 6554 85
6367 1800 425
2667 6209 47
8921 3469 366
3964 4876 361
9744 7019 224
4308 7084 987
8843 3443 370
9531 4665 207
7057 6400 654
7471 4150 749
4135 6952 465
8694 5644 357
4768 3088 3
8611 7258 66
3093 7428 409
8518 3299 773
1890 6992 536
3356 4762 472
3484 6716 546
135 3654 189
5013 5549 598
9902 4845 759
1263 6385 259
5065 1288 489
8316 3807 198
718 2808 763
7717 2000 728
7731 9985 931
1957 1222 25
8380 8015 83
8143 6289 62
7419 878 12
8743 7759 914
3284 982 785
6204 7745 470
7910 7849 615
7247 4280 155
9167 73 717
9362 8615 462
3233 7407 408
9840 9819 811
9608 3651 266
451 8072 707
9718 1907 769
5989 6280 837
6596 6793 655
7001 8831 622
3547 6864 379
610 6057 748
9619 311 237
1697 8022 714
7895 5778 574
6263 6494 956
578 1280 61
3170 2595 220
3389 2838 674
5949 1628 57
92 7283 119
4412 3559 320
338 7645 327
4428 369 267
1852 4633 672
906 3885 583
5301 9567 8
381 1109 974
6675 615 917
6745 7394 240
6940 3223 991
8669 2020 475
5990 3099 344
764 2128 708
4320 7696 585
4803 5299 639
6265 1741 87
9862 9547 196
5207 3055 613
5070 8511 121
3430 148 592
3375 241 880
5076 2569 58
3610 2891 714
4241 2847 780
6918 1404 608
7803 6605 630
5073 9877 4
9655 1919 481
5301 5522 241
3275 1085 979
4974 7024 469
6214 9019 696
4809 2416 715
4262 5950 672
4920 1123 482
2297 2117 740
1439 1796 186
7674 6454 758
8331 6676 808
6816 4535 74
6945 47 969
5191 3603 445
6334 79 852
4663 3765 758
1813 7836 836
5305 625 820
6071 2088 837
5009 9121 236
2365 1614 817
425 5662 451
9560 2116 718
3700 9673 113
6797 7809 11
1311 6315 818
2987 6309 44
9762 142 836
8460 2956 292
7968 245 907
4968 2787 480
5856 1407 124
6553 7276 160
7432 5756 557
656 1147 358
7179 3545 819
5878 6036 405
3093 4697 92
4304 9515 321
999 1882 184
687 5077 952
2218 4144 948
8850 4824 688
7256 7686 66
9738 8712 614
7898 2051 76
1302 4 385
6834 5766 319
7735 8287 860
6795 9769 867
9093 4183 656
6821 2697 891
9080 3103 656
8761 2097 192
9204 84 428
4363 7373 825
3055 5155 72
3438 7270 32
8336 5913 675
2310 9203 821
3502 2894 649
1773 3766 181
3210 750 201
1918 8392 591
2403 6383 753
8607 9420 443
2610 810 316
2288 8587 994
7027 141 778
349 2856 70
7788 373 363
1941 7810 28
6759 2859 268
4985 8388 981
7142 364 141
8577 6536 499
738 6879 834
6603 6801 561
1479 3356 792
6959 5832 737
6088 9485 925
6618 380 11
8016 1462 981
2414 1647 987
9864 7682 285
1456 8874 620
1538 4429 367
3048 3705 694
1346 4080 894
5572 3568 969
4654 9342 880
3942 4047 334
3352 813 586
4786 8038 173
1444 9229 814
3522 3945 125
4442 7713 759
2681 2748 656
8055 1799 18
6641 4960 700
8033 8671 135
1541 850 561
7573 13 595
7477 900 560
9933 5690 446
1016 1119 644
4188 1319 559
8453 7617 732
8127 2238 59
9164 714 304
5463 5873 78
8023 8611 199
2108 2874 852
7715 7271 653
7038 5429 274
5386 8653 6
6522 9571 678
857 9484 130
9459 6130 633
9839 2987 260
5774 8830 141
817 4026 90
8301 981 687
8129 9188 963
6549 1321 154
2785 797 918
3692 6270 255
8595 3509 605
5437 9208 764
8536 3854 36
3114 3999 114
9448 9479 180
8373 8549 736
9888 1177 517
1415 4272 598
8323 1875 797
7525 2649 553
577 9184 132
6946 9903 339
6284 7466 664
866 554 775
6943 8300 717
6930 5394 674
3960 2086 81
3502 4043 734
5370 6833 614
7980 5053 443
6296 8683 243
1652 8614 835
100 7857 530
2133 8740 111
3515 8249 692
6118 6313 674
9594 8466 200
3864 4955 809
7863 4104 660
2389 1418 827
5479 5699 774
7187 5148 986
2395 3958 63
3505 3560 245
8605 1933 63
6402 1409 285
8361 321 165
9386 1285 43
9674 9511 534
1790 9734 798
1864 5136 863
8015 9918 484
1549 1380 95
4573 4175 586
2641 650 699
5716 6234 226
7188 212 199
6949 616 731
8421 9705 547
5090 8893 801
5583 5172 434
1417 5150 448
7188 7178 57
1368 2796 866
6582 2407 760
1084 4979 208
8176 2630 917
235 9269 387
686 9102 596
6133 9944 871
1403 6690 468
133 4113 609
5415 4678 888
4358 3798 393
121 6723 298
4463 1448 519
9108 2025 230
1941 4223 203
5979 714 35
28 2037 677
4946 8721 656
8568 8524 117
3001 9731 45
3654 3635 35
4912 9641 434
3829 6639 113
5002 9206 437
7599 3768 692
103 7272 501
2802 4403 802
3443 5361 271
5201 8797 564
4855 9666 879
6251 2517 349
2458 108 477
6336 3930 109
5350 325 165
6911 6699 327
8660 143 207
4323 2568 583
8345 4280 212
4903 1664 287
5896 6054 336
3191 4196 421
8590 5266 551
5851 6715 658
2260 6929 478
3530 2245 13
488 2304 112
209 6296 778
9381 5860 351
5 3814 301
4513 5657 530
470 1604 419
9212 1640 355
2051 7693 309
1614 3508 478
1235 1670 735
8513 9060 537
6069 2265 124
145 7053 499
6339 5167 229
7888 2203 226
1657 3580 573
8547 116 194
1497 2370 327
9472 9456 511
5739 9156 251
5621 1302 243
6724 3165 478
8119 619 902
6462 9496 688
8077 140 862
5005 5279 303
9858 8717 491
9011 7081 148
4177 686 943
3100 6640 715
4806 4455 241
5030 597 937
8061 2731 906
7022 5819 315
2000 7825 109
4521 6192 87
7874 787 579
6984 1450 658
1498 7306 3
5334 8140 867
712 9066 843
3988 1585 379
5439 8006 672
5322 3396 570
3851 943 579
96 8834 344
9399 6891 724
2379 3034 481
3315 1547 94
1109 8261 658
403 2988 420
4627 9091 120
2216 6064 724
9236 9664 85
9700 7683 214
1903 6011 131
622 8385 697
2369 7648 726
4164 6049 686
58 8737 538
8984 4392 136
4142 5833 204
570 1764 921
1999 8547 585
7946 4440 69
3727 3683 129
9925 6778 519
177 3441 332
982 8223 384
5771 3416 736
196 1472 475
1727 9141 51
4293 1999 930
6884 2298 625
8281 4211 288
1529 6363 366
9407 2700 254
3802 9833 727
3124 767 814
9453 4743 966
2948 8624 897
4976 5587 540
5625 7547 985
3113 1445 603
1585 8125 611
6576 986 412
6827 3783 64
5896 9565 367
9996 2721 229
9856 436 943
7298 784 978
1918 4976 667
5142 1076 114
6686 2506 156
1474 7713 984
871 7369 745
8471 7175 814
9108 8742 495
9966 1221 5
3588 7440 925
2547 852 728
875 4026 81
7526 7556 314
5032 9042 358
4961 8938 141
146 392 962
6130 1575 67
8673 6468 798
7705 5816 230
5384 3135 490
3497 7615 956
7309 6140 906
3438 1241 746
6666 5249 746
8842 6601 879
359 3586 549
9051 6335 431
6781 6993 989
5765 469 123
5125 5221 284
834 7351 378
3807 4389 349
4593 1597 539
8732 8678 535
6646 3978 953
2954 7982 496
9381 6859 509
8542 3113 489
2722 1234 381
4469 6807 636
2021 7242 70
6948 4535 684
6967 4458 794
4424 2182 728
7050 7340 685
9872 5558 530
5950 499 191
2279 7352 491
487 4499 348
8148 2279 353
7917 2958 951
1080 1089 273
5346 9994 538
87 7338 208
4737 9490 289
6287 3321 430
1214 6030 940
635 6033 375
9031 3462 823
4671 762 172
3456 3175 802
309 443 289
4223 9460 641
656 9483 96
5437 564 162
4172 9795 68
9096 5036 363
6953 1874 405
7514 9572 114
4409 1903 262
505 2119 558
6810 3631 279
7073 1543 195
9805 7069 40
8331 9756 990
5762 7427 670
8495 1700 623
6540 9316 574
4891 2507 557
764 9372 56
7181 1024 349
8218 7383 59
3770 8613 810
4467 7890 28
7277 5976 947
1854 5288 212
3425 6610 740
3135 4080 226
7765 3200 40
1364 7901 900
9944 5954 609
2427 9397 594
7928 2717 320
8792 2793 127
2524 5991 315
2355 7865 459
9700 3049 428
1992 7063 757
5487 3505 771
6107 6016 558
7871 7192 60
1814 3668 735
5217 8043 733
8128 6093 269
2007 537 56
7244 7858 501
223 9349 483
3596 7993 234
2210 3005 381
3100 3371 543
9674 4344 606
1161 867 814
8455 7948 245
3542 9284 810
8091 6074 738
5661 1442 779
1850 7464 288
798 448 370
6620 5079 891
5276 2591 302
6539 2256 931
1265 7361 213
8608 6678 579
3367 1942 847
9265 3254 368
3073 2053 290
765 2073 965
231 2607 923
2371 7334 775
4218 9101 914
3967 4385 541
3295 6785 556
4610 6421 106
829 1209 555
274 1292 392
6498 4195 229
4566 630 26
8772 6895 728
8764 2242 817
2201 8926 972
6692 4039 389
7112 888 392
7747 2737 777
6254 7562 629
3588 3966 553
4635 2646 21
2038 2035 81
5554 857 416
5360 944 908
2772 8532 656
1053 1545 220
3195 1741 562
32 8468 61
6751 8954 367
9885 4547 697
9652 9840 131
4299 8939 792
3969 6245 179
8545 5549 310
5107 5351 579
194 5493 607
7237 9852 16
6217 9151 390
387 7759 101
5639 7994 197
285 6402 645
764 4431 553
244 677 171
8286 7662 81
6219 8392 856
5284 9025 883
9508 155 483
7620 7611 486
2681 8266 146
9879 2565 870
8922 726 679
7950 8966 767
9771 3953 577
4283 4611 542
9972 3019 55
490 5223 232
9648 4284 326
5717 6997 465
3453 2568 944
6110 4369 626
5630 5986 502
8569 1334 100
8651 176 118
9790 3829 859
4550 5561 83
9833 4066 500
5059 2644 99
1501 8246 97
2860 3553 856
6839 4164 633
1483 9828 810
2870 4401 434
2072 5814 474
20 1233 880
8911 4693 442
4394 332 862
3081 8375 252
1026 1986 740
2904 1388 784
861 7015 672
2923 4757 473
3656 9573 175
496 2379 964
7598 9605 409
4235 1556 350
4673 537 215
1050 6576 890
6516 8551 333
3304 4509 571
7227 1140 802
6106 7875 612
111 6341 96
2907 2276 256
1788 1332 733
3263 8063 916
9708 3066 465
4222 5652 713
7980 5253 624
7688 402 885
5539 3670 147
3695 88 228
9836 1013 664
8890 2733 989
6 444 558
9395 5437 992
3042 3854 68
7173 6846 16
4022 9024 80
8546 7918 186
1717 1739 231
4919 8816 441
4999 9148 472
3506 8603 519
6053 1593 103
4413 3637 112
5495 7263 529
1232 2673 827
3762 9249 554
6926 8991 762
2812 8068 7
5088 7736 586
3609 4163 117
9652 3656 890
7086 8106 678
1860 8322 953
7676 6918 546
4651 6971 491
6256 1734 158
7385 8635 774
1709 1943 170
7541 7596 966
6336 8624 61
3358 5558 466
5180 76 833
8772 5003 484
5052 8497 358
8391 6335 139
3757 6195 25
3744 328 469
1868 1920 816
8164 3392 400
744 7643 136
5960 8115 203
6421 5026 172
897 408 542
9460 1631 328
808 6231 768
3470 3642 394
3299 9469 640
3076 1799 958
3138 4209 121
402 5358 190
6944 9818 198
8140 9276 535
6061 996 330
3754 7587 330
3256 9253 682
288 6693 282
494 4206 545
9474 2457 630
9473 1121 817
2334 1461 346
3492 7107 974
8158 3909 454
6257 2382 41
7852 8853 318
7819 785 653
7372 1116 231
2912 5681 434
3645 8881 404
1351 9246 593
4595 9031 778
8545 3384 476
6057 8109 699
6741 5806 176
784 6835 162
6099 6715 974
7931 9239 576
3645 722 348
4032 4956 624
9195 1607 442
312 6824 231
9691 2699 523
7680 5492 338
6265 3964 415
7739 2782 696
2216 4569 202
6020 1107 607
3910 9805 995
2895 8066 312
3419 660 454
5975 6901 953
3154 2424 233
1353 2670 421
8232 4001 645
4313 1345 486
9378 2378 653
1238 2399 810
7736 3456 900
2241 1839 308
1526 4976 722
6231 611 787
9926 9028 42
1190 257 144
9501 1259 954
6348 7261 899
5813 9874 834
5070 2379 644
4565 2841 843
5619 8705 537
3588 8626 574
5448 9413 876
5503 1768 386
5827 7773 855
4933 4689 879
607 8709 783
8544 1108 913
6469 5751 331
7092 8638 589
8663 895 451
4720 2077 4
2372 3566 435
9038 8537 693
4744 4544 977
6579 8779 563
2421 7831 749
5588 3427 576
2205 3863 965
1387 7585 815
518 9597 345
4367 2849 957
13 7100 59
1859 3959 865
8458 1377 589
8953 6237 990
9065 2651 99
2635 6564 205
5681 3455 623
3727 944 499
8808 9053 865
6446 9723 755
2613 5060 884
5491 7263 992
9455 9209 410
1673 3466 527
9946 2192 947
7146 7027 583
4742 3806 725
7009 360 912
7312 438 611
8802 3252 251
6084 6958 959
6482 6588 248
4534 6734 227
109 6347 14
2677 9340 550
2217 3769 455
7144 738 768
7545 4367 279
7775 7330 567
8917 6796 917
6865 9102 454
3988 6709 428
2834 88 128
8804 2360 841
8237 4298 350
1615 6564 214
5207 9644 650
6418 4020 735
6287 8200 716
2235 624 341
4532 3353 920
5853 3592 520
3463 7294 512
5410 2513 633
6499 861 614
6306 2464 360
7312 7913 355
3604 3337 577
1572 5593 448
2732 3099 676
163 9385 730
974 8531 50
6025 4845 172
4213 1123 819
7091 7940 470
2347 4991 144
9478 9820 30
7615 1285 974
9315 6980 265
5828 1699 995
9952 9317 455
4714 9949 156
3122 1634 943
3835 5469 100
4138 9286 112
5821 7699 309
3998 104 150
4235 5138 759
8321 5252 44
7187 5179 39
8634 5050 49
5920 9586 491
7578 3272 46
1580 2582 766
8826 339 491
3896 426 898
9347 6097 454
4955 3728 781
7987 4244 83
3857 6868 319
180 7819 901
2277 1680 670
8524 6164 406
6720 9109 913
4225 7592 810
9913 513 448
8708 2657 954
9206 4963 318
9321 8992 856
2854 6286 113
9520 2766 224
2606 7621 202
8869 262 733
8970 5060 425
4256 7405 165
6782 2084 299
5450 9589 869
4068 2109 343
9997 816 70
7316 7645 109
9729 1397 71
7240 3739 366
4337 5151 126
5576 7238 787
8358 426 485
8870 4921 603
9993 7255 233
7556 5597 331
8336 9222 298
305 4278 96
7775 7107 319
7978 7314 232
9578 1892 167
2128 4671 99
4122 5838 182
5048 413 255
5784 3368 855
5117 8682 793
6443 5585 761
7154 3597 823
965 8218 37
5221 1418 975
2924 9651 595
2453 17 331
7325 1847 51
5398 1770 166
691 5770 70
7990 2939 167
5476 5431 783
2755 3267 557
1576 2225 11
5551 767 581
909 365 501
791 929 141
4102 2182 223
6094 6674 71
6848 4695 294
9322 5738 268
7702 117 189
1100 8824 219
599 3131 366
8557 5102 527
3907 8067 408
4465 9276 639
1926 6653 895
7860 8915 335
933 6554 345
2600 2233 888
914 9404 342
1546 214 623
7859 2720 197
7941 5863 79
937 7307 52
3505 2949 453
6564 8686 390
6449 4506 476
7568 20 961
9949 235 326
4512 1344 897
552 3204 145
6337 5521 542
5710 9139 996
5153 1067 954
7438 7038 78
6267 7991 254
3690 9138 814
549 5405 908
9414 1410 314
4516 5231 4
5255 9467 637
1519 5717 4
7492 8626 620
4238 6071 111
9557 8152 886
4166 9553 298
3449 7462 861
81 2867 233
5892 9341 358
9204 7925 239
5241 8011 119
1710 9671 696
7528 1768 403
8644 4690 653
2625 8103 767
6755 5219 569
2092 6796 324
4827 7163 789
3330 558 138
5764 5268 70
9266 8388 6
9751 3331 110
9794 1665 370
4498 1054 935
9976 2132 695
2721 2100 219
434 1162 84
5387 7016 101
3660 139 131
7792 3942 243
4322 1513 669
7437 8345 838
3588 2189 915
4454 9733 233
7535 7080 858
2293 2440 426
8484 764 533
9791 928 196
7915 959 333
1671 3667 36
7303 2160 555
6198 1506 521
1766 4265 332
4134 7896 653
3533 5494 948
6683 9966 654
53 249 130
3332 6177 141
1546 5314 639
6130 6796 705
6686 3106 700
4752 3128 240
1930 6833 856
7945 7245 999
8129 1335 162
3054 890 184
7217 7888 263
4265 9047 523
8199 1755 925
3854 9705 397
2661 6806 126
7041 1524 254
3409 9390 436
2367 2265 909
9551 4993 69
9256 2610 667
8667 6964 968
2959 613 980
35 3659 965
5521 372 23
9969 3233 313
579 5618 781
8292 3234 455
47 7009 513
6664 9567 639
306 8505 182
6067 5819 70
339 1585 449
9262 3268 647
2784 4534 601
3663 901 330
8721 9545 616
8468 6612 540
748 2804 429
9790 6239 349
6857 3668 535
6155 1603 152
1472 6612 617
7511 6360 76
3356 2847 681
1979 7211 158
3404 3284 495
862 9801 798
9571 1263 622
4851 6558 149
6677 4856 852
2538 6382 909
3269 1013 935
3033 3976 751
291 6378 683
250 3816 258
7431 5988 633
3969 4938 531
805 1800 228
4329 815 884
3256 3406 865
5464 6850 670
4255 1606 898
202 5001 267
6909 8150 61
3009 9389 53
115 5523 635
4421 737 226
3641 9715 646
3396 9352 583
3940 1609 425
8815 1856 96
7266 7491 638
8562 9648 848
2091 8645 59
6767 4145 245
1739 6510 139
7373 2766 983
3337 8628 372
123 10 883
9673 8643 444
3577 8665 185
1950 760 627
4060 8118 88
9641 6468 241
4788 6289 891
6252 8388 892
656 1606 41
8681 2467 279
2777 5158 724
2618 3748 484
7593 1385 408
1731 2393 918
1648 5096 526
930 2694 387
6151 403 287
2780 1318 372
1716 5831 726
3470 5347 873
5549 8256 105
6907 9436 196
4181 1211 948
8560 7511 107
745 6585 909
1752 1970 878
3508 7885 950
7602 6466 130
4403 9688 36
5086 3405 314
1183 6340 2
637 301 244
5502 6536 618
4508 9301 823
5813 8847 505
9702 9692 211
1502 4085 357
6136 75 625
4105 6614 850
7591 7498 208
2350 6544 874
9238 1716 747
1256 5036 783
4249 577 880
7103 8317 261
2030 181 88
1075 7586 17
9745 5297 233
4316 7090 686
8625 8091 723
2195 9832 957
9616 5043 417
3120 4582 112
2747 6079 20
8726 7715 804
2889 6211 182
9808 4699 238
957 6809 217
5684 8797 53
8575 7928 762
6329 570 677
9283 158 847
4393 4384 908
4758 5572 641
7574 1671 955
8274 6382 475
376 3649 847
9584 1877 921
1773 5791 91
4403 7088 597
8297 5741 461
8444 4059 743
2921 7553 528
9827 2775 64
6937 1462 642
210 96 994
2096 5061 621
6868 4197 471
8026 4424 300
2793 9945 541
5541 9621 850
1651 5305 471
7366 1541 981
7308 7619 318
8227 1137 604
3623 9529 59
7361 3747 785
7414 9007 129
626 14 157
4038 1972 844
56 3038 285
9043 7558 826
7485 5297 144
5172 7753 761
9838 9662 873
6302 1065 465
2724 982 975
8974 5673 50
5777 3600 542
7706 6457 886
9403 2650 148
5919 6194 311
5645 7512 16
3830 1135 19
8659 7267 380
2176 4993 543
8662 7071 281
6858 2636 620
655 9268 318
7207 4516 723
3112 7884 293
6126 8863 900
2873 7339 661
831 5514 138
6862 2674 315
4338 2693 101
4343 8161 928
5423 6013 788
3742 1838 834
5911 4198 392
132 1600 558
9266 1025 644
1267 2034 241
9318 8647 783
2813 48 942
4790 5550 981
6094 4260 620
6464 6790 553
4659 9190 967
8534 3357 893
9830 7343 234
875 1583 932
5802 817 931
8235 7128 387
8885 7842 674
2039 9662 466
7796 1440 286
7301 885 180
6688 357 3
5972 7593 633
3685 8481 959
4234 4480 296
5449 3562 503
2631 3703 769
2957 5302 393
5239 1672 416
8263 4156 18
9707 4040 445
4860 2236 972
8324 4151 676
2187 9158 881
1772 6221 768
8152 4331 186
8757 277 793
4179 2977 164
410 5546 978
8466 316 693
3821 7534 392
3465 1640 427
8155 2877 917
2542 7122 754
1727 2906 416
8687 8590 788
1629 457 986
3168 9230 957
143 9543 430
2886 7905 547
6807 7999 745
9039 4519 391
8912 3676 951
2387 908 880
2828 8272 449
2414 1473 70
3416 2139 639
99 3572 904
630 4754 126
6914 5254 312
8426 9265 491
1888 1999 863
8224 4539 402
1833 7721 806
9533 7073 537
7430 2093 442
2188 1443 234
4044 1310 518
2404 4160 524
6544 8422 564
9381 7511 613
1749 2294 323
1300 484 690
7835 4591 751
801 4562 959
1766 522 749
1664 6888 739
3388 4258 987
4726 9911 366
9513 7114 385
8071 2720 95
5117 5585 290
5800 2983 127
7744 863 206
3275 863 202
9452 1414 5
1766 3719 228
6056 689 346
2116 529 689
1157 5314 141
1495 6713 669
8886 8196 568
1504 7537 395
7879 5362 323
2673 3192 803
1223 6027 224
1569 2973 216
3280 5411 703
2361 1160 122
3730 5670 567
7209 1196 615
8463 5942 939
2831 1913 484
5460 8597 494
6508 3991 102
2116 260 61
3164 5119 167
9858 4145 80
314 8406 620
3399 1341 519
4750 8841 585
1751 4557 346
8204 7024 472
724 5952 604
4263 6180 468
3432 7243 397
8895 5306 441
5215 5545 309
282 3336 933
8732 3417 495
5503 3144 878
705 901 95
7217 7183 290
8547 8264 175
1990 1430 59
1033 7282 706
301 4901 931
2774 6433 623
1788 8544 267
1958 1955 794
6707 8048 688
2439 7942 379
520 854 23
1348 50 948
6975 9420 396
1198 9993 684
9013 4251 789
4910 5831 313
2983 6022 815
8278 585 592
696 4081 359
1637 1428 132
5241 6974 598
5880 8218 316
1986 9014 564
1831 8758 565
481 3158 634
8826 9005 800
3516 2445 47
5331 2755 580
8299 1635 457
5604 8749 531
1194 4896 325
2611 5775 771
6409 928 539
7256 346 728
7307 4905 339
5150 2328 24
1210 1164 969
2230 6279 849
4018 3923 543
6999 529 715
2607 6109 653
4707 2859 289
8390 4463 928
3035 4855 75
5283 177 847
508 1172 379
3392 1878 49
2574 4108 301
4126 2100 427
9592 732 721
3194 5350 450
2292 5992 495
1292 1069 638
7304 6569 228
1078 1739 939
4850 2892 402
2482 825 390
6864 4552 6
525 4479 586
7274 5380 809
6989 5547 998
2549 7096 437
2598 7 52
1678 9707 831
5511 8622 246
639 4334 938
6459 3307 850
1798 4695 923
2466 1741 880
4298 7050 660
2034 703 365
2760 4077 497
8957 9938 752
8161 6308 234
1814 9380 754
2011 8577 964
8521 5671 817
5524 6490 139
3552 8069 238
4404 3979 671
7961 3265 237
9994 5800 259
6838 4308 979
9601 3741 632
7782 5294 918
8416 4060 60
4490 4972 180
385 7106 54
5096 6018 561
5427 4439 739
4000 1057 340
4368 5739 558
3976 2612 93
8263 9061 926
1403 2419 747
7163 576 692
4836 1597 862
8046 735 524
2369 4063 395
5829 540 687
2376 5110 512
5788 7309 568
2448 8694 806
8636 6084 671
5638 640 231
664 5501 990
7218 8620 437
9472 8382 126
6060 2079 869
631 8111 618
700 8782 606
5628 1205 199
5747 3933 672
4588 2478 584
7261 4306 963
2816 1336 639
3824 8428 907
11 6440 659
9733 5305 528
8778 4970 850
2615 9321 489
8775 6573 295
8805 8017 176
6928 4156 111
4510 8229 68
3664 6221 411
3531 2885 40
1489 4933 496
7196 7963 344
3299 7698 519
178 8442 670
3112 5655 521
528 7039 343
7319 6968 524
4284 9358 566
30 3739 17
8410 7822 201
7901 1242 184
323 9569 208
5179 5929 172
646 6343 943
4160 4888 676
3168 4803 254
7361 7358 716
9118 8761 510
3949 949 21
3130 5425 252
3485 2997 193
908 7968 685
1071 9644 490
8669 5108 532
1886 6485 482
7592 5791 270
8089 837 381
1577 8675 397
4988 121 784
1010 5914 635
8541 4714 97
1360 3667 45
8559 1129 459
3511 9379 790
117 2572 658
7503 9275 445
4017 4741 543
1520 6179 940
703 3115 310
6794 1124 126
3294 9458 218
9344 2976 326
5797 4714 754
1822 5168 799
3739 9179 910
1439 1691 424
873 665 758
6278 8763 646
950 479 329
413 2182 875
1592 1117 882
3403 5480 222
187 2680 145
3212 762 901
5811 2468 209
3179 4467 936
2028 4524 16
7282 2685 678
6745 7096 601
7592 7376 73
61 8728 653
5893 7626 500
8799 6467 417
1892 8634 970
554 1900 357
8244 2879 234
382 9401 499
6769 5552 711
2076 2319 125
5938 5003 394
606 2508 746
6816 8695 719
9318 4819 257
211 699 146
5094 6394 929
8488 3600 975
4957 9203 4
4552 8486 420
4344 5652 304
5692 5754 203
5866 4960 440
4773 1659 651
3145 3235 665
3277 9398 42
419 3405 444
3221 7184 489
9693 37 509
2091 3780 734
3466 2377 164
8793 2803 12
9351 1170 409
8497 6006 171
7039 9452 509
5539 2162 548
8194 2903 716
789 2710 222
115 2486 742
5456 2926 105
1057 4430 374
1733 8142 248
1812 9755 393
8224 9950 500
9513 7601 488
4951 5316 117
3350 1017 538
922 9723 111
8157 6223 522
3350 7336 792
7642 2629 491
7628 1721 195
2035 4103 49
2965 1489 853
2369 1280 871
2306 1665 828
7175 768 547
1736 3798 170
4185 4731 650
8837 8812 793
3057 7131 59
966 7657 939
3571 6269 169
9298 9383 648
8402 8263 37
176 5500 999
4114 9641 645
5604 2396 730
4174 3222 850
7059 9477 56
27 6927 30
3930 5457 267
6399 1674 250
2282 3297 885
5591 7147 525
3243 7635 811
5826 6937 773
1115 4321 304
9858 56 764
1664 5716 789
1480 5679 135
4349 4105 553
5187 3292 845
7079 5393 700
1230 5695 200
6384 4 559
6509 1522 722
1405 878 226
8137 515 723
3974 7948 119
769 9972 428
4280 3599 505
252 9914 657
4729 3471 377
5166 839 720
4377 5306 422
2007 8198 84
6359 8027 849
6635 1231 727
5139 844 654
826 1581 732
7547 6057 483
5612 7528 435
2943 9558 21
8390 3901 357
7079 2574 145
4518 7959 264
7657 2549 590
6959 2849 152
7813 8262 450
9765 5094 811
5493 9537 472
9360 2319 117
6047 2646 845
2775 4332 694
7371 8774 40
3716 5400 266
5596 1412 484
8522 4058 199
2649 6571 880
783 978 802
6748 7289 210
9801 3975 849
1993 6579 321
1022 8909 123
3186 8721 594
7786 4169 384
497 8318 223
9021 3455 463
7443 6024 220
5776 8937 942
9516 6970 873
1462 636 805
7926 4966 256
1657 3216 757
8265 4367 639
9849 9059 8
3715 9534 669
3634 1778 143
8271 8365 780
1129 8397 898
1005 3722 129
6466 9301 359
9664 8355 822
1708 5649 302
5525 3245 340
3837 7128 777
7958 3377 280
3495 1309 619
5721 9101 58
5928 5153 242
7587 8668 300
4819 5118 897
8468 8270 315
2048 4562 929
9435 8571 29
9735 1172 112
992 1409 120
2327 1906 825
2030 3753 677
1322 8625 842
1966 3895 935
7117 1604 248
9232 5931 784
8711 8821 268
1777 9980 763
2091 7683 87
7552 2907 856
1823 7655 627
3889 9715 705
3177 1447 371
4164 2627 199
3968 4972 61
8763 1650 300
7992 8353 148
1149 4328 571
4720 4660 999
2156 6608 284
885 6624 780
2983 7266 358
2427 8229 835
5664 5939 63
5469 7162 611
8186 5037 96
3103 3399 609
6403 3306 112
2575 6905 186
4961 8975 681
2291 5507 237
2451 6209 142
5941 9695 72
3355 5201 215
1437 2805 971
8114 8163 484
2348 8875 973
4642 4221 413
3414 902 518
8378 4566 367
4597 6326 846
6581 3042 732
2883 9513 574
6863 9855 999
9977 6442 100
7612 7554 889
4209 8874 70
1241 345 207
8521 6754 991
8756 2780 720
3529 8737 105
8674 7634 767
2633 8484 408
1483 7759 696
6764 5314 147
7001 9950 669
5332 5919 934
3768 8201 409
9174 5076 99
8923 7578 333
7050 178 801
4113 5537 741
6285 1116 80
5450 5696 617
5093 6406 327
565 9763 581
8880 8373 739
8808 6847 482
3653 8600 47
6292 9434 413
3057 2866 859
1219 9483 177
3315 1916 944
7016 9996 86
5800 6266 816
4801 1089 781
5387 2605 75
5848 4861 169
2344 1969 631
1006 7347 724
7989 9024 821
7951 7224 462
3970 2323 426
8697 9670 410
5503 6397 707
647 1612 667
8042 1176 182
5484 6418 428
8730 5819 355
9413 351 809
6537 4305 358
4920 5972 620
9013 2591 455
4425 7028 741
282 655 824
6772 5047 853
6421 4551 67
2084 6430 285
9446 8411 887
6 3258 830
79 9510 148
3821 8790 426
9908 4423 118
9039 9915 895
4405 3093 338
8291 3624 292
1271 2726 636
5761 8148 122
8969 9133 613
681 9617 751
4790 3915 283
3300 4425 549
5703 2127 658
5350 5361 179
7398 2380 686
3458 9272 590
5916 6711 440
8036 5366 675
8536 3058 924
2595 4920 467
2346 6406 495
8213 9056 237
6294 5033 853
6011 7965 368
1735 1706 989
2364 1308 970
1940 9314 217
8331 8108 315
1933 3522 421
975 8056 467
8759 8371 585
6527 8724 788
8550 8872 134
3442 3917 594
8916 8276 178
2444 5257 22
661 651 708
8516 6177 623
9252 590 292
5055 2464 233
9015 6173 933
6020 5630 613
4835 7022 479
2071 3352 442
748 786 723
7601 4075 951
1890 3616 809
4490 4053 218
146 3365 412
6728 204 381
8901 5112 571
4167 5484 203
9336 3057 975
3535 4145 466
6086 2515 694
9840 9233 234
5315 5328 177
7540 2242 92
8703 345 946
1721 4351 889
7566 1938 707
96 3734 278
7584 6775 321
171 5921 397
7830 69 659
8805 7570 32
8334 5943 889
8849 2828 581
9833 2664 137
3751 4843 12
8769 1452 721
7614 1563 548
6164 7602 922
9317 9757 606
6523 8679 625
351 6208 133
610 9599 415
7271 850 173
3552 2967 301
2065 3841 958
7737 6164 742
74 9403 920
7847 7155 409
72 1130 603
1821 7192 917
9668 663 529
5657 9976 497
7133 2052 778
4221 6389 896
2697 7846 895
4417 9892 780
5583 2885 72
5980 4962 498
2325 6098 478
6186 7931 846
1897 4440 21
7312 7382 683
8445 1773 983
4128 2986 215
4379 2081 150
38 7688 578
4045 6050 382
8754 1519 231
8838 6864 629
5090 8547 326
3244 8854 1000
4283 7982 946
5950 1556 697
9438 9096 865
9574 6150 170
1575 1180 35
4038 5620 40
8874 5003 95
8363 9676 177
7000 9216 952
4510 3255 997
3377 4607 42
1949 1513 158
7267 2213 810
3930 1882 336
8193 1554 910
7892 8833 209
3399 7402 110
9975 1344 572
6580 5420 918
176 6569 234
9812 8077 410
8328 4947 112
8662 9338 584
8769 8908 757
7367 2409 87
262 583 52
6820 3377 35
346 5584 782
787 6716 405
6351 8461 508
8406 8101 996
2205 4441 11
4310 5691 50
2455 1294 824
6606 9936 981
679 7145 348
681 1377 831
2408 8461 50
8777 2938 350
3297 9648 105
2781 9964 929
7766 5751 755
3419 6099 109
309 8054 569
9704 8530 426
5741 7896 967
1588 5338 38
5300 1917 616
3731 2579 10
7542 981 191
7232 3414 881
1389 5784 572
7757 3430 13
2237 8047 50
7333 8305 760
527 7432 609
5088 7715 335
6429 2693 100
186 8336 175
1141 1259 784
1937 4514 311
4051 2319 857
9414 6536 154
4503 2234 197
6738 7055 788
1388 337 784
1191 1841 16
6426 6410 331
6159 6366 120
842 8393 373
840 1129 68
1247 8403 19
9139 9876 202
3539 5146 635
2016 3412 868
1698 7943 329
3147 9470 815
2295 1593 64
1710 9097 140
3831 2354 533
9216 4748 6
1530 3535 927
7283 4299 313
2405 9329 418
5304 8836 361
3624 1854 655
7209 2430 955
9725 6959 840
7107 8361 315
9046 3195 468
2086 168 256
4540 7437 873
9056 919 496
5280 5959 766
2876 355 76
7256 5898 825
605 6133 583
448 4491 823
399 9038 852
8996 6918 515
3568 3255 728
2559 8436 529
2935 1541 412
6986 6196 114
6911 919 784
4305 6930 379
2970 2978 785
9653 56 245
7406 1516 517
8507 5567 691
6206 9437 540
7235 3081 374
2130 2526 529
2898 400 995
5754 5897 881
8192 5208 557
3077 8420 958
2345 1741 375
640 7670 744
9298 656 193
8384 1605 493
6089 604 393
5912 9042 986
7093 1511 601
5683 9780 783
5122 435 115
1862 819 270
3919 7159 479
8604 1440 198
5673 1688 263
9181 971 393
7178 3774 872
6807 1327 899
9310 3152 333
6048 3704 854
3823 4287 94
210 1199 734
1098 3035 311
5165 7960 978
4098 7949 89
4510 6690 632
9772 1854 883
4988 7894 389
2422 271 8
8955 6610 248
1861 8943 873
719 6412 447
2368 3525 867
4657 6178 734
1136 8341 769
2404 5673 134
4806 8755 764
3753 5368 993
6617 9037 811
2996 2566 954
2699 5941 158
9056 5978 769
1841 3956 466
3581 3092 660
2200 9426 971
7457 595 737
7210 7955 216
117 604 736
7178 6587 81
3559 2826 592
7636 8809 60
5433 2375 425
6881 1597 940
7792 8978 769
8509 8716 370
1007 5699 452
1381 6521 528
817 459 364
1750 5621 589
1817 5140 637
9120 5962 593
255 7911 676
9064 1711 340
2355 2989 845
304 7652 985
9495 6731 858
1023 2833 846
8499 7354 889
9581 8794 846
4950 133 146
9387 9032 759
5861 1080 814
4102 3516 357
195 4370 173
9133 395 86
6075 8949 482
7692 6694 69
8049 6155 514
6573 2144 772
6880 9683 779
6820 1927 315
23 1773 822
5185 842 79
5705 1173 756
551 8647 196
978 544 369
5987 8420 226
4024 3830 799
4701 8214 746
7487 2472 600
108 2044 661
6341 7185 830
9933 5792 528
7196 8148 405
3115 6906 347
6350 9822 691
6086 9331 475
8247 7773 626
4343 9318 757
3087 7330 887
9224 850 42
584 3743 486
5382 2250 58
2750 7393 898
184 6807 210
2800 1447 52
6052 8861 613
3224 3393 843
8858 5573 154
7567 2448 513
1170 1487 175
7777 6908 935
8929 8806 785
9583 960 539
5412 1680 414
3516 281 69
9921 3940 945
6939 1155 24
5915 9353 18
2454 9425 14
2719 2272 550
3731 4232 210
2311 2539 154
8929 9942 550
6912 4132 85
4662 2740 92
7681 5082 157
544 8433 88
2244 3618 830
9385 5266 951
7182 901 935
9691 1290 793
709 2115 108
144 619 305
2929 6308 691
5864 1438 37
7578 8854 542
3102 501 554
535 2459 741
3405 2818 829
6811 2532 877
2179 6178 652
4933 745 310
3127 3363 41
5382 1323 565
8396 2893 265
4387 5276 969
6101 4756 54
1977 7047 756
6367 7038 312
4510 972 666
1162 3478 483
2010 4224 460
8591 8723 56
1835 6544 581
5681 8908 253
9193 9752 515
3534 2983 857
3955 8753 187
348 8944 866
3030 8592 529
7911 1743 88
1724 2397 938
5266 5352 676
371 893 180
9329 2691 662
660 1938 436
3503 3635 623
2958 5513 542
3000 2375 832
1709 8384 183
9927 4961 933
3904 2176 362
3535 6746 622
5452 5388 151
6006 5651 687
4966 7689 801
5752 8783 359
7379 874 991
4451 3391 652
5713 8374 952
4057 8845 489
8082 3703 506
2846 3080 709
7703 4691 289
9448 8137 728
6731 2492 454
1270 975 584
3299 6924 924
3865 5468 567
3725 626 847
4998 8988 403
7185 4819 714
9779 4676 806
3489 8628 782
2128 1762 49
2231 6142 218
2492 5558 241
2631 5620 591
1610 6272 297
4016 8322 738
269 7778 361
4018 906 22
253 9162 498
488 2043 136
1188 69 36
5633 2851 962
8326 2641 853
3865 1052 791
8495 2810 861
541 7629 88
4610 5250 340
7966 2361 586
945 1418 23
6542 2305 955
4793 5911 912
166 5110 366
2649 3888 551
6938 8253 610
1287 6753 263
5404 9517 116
3832 7468 282
4983 7230 614
355 3031 952
653 3775 38
651 1439 996
9829 7645 77
6970 8807 236
7029 1410 118
1787 6298 205
100 2711 553
6896 443 700
7501 7733 654
3604 3358 139
2051 5565 967
8102 2245 638
9503 3167 796
4528 5028 913
852 6319 398
5874 96 235
7420 3288 247
1899 7942 654
9385 8837 90
3010 3078 681
645 390 338
9341 7956 476
7607 7400 610
5127 1491 951
2678 9602 215
7554 9101 277
9292 9031 172
858 7566 815
3292 6828 231
4361 1094 944
7504 7235 294
6604 2972 81
8642 5917 346
8741 3659 64
1388 3416 327
2238 7890 927
3106 5696 165
8694 6051 209
4833 5302 524
9461 4385 635
4156 2004 83
985 9083 606
2372 785 944
1949 6601 279
9510 7652 575
9715 1207 166
1423 7388 52
9037 9020 475
4416 5601 331
6619 2386 626
1235 9473 362
8464 3883 548
3628 6333 763
9882 6145 646
2767 4331 887
7957 5753 575
5512 6459 660
4853 5005 500
7337 2308 419
865 736 455
1642 1204 743
5692 8491 261
9880 4610 822
1879 8369 686
7892 4452 825
8063 8865 509
8721 9485 966
5413 2077 830
3787 1340 846
742 7406 360
7579 8600 881
5801 4456 913
4587 6246 629
1388 4038 151
6053 9128 875
4018 5770 201
4898 261 596
1908 8854 526
4665 8673 284
9233 6352 457
7009 8386 141
1784 8129 812
7673 745 74
507 6536 519
7733 9372 830
7543 3345 326
9649 1336 490
1034 4931 617
3284 5187 32
3634 4021 509
4304 5918 217
504 9633 370
821 3087 671
4421 853 101
71 2061 265
5941 3019 324
7514 1789 668
2779 9608 59
2949 2686 264
9597 716 795
1178 8805 770
7233 6027 574
2964 7813 826
3957 6168 574
5734 8786 259
9984 2211 904
3923 9131 462
8635 6432 493
703 3809 641
3638 5270 143
761 136 489
3377 729 472
6254 9397 550
5414 8940 948
9782 5233 111
8428 4930 235
2584 7921 675
3426 8824 993
420 273 702
4589 8594 421
6147 1683 633
884 6233 617
416 5309 764
718 7938 126
6604 9046 854
1483 6355 665
198 4012 88
7894 8167 543
8439 7228 283
9301 4186 420
1588 8211 692
6725 6095 776
2526 6529 113
6288 5354 627
1496 7121 970
7841 3351 817
4244 5683 698
3220 393 783
7819 2633 728
2911 7686 664
1112 8616 692
6676 4444 875
7231 7437 27
8212 4581 297
911 8544 115
2532 6424 329
2772 1252 82
1167 7563 667
4048 8758 740
5558 1346 4
3803 6023 648
3131 353 385
7319 8340 897
8379 7793 373
952 2186 335
9244 3669 387
3890 9093 293
9295 6102 992
9353 7431 942
1661 215 165
8507 2456 571
4019 9042 447
3202 470 309
4146 8543 35
6135 4901 527
3284 8460 681
3964 6434 256
5827 7898 531
7040 1431 729
5941 998 198
6887 1188 692
16 5648 370
9592 3070 768
8669 1337 892
8469 1460 735
7975 6468 410
5697 4704 778
2658 8942 357
4535 3734 238
4952 788 967
4260 1495 931
9908 9335 824
5966 2409 244
3561 2056 178
6192 9377 37
7378 7961 738
1300 650 243
1556 1190 862
7063 4792 622
5551 7745 351
9942 6980 415
1755 840 32
1881 7560 577
2678 2488 643
7891 7115 759
9961 8266 664
8745 4113 286
8813 1031 178
9599 3286 90
7994 3647 59
5548 8853 533
2018 9247 183
2090 137 413
328 8758 585
7830 199 422
9614 5250 446
8911 9096 835
5115 4570 737
7919 50 425
5431 3082 901
9129 9671 985
2569 405 412
2968 5527 836
2822 2664 830
365 8327 430
8566 2620 695
126 4198 304
9283 4379 555
6643 887 20
471 6699 476
8311 573 141
5167 4565 914
6440 3323 447
6290 9884 594
1286 84 103
8984 6213 490
9970 4242 187
1303 1125 275
1124 1967 61
7115 7429 82
7767 5312 587
2228 1365 943
4744 2018 424
5857 1966 16
374 8425 494
2267 5126 509
391 5551 248
2525 2862 743
5056 9697 358
4571 9255 27
8972 3456 534
3995 2056 140
7346 639 802
4852 1729 96
8363 6873 409
8570 3701 79
6311 671 618
9246 1151 689
8815 6127 938
1387 7073 338
8986 4585 576
5938 7883 341
7323 4708 736
9756 5252 405
2249 6809 277
1483 4601 576
4795 1812 171
7523 5869 460
2065 9528 17
2644 3139 874
7431 3064 646
7130 1288 252
3711 6605 783
3823 1439 330
7408 7536 523
7257 9057 435
3140 561 612
2035 2257 94
2280 8256 774
5611 6889 139
9181 5788 291
3852 4730 65
2921 8925 839
6247 1086 706
4314 1123 230
5414 203 371
394 9811 478
6328 9285 551
5292 1337 907
1480 538 278
5113 1687 423
2892 3979 20
4615 8624 445
2721 4711 780
1102 5198 348
3876 9120 434
5721 8268 727
1488 3135 303
8060 7656 238
2920 119 634
5571 2823 109
4349 7153 478
9376 9101 90
785 834 253
3256 425 553
6744 8782 998
1902 1477 166
5389 4194 483
8778 8840 802
3827 3759 554
5638 5384 786
8423 2935 250
6038 5820 881
6773 5890 588
1571 3192 150
6523 4843 635
2744 3131 339
6226 4248 443
4459 4397 569
3411 5605 410
651 152 270
8250 3947 611
2869 9563 345
7940 2438 67
4436 4901 669
903 9851 348
3694 8056 95
8110 1860 934
9059 7649 518
1045 139 728
5852 180 728
2060 5974 124
7164 6555 644
8607 4359 822
4748 522 840
7603 401 895
9254 7520 269
4341 6046 746
2378 9450 863
3653 3585 583
9603 5914 247
6588 7591 2
2641 111 287
6688 5889 641
3404 7667 59
7374 3708 914
1252 523 779
1063 6657 508
4276 8914 453
2289 1131 46
1657 7642 292
661 3808 795
2705 5535 665
8038 7054 588
5115 9069 371
1979 7664 58
4649 7288 193
8075 9559 880
6455 8976 102
4385 4219 706
8135 2541 632
8277 9983 767
6991 9166 778
2770 8657 377
3404 95 126
6750 7223 455
1639 7125 321
879 3779 246
2397 9141 547
594 6041 971
4744 6758 1000
152 6509 990
617 167 474
6812 2087 25
9333 3203 264
4452 6473 822
8328 2851 588
7689 4216 185
9231 9063 321
1028 9621 258
2208 5380 83
4163 5274 1000
5869 3376 958
4591 6035 836
1475 9493 433
3036 8024 719
1479 9150 542
4430 2671 743
5187 2627 23
1456 1312 167
1174 7276 444
5540 2319 842
5008 4093 125
62 9831 913
4287 3722 439
4516 2704 411
8395 2829 449
8702 431 498
8869 5390 761
2111 3725 715
9288 7291 836
4257 2648 538
2031 656 330
819 9222 346
4585 7628 883
8899 8945 773
5124 1833 685
7665 6046 894
4599 4260 331
8924 2719 699
7991 2794 985
8631 4148 737
3999 9767 67
4753 127 504
7559 8022 425
7073 352 113
4773 8354 737
2978 693 80
1143 6075 795
651 6651 639
5474 7502 597
174 4158 695
8589 3888 95
4255 4205 908
7038 1430 684
8426 6679 944
3380 6988 609
1302 718 754
14 7807 569
7876 8179 963
3388 4238 503
3558 5662 909
2025 1334 458
9401 9403 904
3053 4804 12
3134 2522 364
1689 6172 622
1038 2155 120
9206 5908 655
6869 1606 125
4947 4583 474
7654 1508 307
5809 8763 227
185 5855 622
3518 3764 169
5117 8529 187
7289 2603 375
9063 8028 177
8821 9971 620
8962 6400 174
1 4467 204
4740 8194 800
9743 2643 674
4664 7753 211
2766 8919 100
7518 4640 163
7340 9814 450
7705 4114 198
1517 2055 62
8231 9530 201
5907 5666 487
3041 4857 685
2972 1487 935
3855 1304 26
9421 7894 808
6473 9776 349
571 2717 768
303 3340 735
7968 891 841
9530 6318 800
1011 7593 489
1040 4463 441
5749 6649 946
5204 2834 177
9068 639 36
9786 2034 846
2558 2886 251
7062 9003 545
7613 8044 861
5701 9618 86
3148 5595 665
1071 8148 180
7344 5365 571
4249 4685 163
801 9404 370
3279 8872 87
2558 8875 383
8826 6520 765
5949 7006 304
7379 9087 667
391 4907 479
8425 2707 661
2484 4156 968
7572 2467 184
2619 124 791
8379 1004 56
6497 5073 276
660 7522 614
4905 3513 15
5838 8068 905
896 3316 143
8817 5035 716
8954 5162 323
317 5866 847
1403 7034 77
6318 1998 299
7545 158 647
7374 9723 871
6492 715 540
2730 1220 309
8172 4557 932
3838 9271 335
221 3415 465
4568 5566 36
4657 9357 280
6131 6823 19
8776 5597 823
1515 7556 598
5621 6843 675
1805 2426 384
6567 136 560
2159 4926 508
3809 7755 419
7366 8189 951
2499 7345 689
1682 3455 564
1168 3130 557
6803 9358 905
8755 242 533
171 797 151
889 8117 355
3100 4276 198
5321 3607 827
4980 469 392
7686 8771 853
4700 330 917
8936 6035 191
3375 9791 254
2037 3190 670
4796 3489 119
6331 1503 66
6752 7874 301
3455 4064 300
3617 3438 945
7756 6683 793
7162 1046 404
8193 3106 763
6109 4635 591
3753 4552 929
4262 2442 193
7734 8665 500
3711 4601 25
8998 5441 862
7594 4551 831
1835 234 740
7716 539 624
9121 7465 107
474 8318 897
5264 8182 508
4036 9962 991
9827 7304 969
9812 6222 807
2051 3625 881
4858 1676 9
9282 2831 999
6455 2728 971
9157 3647 181
9035 8036 509
1334 3472 174
136 6557 513
2397 3327 952
6674 8400 880
8773 420 184
4736 8146 776
5632 9366 800
2008 7175 87
3204 4070 848
9432 4433 270
7447 4409 827
7907 2840 912
1880 725 455
8377 5284 654
8289 1182 409
5188 4107 194
1300 3593 199
1435 8123 672
3737 9386 94
3568 2729 981
3775 2821 947
4815 693 190
7033 2583 766
7188 6999 200
3699 9337 540
1546 1017 997
5795 4027 677
5849 9214 93
1651 6345 803
9774 888 661
1538 7700 157
4945 9871 205
1668 5657 941
96 9743 322
9387 9845 567
7250 8533 134
7003 4569 79
931 4147 628
5969 6782 474
4169 2574 408
7676 8838 212
9239 6405 101
9433 7220 203
1352 5867 197
9101 9363 664
8365 8195 153
3839 3910 637
6636 2097 540
327 1735 72
234 4335 816
3413 2620 157
3265 8142 886
6705 3186 895
4176 1220 649
6402 9789 536
152 1322 643
4521 9202 594
5590 913 184
9348 7587 909
790 1224 606
3528 150 761
2173 9856 633
4899 1706 26
4439 4919 537
2347 2225 38
2715 4664 663
6775 1650 804
3928 1609 377
4991 8127 343
3798 1297 419
8872 546 59
5909 8710 874
1522 7192 88
9134 6316 329
2601 2179 917
5796 9102 776
940 5996 95
8311 7593 630
9939 7938 403
371 2908 177
8459 1371 540
5233 9662 768
4492 868 916
4486 8782 795
5528 942 277
2017 5883 243
4950 4781 178
2307 329 164
8881 374 557
6194 2414 45
1775 2628 403
7308 6094 32
8979 2860 481
2402 9855 124
5686 7331 936
2859 967 708
6327 6164 108
8104 9797 485
5048 7148 871
5178 7175 695
1381 7714 487
512 576 849
6518 4962 28
2731 7509 434
1932 1710 977
530 5919 422
870 53 96
4200 4966 396
6285 5517 738
2629 8630 384
2583 2834 688
1950 3751 69
2685 8575 623
1006 8483 888
3725 8330 360
6401 2743 674
8903 4955 729
8054 40 844
2835 6951 889
8377 9053 920
9179 1849 242
4043 5448 594
3345 9900 268
7840 510 567
5168 339 414
2145 6544 871
6639 1547 585
5748 6166 519
500 325 607
526 4183 769
2658 1790 425
4028 997 202
1905 4313 395
4804 5579 242
610 9757 335
1604 6771 754
1429 8527 209
3358 4002 297
392 4258 206
6346 4044 322
1931 8985 57
5919 1876 826
4445 4062 259
7811 7695 462
2188 7822 829
3050 3133 771
4684 495 159
4356 6682 940
5775 7755 26
6919 3255 809
2757 2040 436
8394 562 639
5381 5669 321
5938 6209 109
9253 3610 211
9655 6833 898
3370 3927 324
8485 3091 893
5816 136 296
7108 8389 637
5034 9304 390
2134 6260 255
5324 858 873
841 112 135
3285 7139 406
4032 5316 104
4506 4075 994
8991 7369 936
3198 7491 445
5684 9813 968
9648 9583 147
3360 2463 7
5250 1560 822
7359 6809 645
1639 9726 316
3700 5387 832
8820 5443 86
2362 3957 801
2248 2842 594
9128 8363 89
7927 1862 599
7889 5347 245
2497 7270 126
7293 7489 555
389 8972 142
7273 7907 801
7989 9557 797
2039 3916 878
8262 5816 27
7978 8128 786
7094 449 348
3226 7170 112
2692 2331 334
4918 5371 344
9126 2098 715
4260 5034 675
4475 6033 482
7132 7049 6
1584 8814 466
3729 8310 97
1136 2979 547
5182 9174 894
1807 9909 716
313 5977 68
2971 9002 614
349 3544 374
6305 8042 511
8839 943 445
5523 19 852
8827 8234 686
3523 4212 17
7307 6386 226
6998 1315 687
3486 6310 210
8643 3988 338
5560 2471 409
3218 5994 954
2988 4524 168
3583 3267 553
9261 7819 241
2975 6433 436
8400 2337 959
7037 1501 751
9731 6275 1000
3425 8617 705
9719 8573 696
835 5239 836
5483 7484 976
3743 2780 914
9413 871 215
2939 1296 837
1609 9966 598
317 1678 321
4236 245 329
9523 7292 9
8813 8547 428
1941 2295 290
7771 2514 782
9865 9250 539
1665 6983 144
5497 7535 496
3690 9853 933
7550 1707 544
4300 9905 802
3602 5663 55
5715 3621 342
9446 1452 451
9607 6103 672
7184 4807 16
7465 1451 666
8451 9484 81
2140 9567 413
8945 3363 91
4922 786 597
4965 8552 83
789 9917 18
2032 6651 828
1929 7174 445
2917 943 94
9750 5566 493
781 1783 990
9012 5042 969
4916 2432 377
8662 5622 489
4494 3886 594
8484 1601 124
9732 5345 287
3590 5361 793
7038 1161 889
317 6139 608
2585 2985 14
8431 7265 990
1067 3420 56
2067 2517 809
8610 6476 264
4393 6911 501
87 8614 552
595 8043 46
9309 8662 283
544 4573 703
7970 9275 470
9297 9833 121
8706 1370 526
125 2077 890
9551 5690 188
3115 1500 109
5138 6908 878
5110 2205 266
3772 2348 120
8558 1837 872
8188 3329 255
4457 4390 55
5226 7863 936
8598 4195 199
7548 4467 679
2791 4237 489
6833 3294 482
7508 2217 681
218 2460 55
6224 8212 915
598 4102 403
8550 9928 513
6525 8702 219
8138 2593 3
5473 8000 955
6952 2590 808
3323 1024 779
3039 9834 814
1719 2631 889
8923 3685 857
5363 8283 193
3201 1471 10
8026 2961 120
369 8287 778
3954 2078 227
1003 1139 769
7310 2583 911
4400 6311 254
48 565 513
9575 9018 581
5724 9991 494
232 1732 380
2845 395 684
8082 8655 606
6044 630 956
4629 4847 989
6952 4702 383
8320 5885 231
1590 5698 253
9348 3072 7
6008 9137 132
4058 9679 343
7258 1884 935
9053 2162 129
9175 1508 440
7777 1151 153
6632 9233 555
8808 3905 213
9116 7415 265
8496 8831 251
3563 362 660
7086 6405 642
1898 3026 126
9108 2319 414
6330 9919 49
856 4803 144
5477 3818 603
2444 578 18
3162 6542 3
8917 8822 721
8857 712 789
7475 1654 604
604 4563 212
6128 8003 220
5865 1643 74
2781 6795 244
6907 3642 607
9434 8557 197
3059 3110 618
5120 201 525
8132 4030 976
2030 1049 841
6952 9275 819
375 8940 139
3811 7491 858
4006 7651 281
7499 8640 544
3350 2071 366
698 6723 104
2288 8735 466
6487 810 862
1673 9632 716
6631 1235 79
7489 2670 835
1313 9546 528
5470 5884 255
4961 560 644
1717 7880 137
207 869 815
719 8764 703
1161 9754 213
8405 2825 758
7504 9458 396
7455 4288 477
3497 2393 9
3825 7567 532
4112 8317 502
2789 8355 323
4843 3333 108
9559 8026 305
5633 7038 193
8596 5703 491
4410 6165 516
2143 8724 35
4089 4863 887
7870 3624 545
7135 1807 329
459 6666 9
9231 7462 523
3206 8324 749
9628 9190 282
5900 8647 29
3541 7243 264
4670 3947 404
5988 1180 815
6089 1891 765
4235 271 177
8453 6045 536
4410 9805 881
7036 460 56
764 9015 603
8881 3051 737
4055 2725 436
9847 7443 358
7898 5726 887
1893 8802 962
8471 2673 785
937 4503 800
9697 914 238
6485 2736 607
8821 5969 487
1928 3411 434
3574 5175 544
2871 7721 65
9839 5716 340
9688 386 941
6988 6409 454
5180 5623 851
2467 969 747
6487 4450 677
9513 3021 256
8237 7458 530
1290 4517 885
1105 3501 581
9543 5507 936
5173 9375 447
9419 2226 53
1006 4626 116
6072 977 219
6519 9116 306
401 9783 65
4506 3870 375
628 6142 77
362 4094 353
6844 7193 944
1071 7143 198
4727 6549 785
9301 9768 658
7177 7922 318
2753 3675 921
9189 8267 763
7524 5924 586
8313 2950 7
5112 1535 209
5029 8043 831
7012 9534 726
9928 3932 873
2445 2318 841
1053 1358 598
8769 6415 409
2533 643 402
8974 5887 131
3096 6260 354
9791 2217 890
3029 5470 690
7308 6759 169
3792 7632 275
476 6810 488
8492 1285 381
1572 2725 695
8278 8790 878
4368 8070 83
3574 1557 537
3480 5109 957
8347 1042 364
3259 2174 970
9644 8890 158
114 487 424
1262 1836 46
7090 5583 39
8485 8219 149
6665 9738 679
3564 401 894
8084 5128 85
2557 1465 147
8977 33 702
6599 3990 2
4363 8677 585
6364 4218 661
7409 8276 409
5619 4110 628
4254 2514 114
5518 7493 401
3768 9642 262
5200 1548 424
4265 4646 660
1684 3319 542
3736 7528 159
945 9160 938
733 2052 187
5799 4384 846
9722 3681 340
4834 6303 216
3026 1409 717
2809 6198 923
1302 748 560
8413 6619 163
9728 1575 366
1587 8741 308
1341 6964 254
2391 1595 986
9491 9903 433
7550 9853 657
5967 9413 4
5919 6688 223
6303 5199 976
6153 6667 633
968 2106 287
2278 7078 605
347 3686 357
4351 4752 574
6328 4520 247
3240 786 136
9581 7493 455
3991 7505 585
2132 70 507
6153 8205 497
4599 4518 691
1371 8427 804
4143 8969 305
9386 9723 697
2103 4184 674
717 6826 775
877 7609 724
4613 1087 951
1712 1265 827
3381 9323 43
8603 3070 798
3017 8655 940
9119 625 421
69 7721 920
4910 816 565
2412 5855 919
2057 9949 48
8603 6817 834
6194 6721 2
3490 4766 887
4820 2420 122
6106 4405 175
8836 1480 432
5097 132 416
8264 5496 884
9450 1960 80
106 3703 286
5381 1108 509
4858 6698 146
3914 6900 209
8465 9391 843
5243 8412 362
950 899 664
1976 3852 144
3360 977 551
4646 5853 665
5415 1302 403
5457 8378 612
5142 523 263
629 1422 680
1318 4372 72
278 9209 628
46 3333 526
6625 7511 534
9735 8094 445
8507 113 535
5624 3618 43
9857 2090 136
6835 2800 732
9051 2973 90
863 7251 246
8385 1700 942
7707 2135 371
4316 1455 588
5650 281 445
2507 8791 656
2339 8653 576
465 2615 596
6389 8923 650
6064 867 809
2145 9350 199
1198 5320 456
5742 8324 559
9298 7016 319
5452 7777 454
7326 1350 323
8842 2583 28
1184 675 806
9915 2845 471
4785 299 180
8938 7983 676
7202 7449 369
7701 884 911
391 5672 81
4904 9123 694
8738 6906 628
5482 3720 656
2321 7040 656
2326 4958 580
6270 8590 258
3735 2759 71
287 8826 92
1783 5975 729
2045 7425 291
5997 4592 704
8292 2408 765
4643 6196 631
81 3229 908
298 3694 109
8828 7893 800
4416 2265 30
9654 6239 848
4731 194 878
3398 4192 526
5476 3106 580
977 6642 388
5530 6446 285
4383 3574 169
2591 4231 388
1882 7343 617
7784 6244 954
5004 126 81
2246 6238 805
2367 6514 627
8944 4638 984
9777 4307 955
6748 2035 776
4288 651 832
3996 2573 28
919 9413 883
5804 1387 167
8425 4076 217
6670 9163 337
8112 4612 133
7673 5088 822
4698 4181 855
3852 3784 236
6482 8512 108
4084 4437 775
2500 5029 426
2289 8251 797
9488 2097 554
9879 9186 63
9269 4947 967
5207 6441 811
9018 9789 43
241 6194 135
6513 5363 547
6295 1037 645
4780 4812 4
4726 7295 916
7474 3364 126
9467 6947 997
5593 6154 723
3592 6294 478
1340 4338 767
2443 1712 493
484 2159 341
8692 5803 553
774 8420 321
7123 2102 816
5567 4817 416
9 6508 738
676 3161 760
6690 4093 516
45 5756 702
5494 2190 701
7062 9385 855
1656 5251 207
4764 4221 595
1060 555 825
8856 5367 951
7002 4108 819
4206 7403 967
4817 8208 473
8263 540 659
9670 7260 669
2036 832 590
22 4645 923
6742 1304 847
8882 4942 766
814 8940 460
2844 3305 762
4958 7610 817
7416 846 242
3282 1358 57
2716 3613 388
8847 8416 414
1263 4038 970
9121 8166 681
7961 8469 182
872 1688 687
5191 2875 272
4873 4809 17
2419 8057 77
8270 9328 918
8552 3512 720
6605 6143 316
381 4290 791
2727 7148 451
4198 2539 454
3223 6685 326
1578 5164 802
7229 4311 548
6544 4582 501
3834 3839 467
9874 8389 413
6170 9071 917
4595 5514 998
769 5700 158
6870 4671 932
8364 5727 422
4205 9326 9
1955 788 584
6264 7372 737
6228 7888 374
4223 5993 371
8500 6984 237
4383 7576 141
7787 5301 374
7228 7490 836
7133 5238 219
9252 4222 657
8875 4735 717
9546 5892 667
1709 7837 414
5722 1653 795
7732 4782 38
9200 8179 918
8481 1972 711
56 198 45
662 6294 693
2919 8509 471
5438 1775 44
9491 2803 62
8576 7237 184
1310 8713 150
4809 7282 706
4981 3966 216
6218 2417 403
3610 2762 963
1671 8947 904
680 4992 238
9784 9264 252
9779 8957 250
4580 6205 451
6896 3610 549
7402 492 692
612 3468 578
83 121 479
9378 481 948
1067 8732 30
4448 7243 134
7220 3904 203
8416 3068 350
1565 8822 310
2411 7212 366
7380 216 318
8367 2163 197
3317 4979 815
7283 4194 247
9016 1240 265
5213 3373 94
8685 8588 772
9181 4671 788
6478 7264 635
6775 9995 839
2134 1072 313
8677 9320 315
8109 120 854
6105 330 858
4399 1273 40
9483 7656 913
5591 3227 753
655 1897 357
2560 621 469
1744 2224 638
1676 8682 961
2136 2523 158
1506 4992 147
7692 7871 218
1714 7522 379
681 8242 826
1176 5208 658
6309 8988 162
9756 8802 22
1691 1642 985
4421 5158 971
1344 8979 41
7261 4461 917
7779 5143 570
3670 438 931
9537 1977 187
8427 6344 380
500 228 354
7124 2210 24
1325 4365 691
8897 9880 796
4314 4070 365
7355 1382 905
3660 4475 389
6190 9019 362
7862 5061 138
1636 2708 487
2735 580 360
5964 2533 610
4582 1600 704
1423 1002 494
2551 9070 873
7916 9755 905
2225 2491 837
5214 1746 717
8404 6377 157
1758 7716 295
1677 4723 38
7652 9432 323
6473 1574 343
7264 962 553
2001 6557 85
4742 3761 374
5846 6407 531
216 2099 84
5178 7994 848
4375 8052 777
548 2507 232
5759 9489 857
6196 4068 555
5300 73 536
7025 3604 3
5916 4206 583
1767 3852 395
6101 3599 656
7582 2987 992
2143 4290 979
2381 7955 232
5922 1962 659
1846 1683 884
3316 6357 100
8524 9066 715
6786 1993 386
9881 7490 885
4826 7398 503
2184 5053 231
7303 7129 151
1284 2272 627
4064 8388 76
2693 4945 194
587 622 515
5220 1905 299
6172 8642 571
7955 8389 219
2760 221 255
5888 6619 407
245 563 411
8617 4205 668
3289 9465 825
2014 6810 421
1010 7934 803
8569 5439 733
1841 3612 704
890 560 852
7564 8898 819
7212 4196 337
5184 9483 157
4534 3991 966
371 3034 612
4645 4026 592
3980 9879 356
1155 4468 694
3513 2385 53
5515 3444 595
1091 4360 851
8834 6349 322
4954 3313 614
4309 9730 572
5816 2171 920
2611 7970 804
4409 5850 604
8651 3149 634
1010 1413 644
9581 9354 681
5195 7846 219
516 709 737
2343 9393 804
268 9621 59
9903 6010 720
2785 7530 480
6916 9216 95
983 6044 316
8084 7882 108
2006 8641 852
1496 6504 873
1435 8298 498
9512 46 910
6998 7529 262
7044 377 713
3828 3040 153
9817 4410 503
5382 9666 389
5665 2751 179
8554 63 544
826 1603 411
3571 8449 388
2332 2538 595
6457 8891 854
8069 4273 899
2381 3401 29
2381 5969 801
865 3155 202
213 3757 465
3335 1595 976
1183 6676 361
1667 1685 863
2929 4703 983
8013 8140 944
9184 6436 100
5736 4619 225
1484 7515 683
887 3531 95
9373 5879 835
6484 888 694
4663 8320 459
4200 2577 568
2751 8497 658
1197 6019 539
6142 6865 358
901 5145 373
5318 5253 351
9669 8624 446
9588 4007 448
7203 5820 545
6046 971 808
4683 5017 7
8798 1288 138
2025 5221 367
7346 8478 863
6590 2087 127
1545 9524 64
5580 1213 859
2354 5706 124
8083 1962 614
2026 9321 355
4849 4465 376
5974 218 386
6314 4611 814
2127 6245 338
5826 7163 601
9456 1659 922
3387 8649 612
4255 1794 563
6450 43 151
7390 2176 149
2667 3280 416
628 4195 291
6916 4441 90
6164 8194 902
9570 6466 351
3606 972 363
8685 5848 310
35 5357 5
3662 4073 888
9309 8031 546
5355 5855 652
977 4991 294
5267 7423 856
5750 2530 862
5277 7638 971
1572 9495 203
8990 1246 791
1730 7740 361
8741 4890 640
5848 7069 207
367 5531 145
1556 1525 128
8573 3836 639
9835 7445 445
8184 6721 454
6845 9517 679
2733 5820 760
5755 8753 872
6560 5396 310
4574 209 76
6329 4344 555
6470 7589 604
4454 9423 338
3895 3455 800
7854 8249 215
7451 6093 552
9004 9676 14
8902 2820 561
4732 7809 64
2430 3786 8
2904 326 697
9979 8151 889
8108 1273 412
3784 1887 183
8787 6843 179
5126 6357 784
2551 4843 574
3939 5576 429
9451 1794 160
4492 4308 934
8959 8563 728
9185 801 899
4762 4524 231
9362 4 397
6275 5175 975
4043 7262 459
8340 7240 928
863 1301 562
293 7186 512
9545 860 501
2705 5722 572
1554 3391 615
7666 4538 137
3686 3311 287
4363 8082 56
4487 8268 597
8094 4610 493
2241 5895 554
9331 8924 161
4432 9721 293
9391 835 20
115 9584 691
9054 4116 489
774 3862 723
1881 9484 423
6731 1359 953
7594 2256 4
8217 6947 404
360 6742 424
856 4020 375
5528 6392 842
7587 6706 409
9062 8946 219
4468 8268 337
2569 7192 585
3668 1057 547
3848 6096 490
7862 2884 256
6082 6562 336
171 8068 92
9736 3776 168
3177 3898 452
7402 3336 413
5680 508 157
6087 6532 503
3386 2810 399
9166 6105 730
7595 5874 525
6526 5177 892
9489 8718 747
4499 151 792
7091 366 215
2027 8604 562
7002 6422 99
2003 8366 996
346 8506 991
4505 9714 350
6378 2581 83
842 5198 30
6734 6489 892
7234 7806 921
1 7904 374
6927 1211 280
7842 3900 977
8984 8579 14
7549 6982 110
9658 6467 415
7671 1746 775
9125 5891 645
1379 3478 860
9999 1754 926
849 4601 353
3291 2010 220
9793 3604 138
4336 7548 361
458 386 545
9085 4975 352
2200 714 786
812 2554 581
2729 8493 661
2035 1582 371
5519 8309 580
3146 5070 31
1944 6248 175
1047 9705 957
2499 6350 763
3641 2939 648
8984 9394 30
200 6263 661
1379 2661 906
1844 8663 771
8542 3926 662
9143 3172 499
4715 5323 294
2774 6471 86
3131 6081 867
9086 5408 844
1890 1359 645
4617 8753 791
7610 6095 558
4961 8672 253
5759 9807 951
1860 6483 583
6026 9075 507
6063 8229 191
8225 1046 933
9589 1739 755
5619 7217 846
2258 2435 631
2625 9336 244
164 4629 297
2711 8410 552
9934 7835 693
7226 2881 875
89 5845 821
848 635 821
2472 4508 481
8181 317 571
8337 1627 852
8814 9001 155
2959 4668 439
7606 6313 13
5230 7021 894
6530 3215 629
9139 5125 175
662 2640 374
5172 7693 506
5405 7172 407
2213 8675 545
3938 2303 983
2967 5372 880
4837 2812 342
8093 902 747
7085 355 153
7953 7847 690
9711 5749 826
9429 1868 792
934 2366 722
1059 1323 648
4727 9207 616
1603 3547 219
9017 8668 299
1297 5266 925
2287 5174 649
1857 9010 581
9360 2282 841
7463 8113 476
1295 8715 73
1881 2096 259
3634 3840 688
6232 5961 452
925 3909 736
283 6299 792
6476 8133 936
6287 1317 411
844 8873 496
2468 8593 783
4628 1825 388
344 4718 419
8936 496 878
6741 7449 549
9835 8736 325
4850 677 348
8465 1319 966
4814 2317 28
2432 5011 91
4223 1226 974
6682 7284 951
3784 6530 402
1290 434 792
3544 2711 161
4955 8470 134
317 4131 250
7883 1160 466
2025 2361 337
8548 1552 649
9434 5679 571
4801 1645 560
4308 475 569
4601 272 192
4114 5061 730
3476 8227 885
7640 4080 982
3895 5380 589
4221 76 736
8190 9362 404
514 6892 948
8336 9055 155
5574 9605 351
2822 3240 11
6863 6903 582
3507 8068 673
5747 8009 873
48 9207 159
4938 8755 824
1457 158 551
3213 5197 101
7354 6074 942
889 9157 578
6393 9601 366
5964 6957 188
1187 4896 71
1130 1038 252
3581 6428 911
4783 4410 325
187 442 303
9063 5604 433
2712 7730 165
63 8150 117
8229 1714 499
9596 347 773
2541 5395 702
7458 5023 185
6013 4516 25
31 496 515
1940 3570 505
9506 2194 781
9252 3000 646
9352 5823 713
8270 5793 584
8049 4878 225
1797 1056 289
5970 5383 498
2649 7593 217
5184 9875 665
4112 7338 795
9537 7263 296
4458 1209 416
4748 6844 523
5026 5298 874
2669 9936 990
9143 2662 115
380 4536 244
1838 1169 867
5702 6786 662
7292 1255 941
2426 4802 1000
3574 6767 157
3517 4255 888
5537 7980 53
1740 1376 903
3559 183 961
8862 1761 699
8138 1379 357
2161 6444 950
1486 1537 516
4559 7903 258
1502 2342 133
9589 8634 364
7874 7590 660
5479 4677 419
438 9394 925
1480 9767 228
5173 1868 335
8129 7476 600
9270 4821 596
2432 978 804
1441 7703 413
672 8986 766
3497 3754 484
2597 9040 404
1753 2053 479
5801 8976 221
6841 9616 115
110 9547 432
3151 1881 393
4240 8482 838
5623 1557 541
2140 544 843
6707 548 272
8444 9852 307
2223 9393 704
7974 4578 895
6814 3420 186
4558 842 410
3324 4905 268
242 3001 552
7802 7294 32
5947 6872 458
5811 8140 97
7107 8201 639
5461 5996 457
7778 4132 36
8906 9049 765
6909 9054 278
4755 1742 412
7752 4860 337
4472 9176 64
5292 356 316
3574 9419 185
8938 3566 669
4602 468 13
8754 3182 917
9392 2358 843
8741 9499 48
2748 2755 116
501 1813 730
4069 9696 383
8384 3664 509
3380 4158 602
9804 1300 66
3717 7076 905
3571 1313 734
4449 9926 113
7801 2236 673
9979 5200 438
9755 2980 600
1230 7207 363
6985 5260 152
6278 6695 879
6041 8019 623
4172 8919 65
875 41 617
2884 5848 39
4713 4632 940
3221 1056 916
5444 8371 972
1451 9858 870
2986 8539 71
2688 9178 348
1997 6539 983
1961 6306 888
1034 7713 48
1754 5781 63
7606 6629 423
1631 4271 637
3087 1959 10
2132 5784 14
9826 1802 808
4977 95 125
6778 7145 165
646 7545 114
6059 7479 459
9988 6524 359
8545 6622 233
4021 4284 21
8212 3691 400
6809 3630 209
6833 1821 378
1702 3085 77
3771 1421 253
8762 3303 602
3415 3468 742
3916 7129 22
2383 2799 36
4815 5355 832
5305 6472 437
6819 2391 982
5238 8013 411
8172 4758 612
2793 2428 19
7428 9085 363
6876 2991 485
4446 4263 149
6541 2760 648
1307 4561 90
762 9516 581
2310 2120 986
4596 3950 515
1430 531 515
7939 3664 827
6297 6430 80
1861 3585 380
6216 7470 549
5670 7328 828
1296 3960 587
3519 6061 375
5793 6592 353
4027 626 317
5730 6647 211
9004 2160 957
9259 4556 556
2526 7367 373
5502 4465 696
9036 3698 409
1543 490 329
3803 1282 773
7861 676 674
4948 7049 845
10 2260 415
5871 2063 537
173 3370 475
4118 914 152
8888 6720 63
6513 205 584
8091 297 638
7910 733 268
9620 9840 322
1751 9145 744
3290 5965 284
5144 6366 910
4270 4562 174
5051 302 657
4737 298 216
2491 8659 617
1076 7873 302
7104 5990 884
8134 4073 779
6450 2327 140
6640 9720 504
4250 1627 393
3676 8487 525
316 9704 183
8729 4551 48
7300 6623 184
7571 3730 460
6805 3496 848
7741 6040 633
6857 1129 620
3960 6020 389
7777 9056 324
2789 9471 277
4536 4802 284
2986 5187 663
8779 9137 459
7987 8983 395
4406 1848 253
2757 3092 34
4567 5441 708
7948 6703 455
6686 2336 698
4853 5061 606
8387 7177 911
3296 2814 868
7123 9331 811
3374 5224 803
2676 9395 806
978 9326 761
724 482 121
7955 1930 686
4258 5175 733
2411 5384 610
3496 9539 35
9368 4109 756
8108 6046 396
8482 3035 1000
5710 9286 684
8983 8265 824
3416 8279 982
2682 3903 704
5112 7862 512
6003 3531 436
4498 8492 304
9318 1294 995
5873 1431 582
7679 6559 847
6896 6500 805
6548 8544 664
7627 1712 36
4065 7061 947
2428 7397 308
70 9960 472
2724 8451 246
2880 5164 401
1929 1846 562
8804 9352 106
245 4638 25
4997 862 879
7636 1114 158
8525 8338 632
9716 8831 560
6244 681 333
970 5863 375
8954 2629 741
7311 4310 874
456 415 268
2999 98 74
2634 2729 492
8738 9441 415
6036 7475 964
7747 1193 819
4823 4524 256
5762 5815 70
3705 2238 23
5057 1627 73
6886 501 954
3960 6238 652
2083 4775 459
4184 9989 446
5003 2545 337
8342 8354 342
6142 1234 594
3836 7469 508
479 4918 286
4492 2019 398
5811 3628 86
4464 9945 266
8131 2517 132
6786 16 484
5539 5034 824
419 4011 525
4814 8122 825
3341 538 927
2226 2135 565
475 7725 897
7637 7722 315
3449 3484 704
9432 9471 258
3773 4413 128
3327 8875 122
1788 8309 431
8685 8556 944
9481 2974 40
8977 2002 494
2794 140 522
8209 9094 705
1392 2184 98
2423 2944 453
1690 4481 216
6279 3677 373
5307 5699 873
7693 8928 953
9794 5078 675
4568 484 462
6232 3094 389
4678 6341 384
4507 9534 398
2789 8562 177
8773 6694 158
6631 8827 969
7081 7234 452
6286 9430 350
8237 8130 558
7823 1554 111
2395 2683 515
5449 3378 83
700 8197 720
1451 6819 124
2018 4831 367
7421 6017 133
8186 6699 477
5477 6853 528
4337 6963 934
8867 3302 901
8085 2766 453
8211 1777 540
9570 8585 916
6614 2527 462
195 8611 371
3793 5318 922
8010 9013 689
6311 4479 737
2770 1548 712
9908 4574 36
1705 8005 44
6006 1312 235
5559 8242 796
9807 3457 957
2506 2124 360
4526 1218 789
5041 4820 487
1719 9551 712
9897 7458 270
1682 2098 101
4805 1662 262
2449 5368 221
1880 6308 722
9941 3897 37
4694 1456 506
3337 4726 496
9986 6365 912
775 7511 226
9189 6411 765
4110 1589 791
1360 3161 408
6544 7218 220
330 1039 268
8440 437 581
8808 524 24
9406 7837 355
6618 8956 291
4880 3270 905
3348 5068 911
4392 6850 25
4801 7000 742
5476 1406 731
9190 8043 978
9733 3865 614
9171 4678 546
2224 2589 517
6139 7339 410
596 7946 579
6456 7703 483
3279 2687 444
3523 7166 552
5443 2148 518
851 6021 982
4970 5169 153
5749 2911 205
6741 8980 327
8980 8685 48
3875 9779 81
2654 749 585
6320 1236 377
974 478 405
6926 8574 245
6213 5592 393
4459 4027 963
862 9237 935
9768 1835 423
9960 1984 763
4733 9644 355
4902 3409 169
498 1293 645
7176 9118 633
7440 1994 234
2113 3941 66
5237 4064 35
5724 3679 805
9374 4894 206
3094 6389 747
6585 8641 462
8123 477 1
8988 4324 865
1976 7663 38
2923 4165 832
528 7630 822
7949 9907 633
9555 3617 910
8650 803 113
9301 9082 77
6286 1264 703
2995 92 646
250 2140 531
3511 7457 362
5388 5272 726
8107 1296 998
3493 2393 817
9899 4859 78
3103 9111 31
2007 8762 902
3761 2023 104
1854 7452 388
1796 1496 48
8569 8178 321
8354 7743 520
6148 941 532
1109 5351 247
7347 4957 544
3123 44 719
3359 2248 792
1827 8918 498
512 1993 129
3458 805 91
25 6779 471
3304 9050 797
4897 3076 361
7119 1453 898
7961 4893 660
5994 9511 230
1141 1032 564
6220 2087 708
3673 1741 394
4206 8279 798
159 1755 747
8124 86 652
954 697 154
121 3942 247
9062 8362 65
2099 3281 791
9320 3175 383
3442 8544 560
8846 1981 610
1615 6554 265
4840 5477 821
6297 5922 820
7055 9431 674
140 6469 602
7968 2799 303
8877 6781 565
7053 9451 608
1621 3176 902
3069 3480 673
8776 9463 264
1384 9429 981
1778 2801 237
6884 129 772
4971 8555 541
1231 3419 963
2444 3946 188
3555 9810 882
5052 7903 843
7213 3484 627
3331 6710 761
3018 7192 716
7607 6130 755
6341 7524 519
6519 7749 791
7973 3279 205
9054 2794 248
2000 1135 550
6294 9606 954
5874 7224 306
1492 3859 608
8036 1042 328
4502 9240 595
9246 2803 671
9984 5337 99
7918 1137 967
2712 6180 933
6677 1572 333
7278 4780 180
986 3845 229
304 4889 386
1788 6047 287
7400 7307 1
1305 8346 945
2706 4014 861
4746 8196 589
8771 9108 14
8117 2071 636
392 7725 789
2697 5912 346
512 9657 730
2105 573 715
7907 1598 719
8924 239 495
4540 112 856
5453 2958 8
6446 5558 997
1781 1408 245
5833 4352 689
9640 88 509
7853 8571 806
2178 6807 271
4469 4996 455
7772 8030 582
2163 3144 499
2364 3744 173
3716 8698 839
1075 3188 56
9 8489 102
6668 6580 912
9122 4315 865
4796 1361 564
1684 9229 681
8996 220 426
6559 2377 143
9497 6263 837
8606 7578 359
1249 2281 333
3961 8237 333
463 7589 497
5887 2490 543
1638 8899 643
1955 9709 365
7609 6603 208
5182 8415 429
431 7113 506
1847 2328 355
2197 3465 511
6591 131 514
6565 5289 411
9453 1573 189
4553 7783 299
3259 3149 583
4555 1072 888
5552 935 300
4976 6070 615
872 4865 369
3019 8598 853
1062 5513 548
6627 7175 165
45 9888 895
2346 8722 244
989 4189 579
7796 3155 681
6022 4999 570
6482 3619 685
4173 9938 603
6091 9517 730
1786 765 861
5663 4339 934
832 8224 494
7165 4783 819
539 7246 454
9040 6028 343
5613 6475 867
5498 587 345
4549 2397 370
2055 7019 673
6204 9122 720
9052 7605 249
3876 4252 625
6701 7298 999
1036 4443 629
157 3867 457
5273 787 208
2741 9164 707
5129 6159 475
260 2520 977
3922 9553 812
3292 4562 478
3736 8433 66
1061 1756 435
8293 182 526
6227 9728 94
6993 9413 571
6242 7234 142
9481 4853 410
7120 9762 457
9209 8296 49
3309 7016 53
5404 5212 471
5426 1011 40
9484 4576 421
4742 9872 510
3193 1710 798
7964 8959 904
8566 4208 49
4413 1154 81
5643 439 801
8519 9652 648
8850 200 135
6834 7608 8
3733 8374 111
5072 3978 250
9593 9648 750
6052 1847 519
8248 9956 405
5760 871 772
8708 8549 602
1707 7047 985
5596 6813 829
9661 946 340
86 8928 436
5835 1473 339
8961 3121 705
7271 9355 47
4113 1177 83
6667 1529 153
2073 6772 374
8310 5518 780
8696 1121 412
3690 127 266
8187 4709 583
7995 4422 833
3896 8101 545
7001 2368 202
388 363 656
9357 8108 95
210 5513 615
6388 3075 626
4551 6017 201
4947 4630 123
1175 338 330
8927 2335 477
3560 6288 752
1654 347 93
6773 8533 561
5796 3076 459
9610 2850 219
2439 8833 903
6795 6230 827
9222 8790 671
3338 5135 341
882 6727 851
8260 3854 330
4987 5880 881
979 2447 225
1088 5261 490
3815 19 791
2440 4350 776
5256 488 616
3661 7038 685
6669 5020 568
992 7365 572
4421 3985 253
7376 8819 139
2833 1672 422
5525 1206 938
5395 9099 887
4072 8167 77
8711 7530 95
969 2298 316
6188 6625 716
7663 1930 909
6624 5846 41
1229 8574 554
9075 1310 498
3648 8210 948
6776 5529 5
6827 1947 757
133 7782 583
7232 9577 427
4224 8153 547
8215 2716 602
2960 7311 958
5804 4827 324
562 6190 96
3932 5558 603
613 4574 326
3408 3480 822
2440 7862 442
8815 4616 200
3563 4134 133
1763 3122 344
5412 6380 709
4578 3344 802
6153 5967 416
9356 5074 737
1009 9186 164
2701 1007 892
3267 3470 934
4025 8631 207
5512 8009 307
4773 4186 1000
8054 4827 153
2642 6023 396
2422 407 726
8213 8542 385
886 7066 746
3006 7739 815
5996 2625 514
6576 7510 548
4330 1651 481
8098 9548 672
6764 2916 717
5201 5768 833
2235 7915 6
407 7189 287
4909 7609 164
7510 820 335
4255 9666 117
3798 3983 117
9115 7990 174
6149 6388 839
487 9889 44
4659 822 927
8882 106 874
5991 3428 676
7109 3076 622
4693 4939 644
7651 151 225
6890 985 959
8508 9918 293
657 410 35
836 1035 627
5526 5721 293
1063 6619 45
1971 1640 963
4057 3163 219
389 9293 22
9762 2483 511
3345 5358 780
6994 1036 492
8666 6505 163
5628 1478 301
6319 8774 3
1062 5346 958
8096 9999 68
9554 421 477
4555 2051 475
443 7546 971
6937 5935 326
5208 989 921
8983 4612 528
3776 1935 721
3204 1004 696
9774 3542 17
9087 5164 758
7930 7562 889
8584 8531 862
5827 4738 193
5034 1641 878
3529 1652 654
2928 9918 782
5142 1055 587
6552 6598 601
5965 2094 783
4750 6414 50
8596 3509 651
965 4987 778
4611 2417 722
6399 8341 781
4848 8905 916
4302 530 995
6450 6320 462
9367 1681 959
856 1144 697
6412 2683 56
343 5554 809
8456 6458 280
7680 8599 186
3617 1875 950
615 7501 656
2992 7540 872
5532 1817 527
2069 5991 544
9889 1042 786
2487 3258 843
2622 8303 928
4037 9670 35
6550 1625 570
2134 8225 873
2223 2325 517
3830 2283 506
4204 993 923
5891 4193 490
9980 9210 939
8818 5671 543
8612 1515 517
4452 5005 248
7884 3373 721
5249 7725 841
1368 8797 41
9667 2067 439
8779 4257 933
6331 3636 388
4140 9310 935
1989 1194 248
5408 2508 234
5739 1144 794
257 6956 54
6899 1146 491
96 6839 328
1788 1966 367
6640 9131 738
8540 637 722
2989 2306 374
689 4093 352
2200 7619 213
8678 5961 797
467 4532 393
5546 866 497
3298 3482 451
2500 6751 398
7137 8107 843
4206 3940 843
1149 4834 739
6901 8558 762
9353 2203 191
7195 7612 48
6107 9208 337
5263 2349 555
4271 145 778
2187 536 787
9652 7817 956
2781 6007 26
3552 4316 823
4081 3516 674
3368 9768 564
9075 736 536
8207 2426 23
3474 7775 98
3510 8302 484
2462 5243 990
9112 43 216
2736 415 740
506 5995 318
7043 5362 927
8312 1776 835
2914 2141 174
5762 5620 202
5453 4191 753
5671 9182 407
9799 3057 263
7710 8532 358
7842 4161 214
4416 552 75
9496 8905 81
9116 3629 619
2385 6942 791
2823 1666 357
8663 8385 87
1085 2909 53
8911 9983 603
5983 6756 941
6098 5528 958
3820 2111 575
5178 8257 244
7962 8927 107
6835 2542 78
8258 591 162
3065 3223 893
2852 6696 627
5029 834 929
5948 6755 203
6563 8057 52
495 9362 786
2658 1589 557
3434 8241 191
7422 8040 780
4831 8284 243
8272 7885 337
4838 7400 325
3044 9334 736
6267 1430 376
521 1831 949
4759 702 930
4857 9862 628
9537 1830 782
2965 2492 123
5827 9925 189
8467 7415 733
1282 486 105
4048 9346 175
3401 841 919
1784 8654 712
3613 4921 702
2210 9355 732
7498 7605 99
5191 1007 599
4032 540 190
2833 6471 426
1021 9169 205
6277 3536 346
4611 3590 371
5826 8936 958
3221 8637 391
7506 3788 662
9660 2963 551
4735 1380 831
8681 5310 76
2730 7306 756
6373 9357 716
5490 7165 56
8996 1777 799
5855 9806 181
5979 9231 57
2870 2325 261
5099 7607 702
995 9992 768
8149 8271 854
886 6331 513
7216 5187 379
2469 2104 71
9261 9242 613
477 8670 468
7005 9530 423
6258 7739 45
2173 6295 176
5409 6015 378
8667 232 604
3046 9749 889
699 6612 938
8420 2605 969
5310 909 754
5119 2160 359
2091 2106 978
5775 6028 618
2509 2682 848
4663 4432 259
3995 6038 624
4326 1571 290
8096 3505 176
1149 3928 36
9135 7799 81
7016 1098 93
2165 279 507
6391 340 572
1301 7066 656
2336 351 816
8347 3567 189
2428 2895 834
3877 6415 1000
7620 1596 199
8045 4261 923
5425 7521 11
2745 2758 539
8605 7662 137
9776 1602 267
87 1466 11
7269 2581 107
7464 4826 867
6593 3728 494
5804 1454 463
4933 5079 483
3806 6694 341
2505 7822 110
7080 5049 8
377 4774 34
2413 7729 279
2786 3716 128
3467 817 541
9948 4977 43
7371 7993 669
2466 5208 235
8964 352 940
393 4501 779
9679 1709 867
6228 2165 665
2574 1173 721
1569 2644 12
6426 7787 893
3468 7933 759
6211 458 509
6345 5589 333
4992 9689 658
7267 4714 211
7213 3988 598
5824 9137 701
4530 5257 903
5854 1390 156
3071 9969 731
3708 7567 770
1925 5918 376
27 4188 49
9624 2086 20
8901 2723 749
9801 8103 299
3838 7085 87
3529 6019 972
9030 9160 828
2702 2853 677
3683 4392 431
933 5898 839
9585 6046 136
6882 1334 262
8435 8706 535
5375 9841 975
5530 3623 700
2834 6590 719
835 1208 627
8549 1262 990
4219 7923 439
2335 6520 162
2929 2402 911
7226 789 887
176 198 802
3658 6161 556
7458 7892 190
213 1360 539
4453 4477 200
8321 3488 817
993 9510 698
1093 5010 946
3720 4664 23
3209 2248 279
4856 9419 941
7109 8030 733
4784 9390 152
8736 4206 702
6538 5346 610
6902 9912 195
9159 3922 45
4239 1317 528
9476 1180 59
6858 6593 643
6508 7029 64
7303 6465 536
9075 5568 986
2873 8430 72
3530 1876 159
4827 1557 433
9878 8517 801
7915 2840 444
3928 2930 17
4841 7245 591
5992 4816 520
6559 752 984
8476 2185 343
6808 7620 279
9943 1169 594
8470 4861 548
2418 9577 683
2546 2436 619
9477 8822 300
6753 7538 296
3619 3391 482
7371 2816 8
8282 7021 501
3925 5498 949
5021 4081 730
7278 4308 279
2092 2661 789
6787 1070 467
5136 7955 394
1658 9169 137
7247 8565 638
3743 7037 219
6190 7654 804
3621 4006 843
6782 8931 296
1624 679 214
8631 1182 917
4044 5734 679
6539 6910 757
5108 6509 131
2178 7468 403
7115 9991 453
6463 4126 791
9546 7977 90
1317 3177 240
6959 5280 474
4860 4659 295
3557 9475 363
5016 5787 449
6742 6574 801
2437 4910 30
2889 6793 145
3084 5281 572
9264 2190 19
9561 7266 236
2925 6941 563
5916 6128 546
5497 8977 650
8221 4409 563
4220 6938 39
6152 6852 72
7225 4142 420
9256 7053 138
9275 8594 247
1787 6378 531
3008 1717 220
2397 5034 691
5484 7160 478
2107 5204 340
5131 181 780
1012 1437 787
8612 5118 756
736 3761 464
2985 5415 782
5875 3074 354
1469 885 395
4493 8950 408
3246 7489 941
2700 6720 935
9504 2032 330
3750 2241 394
3742 4419 723
7468 6109 508
4850 3264 916
5244 2448 72
7979 8548 598
1624 8313 9
2380 6586 434
2823 9919 755
7953 7998 166
9110 7003 26
7013 2855 762
9453 7283 691
6475 9820 792
7874 6284 717
2404 7973 980
2374 2530 311
3005 9877 274
9957 8589 161
2781 9825 779
6001 588 27
820 5547 816
7779 7084 553
4904 1631 225
4066 2936 474
2890 6383 43
5862 5627 525
4442 675 127
8521 4966 149
4766 7479 766
7746 9779 913
219 8417 617
1420 5174 509
4113 1001 859
6348 6040 811
826 7436 744
2763 4518 872
8048 7944 530
9556 1086 510
5465 2222 390
760 1078 929
278 4130 827
9511 9634 659
6329 7532 32
3276 8433 411
4463 1846 922
7270 6044 540
9067 8663 959
721 2486 729
854 5933 944
8643 5517 684
2652 5817 314
3082 1337 537
8846 8547 190
3634 134 110
1753 9895 146
6399 3425 406
9759 2804 103
1124 7004 123
4784 2542 202
594 9792 509
7354 4891 914
9449 1862 179
6982 5050 584
3395 5252 741
893 4556 806
4017 4972 797
2742 2687 242
5757 6021 287
3310 1076 781
2787 1865 335
4 9314 791
8111 9682 926
3094 2698 126
7886 1658 11
8166 2055 791
4212 558 297
3683 541 995
2545 4272 518
8028 4018 853
6742 1457 238
522 870 611
9503 4645 275
1385 821 685
2375 6387 435
1644 5809 945
5949 6347 206
7023 7206 540
6183 7128 376
4772 2601 495
5848 9134 540
4186 2510 154
8192 8918 412
8628 3041 723
2479 846 327
4456 6457 581
8087 9103 508
8388 4664 554
8196 765 323
7079 9672 131
4144 3754 980
1291 1651 567
3149 7394 883
8999 6504 794
6285 5019 460
8594 7025 977
851 5646 979
2642 9760 543
3387 533 262
8 1867 350
69 6685 118
3999 1002 830
9967 2283 561
1410 5469 765
1373 8920 826
1796 9145 26
5560 5525 765
9882 6732 727
2916 8546 126
4982 726 522
94 7385 61
1834 2506 218
8804 7428 597
6078 4718 562
1526 4953 294
9736 6858 563
6900 9137 629
9538 8620 750
1832 7656 623
2722 5257 802
3441 7366 721
7144 1862 601
9375 4271 727
3178 8815 120
6655 6557 858
992 1421 151
2001 1580 777
4406 4848 312
2917 83 64
2088 4345 222
4 8647 448
3100 101 777
3636 4744 914
5230 1569 417
1197 5732 209
6918 8499 620
940 4404 188
5746 2888 673
7473 3827 322
5777 8602 791
770 2213 73
9825 3317 307
5425 9125 837
3773 6603 16
8403 2528 573
3069 5257 340
6402 1081 533
7762 729 834
9209 188 834
9563 775 808
211 658 699
7189 9047 768
446 8566 997
3053 8100 701
9367 9435 930
6883 2027 403
6007 6682 576
8005 1672 268
9040 511 239
3249 3870 629
9841 8933 677
5016 3500 182
5860 1376 4
5856 2291 309
1180 9231 287
2273 901 406
7075 9680 649
9105 2346 548
855 2691 212
2204 3620 249
1163 1155 688
510 9568 819
3418 7343 180
5014 4873 513
5543 4374 144
9008 3097 178
1077 9893 122
6708 1304 102
2230 4592 425
1872 8661 590
7004 1318 480
4280 8028 363
9500 5284 278
2904 8350 422
9459 1547 205
1966 4116 804
1805 6161 999
2796 8493 126
9460 1677 342
3709 905 117
4084 8696 602
830 9559 33
3498 2080 55
8446 6464 186
3490 8559 937
5486 5412 543
2520 5388 165
1769 1482 317
2235 5157 711
7714 3967 362
6434 6603 939
2542 7163 652
7526 7522 951
1152 9050 852
76 2164 636
6642 2442 146
2974 5382 530
1883 6179 321
772 9933 679
2669 9144 690
6386 9939 38
7673 6948 387
1774 6306 75
2970 5185 778
6512 5903 884
3474 7669 336
4847 7860 782
7843 887 608
3774 7734 768
3718 4888 30
5734 8093 176
7833 5623 933
6966 3742 710
7331 1642 114
6060 5942 70
1998 6892 965
2858 441 635
9468 6422 755
3360 8275 582
5750 1746 204
7933 552 525
354 9378 767
6909 4189 539
1636 3555 68
1922 5313 7
643 635 422
4552 7643 666
4870 9509 560
5689 4867 346
1019 5565 869
7500 988 328
8089 7928 366
9893 8493 718
8666 6838 254
502 4045 216
2888 5477 25
9568 7978 845
8088 5947 428
8884 6238 441
8838 5302 609
8517 6937 253
3925 1147 11
2915 7239 544
8246 7650 268
2905 9834 285
5449 143 597
1039 464 924
9285 8894 664
3220 6358 195
8400 2994 340
5194 4526 58
6695 7169 203
2605 2821 126
4918 9859 323
9146 6599 193
4655 1931 5
4246 6242 641
4337 4137 561
3765 3772 34
4151 1911 396
5893 8150 532
2384 3504 797
8126 5975 9
1690 9922 531
3468 4698 375
8376 128 782
8897 8106 771
3914 3619 501
1213 3527 642
3802 3518 645
1367 8436 409
1631 8879 106
7983 2473 853
5652 4719 351
6408 9724 675
5917 3532 856
1523 4897 541
5388 3775 524
2473 4436 834
5728 7128 86
612 5743 231
2415 227 110
2778 870 245
7391 7213 573
1266 7917 169
5353 3983 831
3342 2794 593
9164 6444 461
4513 7616 138
6656 8412 48
3734 2539 829
7577 2654 618
2753 9310 108
6783 5411 504
1511 4070 202
3398 9211 993
243 6741 313
5230 5945 160
127 2669 859
3442 9805 327
5789 8180 161
2511 7224 597
859 2035 885
6487 1459 734
3492 9519 965
7266 2151 954
641 5948 977
9132 3036 39
1507 5552 63
3868 6132 292
9716 4829 487
2763 7277 122
8857 7373 868
153 6126 234
1799 6145 996
9834 2294 754
3863 9218 441
9738 9368 337
5454 9261 883
3068 3975 582
6414 389 128
2860 903 755
1725 8273 781
2787 9432 898
5924 7607 253
6733 2212 581
9047 9071 676
726 5758 706
263 756 318
6479 3500 769
6226 9519 440
2929 5412 252
3410 531 114
2717 849 530
775 8030 300
4628 2766 272
4160 7306 142
9683 4870 20
4480 7573 804
9759 5618 362
2095 5042 114
1141 7701 93
7189 23 253
4256 797 265
6223 7471 215
3685 7091 370
2801 9304 865
1939 9350 370
7938 4279 167
9233 4046 412
7514 8655 778
7579 2610 247
5863 7151 558
5766 6029 163
9292 7911 276
4743 3659 133
4339 8411 262
8339 7446 420
5158 7325 346
8399 8164 340
5299 1101 413
2983 8672 745
7869 5199 896
5318 4462 897
675 4353 76
1612 8187 242
3591 8520 121
2371 7918 783
8414 2033 438
4884 2784 89
8916 4916 753
3158 5739 836
7209 8586 984
919 7243 713
2506 5708 730
8819 6688 424
9033 9925 58
9211 2423 109
6993 1569 976
3326 7826 404
1215 2155 175
3272 2501 451
2157 3680 335
1045 8170 949
1081 9391 40
5471 2622 326
9641 9419 466
9185 6083 159
3665 2584 803
8013 1632 735
57 728 28
6257 1873 634
1616 6172 98
7768 2392 631
6364 7238 900
7768 922 787
1283 4309 343
8144 1777 69
7235 206 341
7137 3852 413
487 4400 995
5235 8531 469
43 3037 377
5710 1538 828
3030 3300 495
8843 9962 798
8219 269 17
5167 4635 105
6403 627 859
3786 4000 487
7576 2650 244
7558 2807 404
3181 3371 321
6805 709 518
195 6116 166
6544 1724 556
803 9465 308
9917 7948 840
2528 7246 131
5708 5364 449
6672 2416 817
1368 5271 316
1744 93 387
9518 4759 665
7096 1645 461
9382 9467 435
2218 2152 556
9071 1053 338
4188 9665 210
1863 3585 882
8250 6236 305
4307 4022 984
9487 371 538
7708 5901 229
7749 6634 357
9121 7816 525
7003 5900 626
1951 6132 592
2182 8830 789
6717 9153 797
8571 2054 409
9919 4168 745
5391 5365 930
3162 2929 911
5429 8397 627
1811 9796 368
1118 9557 823
6756 4375 101
3082 1124 671
3115 1528 931
5238 5239 618
7919 3720 218
4637 1907 503
3844 1988 424
5538 6724 892
9753 352 834
8386 2429 754
5052 751 850
1452 2517 791
7024 5485 143
2869 749 606
2615 1282 50
75 888 534
3792 43 432
6519 6620 155
2214 5433 192
2185 5402 439
4068 6668 596
1115 9331 840
3208 7638 909
7318 8937 661
2056 755 956
8702 5878 925
3838 303 599
5948 7997 769
6502 9414 586
5351 4481 192
1859 2565 433
3825 1937 246
6231 3755 926
7103 581 242
4701 6861 99
6089 5143 472
798 4360 384
6645 9080 404
500 5521 616
6944 7121 632
5904 8605 65
8112 2394 383
5027 1808 252
670 7112 128
4969 8838 509
1567 2149 101
9156 1498 806
2249 6965 63
3524 4551 546
7735 646 646
2084 3527 383
5363 2027 343
7800 4895 655
4941 6809 256
1607 1249 843
1417 5833 430
6326 7082 398
6724 514 16
2139 1335 35
9019 8958 160
6766 9336 362
8427 1563 806
2675 233 164
2302 5871 395
4067 9577 771
8353 8215 853
4819 4594 530
8969 8679 619
4805 1372 351
9898 2505 455
4603 251 598
9850 6057 108
7087 8246 457
6803 9017 679
4642 8734 940
6130 949 993
6469 9812 454
4958 2212 943
7424 5660 883
7987 894 870
5632 2909 642
3304 4800 445
6372 7348 31
485 733 579
2025 5714 822
1157 2674 802
7442 9977 674
9293 8841 935
9609 3577 892
9819 187 864
3253 2718 304
394 8975 198
1329 195 119
1935 5996 158
1237 4490 268
4521 9611 498
1801 5965 306
8084 621 879
6875 1702 914
6769 6587 426
8565 4518 38
8252 5560 353
9707 4492 634
4374 4081 247
6057 7839 189
9289 8679 515
4099 1597 314
1901 9563 689
2010 6759 514
7876 1929 910
2403 5679 249
4452 7010 231
3768 3856 404
7317 8587 98
8560 1042 64
1187 7794 876
9823 3505 26
2344 4910 991
819 6047 740
3168 539 679
4929 7664 968
2657 1487 641
7539 6724 389
5170 4263 503
6700 9578 228
5435 128 919
4506 237 155
3621 6065 762
6502 5419 85
5612 28 40
2631 1614 270
6643 7146 913
9293 1972 768
7959 8348 908
6988 6464 591
1364 6389 282
932 9633 118
6553 8392 846
3857 6865 244
6209 5895 317
6367 617 339
8939 1908 891
2869 9068 419
9635 4732 976
1428 9458 60
3847 6467 743
9209 598 242
912 7890 522
5881 7568 522
2469 1125 31
9998 4790 746
5829 1477 180
536 8705 503
1569 3412 102
4399 1861 296
5735 5406 535
4318 813 405
1309 4149 993
7669 2351 995
22 5603 34
4151 813 516
283 9426 575
4930 5066 210
193 5946 35
795 2581 456
2346 9289 241
4871 6547 409
7199 4025 718
2212 4467 245
2912 9544 398
4482 6043 781
1023 7564 471
4655 9361 317
3658 8889 349
6342 6791 972
9901 364 289
3441 3921 332
6429 7465 52
7037 2453 254
8907 439 241
325 4176 673
6869 1107 931
8963 7871 204
679 2614 327
4365 1291 253
9727 4899 742
6288 8759 517
6724 4210 979
280 8236 720
9623 4181 540
4366 3436 70
7691 2823 910
9516 670 397
1014 5312 358
922 3769 318
311 93 458
2973 225 696
386 3025 824
9171 3368 847
3340 7101 563
5816 3086 664
1235 7075 280
5284 2136 16
2140 1808 153
239 814 90
1990 3409 253
7616 1258 349
4807 9048 163
9356 8891 930
4749 2129 14
8090 9719 692
8530 2064 216
8511 2175 653
1263 2903 732
193 7327 810
3948 9311 258
3689 8937 461
6771 6803 270
9839 8274 70
9420 2453 964
1046 454 86
9498 5581 737
9039 8175 110
2112 1817 484
6790 7004 805
1946 9194 348
4901 4533 762
9097 6875 136
2760 6033 524
7261 6770 699
3779 9047 544
8412 4480 258
4338 5988 710
3604 8210 314
5546 742 571
4466 7644 992
7020 7019 793
6908 8097 698
2732 3506 965
3067 5480 776
7083 655 503
4740 1453 911
173 6550 555
8934 5358 326
4594 8472 27
5915 7545 751
3730 1806 862
8420 5224 439
1106 1643 458
5744 9824 214
8312 8365 893
5893 6508 141
330 7061 313
7029 5447 160
1168 8262 987
3470 3388 513
9623 463 454
6776 632 334
4468 897 375
5480 396 291
5344 3932 123
321 3657 256
1805 8057 866
2065 543 407
4622 7545 731
2494 8530 297
2105 1996 808
4878 5095 485
2458 5542 458
5122 459 837
8489 5579 984
4354 246 556
4194 3177 843
8555 5132 658
4687 5850 507
9711 2478 363
2556 561 522
8337 7069 533
7367 8104 7
22 3989 347
8346 5016 629
4077 8803 777
1654 3233 652
3526 5111 532
9358 8406 177
3444 989 767
9990 9856 20
1209 3439 322
8084 9725 978
1429 1690 549
6641 7937 344
1443 5586 106
5298 5348 307
1416 5164 162
5593 4313 41
6687 4382 601
1940 9290 537
3331 4887 577
4340 8000 982
9313 3151 551
9610 7254 94
2844 525 225
381 3414 665
7380 7637 254
1551 310 237
2064 5718 30
593 1151 807
9646 8626 141
1196 8631 597
4012 8540 310
5355 558 547
3484 5339 873
7565 162 696
2456 547 176
2272 2601 152
9427 2574 332
8165 2434 954
7771 6718 204
5107 396 851
4881 2154 130
6362 9133 168
3149 6893 506
4953 8380 251
6757 106 445
3081 1283 377
6417 1280 989
129 1301 758
2573 4201 77
8567 8752 203
5086 3582 989
6033 1207 661
4164 6568 530
294 8935 212
9776 490 265
209 6225 267
5548 5491 904
8500 2616 709
6258 9791 244
6377 714 280
5550 3724 935
3845 5790 282
4518 4138 447
5486 8678 775
4907 9746 593
1479 696 563
8092 3394 530
5402 9550 203
3091 1709 994
6805 4342 505
8626 5278 906
8713 1151 374
9781 1603 743
2187 9580 88
6045 3721 858
3038 7641 863
3631 4399 207
1353 3081 670
1176 9948 165
4257 46 659
5630 782 375
5833 3003 544
4445 1363 737
3592 2724 489
1328 3722 703
8051 4623 592
7397 3936 371
5861 1085 323
8804 2451 328
3097 7520 310
5866 4892 536
4529 4315 601
349 2470 986
3687 1677 299
6745 739 330
569 9787 104
518 7714 541
5270 4646 433
1958 5657 180
1646 9345 816
7951 7024 134
8538 9634 203
442 1242 323
1755 9344 148
2901 8442 774
2142 8611 280
4664 3262 940
6431 6373 593
7718 5490 742
7478 752 239
7158 3014 793
4800 729 667
6677 7383 184
8638 4558 503
2292 1230 406
2151 1179 754
8654 4230 883
9579 6927 936
5311 2499 159
6853 2152 505
9412 3119 810
8119 5472 962
1506 7709 930
7078 6350 487
7113 6999 286
3127 3625 39
2315 6919 393
7596 8120 612
557 5450 847
4984 8232 224
9785 4309 970
8164 5313 113
8340 5116 614
9603 626 346
665 1549 382
3385 7663 126
3576 2632 419
5445 1603 87
1863 2940 945
6783 3360 217
6074 9988 228
7559 303 262
5830 5725 865
6940 8341 307
1752 7923 194
6936 1626 58
5073 3888 110
3703 7400 953
3669 1407 793
1629 1639 421
9731 9450 727
4118 4936 622
4257 3592 465
9613 6291 462
9924 9656 170
9507 5836 924
1530 9753 887
6532 5212 205
3135 2525 288
4084 2903 244
4073 516 694
9562 5813 855
9009 5204 470
497 7725 928
7773 5995 87
2017 1283 463
9016 6174 477
9898 6970 539
169 5276 926
4163 9339 624
8689 1287 227
7296 1076 404
650 1300 637
4350 9235 550
8746 1304 294
5132 7277 851
6281 2194 746
9890 3910 47
529 7699 461
7918 2693 421
6127 4866 209
4115 6064 124
2439 3226 185
9392 4791 463
2841 8043 954
2449 4480 73
6575 6688 411
9984 7852 791
2160 5886 317
7770 7223 534
2181 7217 228
5528 6270 967
2662 9372 745
5517 7383 956
7692 6685 867
8245 4855 748
5163 2485 880
201 4319 646
7751 1198 408
2048 9024 470
9811 7007 277
9242 7407 739
1737 9432 636
1349 9968 967
3717 2473 567
8515 8204 327
8834 1459 576
8146 340 92
6141 8511 17
3328 1986 142
9962 1228 50
161 9239 385
5999 8992 246
3331 3171 292
5042 1927 552
9552 5755 383
9627 108 942
1667 6823 668
6019 4692 597
7673 2235 513
4471 5769 267
1422 5410 61
4056 4469 952
2058 1875 53
7285 5400 272
2206 7180 883
1231 9796 553
1922 6308 435
2361 5724 72
3510 2710 918
4349 3496 85
8936 2801 166
6566 548 217
5921 2496 816
9517 8667 483
159 7311 61
9922 2823 327
8925 5565 668
522 8703 397
8236 3055 222
9762 3256 624
4933 753 987
7735 7477 224
2028 5517 225
3555 221 823
5039 4574 730
7267 8748 625
7572 9718 744
1593 2881 667
8233 1014 110
7301 3163 453
485 3839 384
2358 4654 168
3332 1964 887
5061 7543 679
888 1379 595
9040 4455 906
271 7735 366
2918 2569 95
1892 7315 313
7767 1085 46
9112 6535 801
6178 6210 24
4444 3379 651
2206 3332 460
3585 5957 772
6023 4345 645
1417 3775 951
4113 8277 764
5150 5652 678
5663 858 648
4117 978 77
3902 9194 61
6033 4490 678
2495 3776 296
8400 4377 994
8228 6263 782
6721 5175 308
4801 7883 76
312 6713 461
1652 1430 460
1049 3389 992
4850 4830 633
5405 2793 158
7863 3465 279
9871 9694 101
9896 262 855
2167 4361 558
5440 8557 808
672 4637 798
6009 1761 691
4320 6771 680
899 3527 74
9 962 547
5853 8544 749
7864 475 198
438 1116 78
4974 6071 923
9554 1633 897
3466 6937 113
3109 4698 209
9657 9926 104
6218 4018 637
9472 2752 319
6234 3026 272
4539 1217 436
6149 7596 208
4428 3808 775
4940 6102 568
8494 8565 108
6237 7772 298
8910 1592 681
7779 6594 834
2838 592 836
3737 1705 126
1377 6976 653
6885 7551 742
7108 9683 713
9546 6929 770
1315 6028 945
469 6099 559
846 8181 821
2244 4353 103
2244 9686 662
1655 6080 389
6576 249 133
8500 4413 188
5202 4302 967
5968 1639 48
9952 4301 940
671 89 226
4339 2400 141
867 3144 608
167 2281 995
3157 6684 244
2588 4391 868
1528 19 932
6478 7396 406
6583 9619 844
4263 8127 32
1442 8669 530
8938 7377 822
7508 8543 155
1488 6811 732
9080 3784 757
948 2685 824
4660 6853 699
1637 2862 644
3608 8495 453
8383 359 617
2664 8946 411
1872 5771 820
544 1068 115
3642 2257 532
146 4039 863
5758 358 376
3360 2996 437
1662 7753 819
8599 5134 893
8704 7892 583
3501 867 538
6929 7069 337
1875 6882 983
7063 1747 464
4609 4614 891
673 3418 78
775 5537 828
8195 9673 877
4788 9615 726
386 1909 879
5548 5486 879
9500 7270 623
8349 7260 915
227 9948 969
6622 1121 426
2439 5312 891
5726 1898 659
9136 8624 540
4397 5861 935
506 568 466
8450 3442 561
9916 2907 686
9651 6752 160
5268 1232 742
3967 5861 343
7932 1912 465
4598 4914 383
6224 4693 48
2264 6704 907
3540 8037 835
608 5249 322
6075 524 57
4698 7343 140
787 588 950
2036 6781 605
9883 8403 221
4315 1082 764
5415 6633 167
8131 3740 479
5690 7894 908
741 1470 97
3015 9308 692
7823 4762 440
1790 9961 896
6098 8555 122
4364 2860 151
9077 1162 26
1408 3204 482
4371 794 17
5589 9389 734
4532 3283 836
788 2642 64
4906 5757 392
9988 639 147
3365 5695 732
7172 9707 667
5688 6522 426
8593 2732 485
935 4838 334
4894 2657 744
380 1181 983
4442 2659 633
7477 8937 463
2359 3630 246
1137 9999 177
370 8701 388
8787 3062 46
9277 7500 195
9960 8148 768
5445 978 741
7025 2949 291
8300 3464 130
703 5802 376
2934 2892 43
2942 67 843
7700 7398 876
7516 4612 844
4091 5098 23
1212 9870 621
1996 8874 737
5136 638 198
1606 8365 828
6676 4723 410
7221 9490 95
1367 6682 100
3988 8570 690
592 2802 773
3785 2372 967
457 8950 724
7225 8907 725
4338 6925 55
9702 2242 938
6760 2268 196
5041 9690 267
6801 4577 670
918 2732 908
3913 6748 986
3170 6415 118
1690 1406 282
7932 7849 268
1915 290 52
4328 5785 703
6239 8862 388
5529 6668 415
5120 5930 943
9689 5279 324
2844 1644 306
3230 8760 623
6442 5156 335
6972 1914 925
9192 264 864
4262 4017 339
6655 3261 337
9599 9330 374
3529 3656 533
5427 7510 765
775 9127 794
3192 9260 666
8773 9815 294
8938 1610 83
2892 8825 422
8316 1249 922
1760 3744 701
4576 4205 992
4897 9196 529
4931 9664 868
8099 8072 549
7942 6669 199
7737 5007 911
8448 5344 25
1520 7656 354
3862 5267 61
4976 5130 894
197 3803 751
6417 18 451
5804 1573 229
5895 6785 409
4008 7197 414
3546 1400 901
7813 8156 628
203 4082 796
8373 7845 551
7101 4300 856
6356 2329 533
1646 4634 715
6393 5425 602
9398 4924 270
3436 5624 633
4876 7026 114
5113 5220 984
8549 9166 889
8760 6489 695
4434 7704 519
8654 9106 43
967 9612 277
4166 3407 745
4552 4047 359
6439 5824 850
1539 3388 91
5738 1880 796
3285 8118 239
2586 3448 118
4941 8188 760
9097 4890 177
7918 8337 98
381 9513 563
5073 299 844
6120 3928 203
4639 2054 801
7640 588 872
7360 4483 618
6034 5256 565
9947 4233 127
1947 964 929
9722 3726 511
2080 7310 277
5452 1860 154
2364 806 987
5220 9045 151
4505 4455 254
7505 6542 681
2193 8304 314
9001 9937 959
4176 9527 451
2362 2037 296
8688 5227 658
460 9824 470
8794 9217 17
2642 1433 888
3817 4840 952
4363 1874 335
5786 126 623
7108 2408 341
2942 5625 721
4248 8194 195
4715 5848 913
4006 8724 397
4676 4999 914
6494 9498 162
2783 7053 282
1246 3549 152
3524 6583 368
112 7278 212
585 9470 244
8750 3900 566
3229 6826 892
2482 1492 835
8770 299 349
2865 8519 164
8956 8210 243
6911 3838 341
3068 9130 818
2066 6015 266
7190 2444 31
5291 8729 111
186 1161 544
6210 7528 955
1589 7987 175
1663 1263 380
6093 133 674
2256 7183 730
8460 2350 550
6670 8763 591
7716 4862 258
5090 4240 970
439 7511 826
7924 431 11
9258 2080 648
8518 4765 187
2879 5972 82
1753 7469 168
7779 9564 80
9849 829 640
8345 4751 489
8070 5913 109
327 5103 597
4375 1258 476
2360 6915 851
389 9168 812
2837 1727 27
9445 9455 685
3344 4075 945
9266 2316 40
4088 8048 467
9576 4333 213
2565 6325 488
9799 4944 887
2029 213 606
6389 9959 791
9448 5354 836
2826 1753 288
2099 1410 459
6486 9899 337
1790 9846 66
599 3513 421
4065 7832 187
9448 6206 857
3911 7402 785
2089 1059 843
5530 2794 528
4042 1277 586
325 3800 215
5126 1012 586
1756 3563 968
2224 5761 916
9234 3533 514
313 8096 140
2624 3725 696
4330 4684 357
7741 3968 107
5100 8454 754
3782 4267 980
2013 4570 609
8844 959 862
9910 3007 687
8964 2356 234
2982 4061 139
720 7986 373
7066 7593 17
4371 8866 711
4149 7704 155
3171 840 31
621 1581 450
7879 6248 427
7905 3252 221
928 6489 188
1485 1692 193
4400 6930 145
7576 382 152
3057 5648 644
716 5277 687
2460 5148 257
4483 8997 3
3689 9853 336
8959 2181 509
7984 2511 943
198 495 841
6333 9502 776
2883 3361 287
8079 371 399
7257 5619 407
1567 6498 461
7051 1986 93
8340 6737 922
3713 6102 837
2728 1245 316
9199 7723 218
8222 9512 492
9187 9690 195
9559 6542 975
2105 7220 460
7374 9624 241
6046 9943 817
3919 8829 312
9477 894 296
8484 4662 187
8870 4868 895
8224 3063 871
3739 4516 976
7376 5923 92
9360 9332 302
4082 2457 237
8170 7095 303
8960 8846 606
1521 9143 178
7753 4572 986
4395 9952 582
784 4810 189
958 2959 11
5938 5816 257
732 5221 453
8445 1580 448
7067 8278 852
1269 973 540
9699 9633 3
4584 7531 84
7153 1797 237
6087 6359 984
6054 5891 840
7260 5211 954
3233 8328 387
597 1652 852
1348 9152 53
4015 4423 878
5323 9837 46
3991 9907 620
2774 7305 417
5596 9141 102
8682 2092 989
132 5461 363
6376 3558 462
4453 8155 609
514 4000 784
3230 7780 266
367 5895 180
4168 1610 331
8108 7513 342
8301 2281 917
4934 3989 985
1252 4729 137
2437 9596 288
8533 6359 666
3344 9183 249
6247 1815 602
8408 1261 476
1866 9454 650
3495 6408 832
4055 7318 166
8240 9695 813
9834 5926 196
7987 5679 761
2774 2635 428
9129 7139 897
8721 2316 930
6892 3024 498
8203 7383 255
1596 7823 634
8100 7990 470
8873 6692 450
2512 938 326
6550 3109 776
5327 159 561
2119 688 577
1105 4640 355
5348 4250 939
3046 8873 323
2468 9768 420
4437 419 318
8996 6605 249
8469 8828 257
3813 3931 762
4596 4159 773
7579 5904 388
5821 267 939
5982 9701 787
4541 6728 37
3108 5169 16
4695 9494 6
40 703 865
2939 714 715
1418 9174 757
4223 322 225
9391 8064 931
1942 3970 127
2666 1610 582
4315 718 691
4832 6378 618
1610 8339 241
1422 2285 905
2262 1311 160
4742 2948 555
7044 1854 493
9673 5081 843
6151 1692 576
8137 7206 617
8862 9908 867
8695 8153 413
4254 1233 107
7660 8164 361
8877 9915 891
2298 823 58
4351 3394 345
9437 7735 185
4015 5904 613
5073 3777 430
9759 2482 155
2136 1711 699
2252 1197 898
6745 5751 126
8784 8110 283
217 4372 157
8465 6183 64
8091 30 612
5750 9896 831
9631 6595 130
9110 7439 813
2815 4076 482
9038 1773 518
4965 6615 984
4670 7203 355
8177 582 623
9263 3033 700
5814 5001 362
5398 6133 211
8389 3344 619
4434 9835 245
1385 5594 458
608 867 480
4489 9801 266
2075 6200 802
6509 1626 878
7164 129 700
3806 249 801
800 1636 851
3083 8786 102
7039 938 701
2919 1390 55
4345 596 992
3289 1360 317
3978 1116 621
6081 4240 486
6233 7431 705
7069 6840 178
4869 5256 93
9733 6458 694
9223 8957 860
6952 8892 511
3832 4507 501
4473 3938 957
9000 4622 213
4649 895 834
9144 6639 697
7578 1326 459
6570 570 259
5298 2389 262
6150 8749 584
1287 9816 526
3602 2635 650
7584 4352 71
3791 8702 870
8253 9092 411
3485 200 575
7983 4780 450
3158 3589 223
2622 8393 19
534 5515 337
7760 1713 595
3772 8619 641
2803 2672 757
4717 7194 300
4026 1542 103
3557 5798 161
6003 6202 390
6102 5453 881
4878 4474 692
7242 8826 948
3840 3465 43
4152 2761 4
3890 8709 838
2363 6067 551
3753 6610 845
9824 8844 138
9313 9410 63
5232 9763 742
5534 1644 852
5950 3293 228
8944 957 621
8370 3058 538
9957 2295 655
4971 1054 102
7129 59 946
546 92 50
3217 6719 211
5895 4774 828
148 1942 555
7465 5551 502
5611 6361 573
4706 3837 967
4062 3078 713
4550 6709 214
7745 3875 802
8370 6859 302
7670 6842 990
1570 8668 684
9469 1847 109
9371 8995 850
3852 6266 523
4352 2548 515
7786 7976 420
7074 9247 696
6018 4978 822
4931 7921 969
224 2987 561
7888 1892 446
3804 6075 974
8041 9579 750
4244 3235 218
1659 6706 714
2613 1752 177
2783 5530 696
7304 4862 669
9901 1650 106
4021 6156 730
9845 4520 912
4445 4144 693
4733 9814 294
6019 3582 661
570 3002 466
9268 3874 198
6646 2108 523
6702 4148 71
2306 8337 891
9682 900 973
74 2508 967
6728 1051 695
2804 4857 63
2003 3097 33
2802 6318 444
1673 9728 574
636 4610 521
4239 6497 18
2658 4348 297
5531 160 133
7710 3697 566
1187 1698 717
4371 1558 486
9174 4692 940
7187 2661 290
2231 3852 781
5248 8300 729
9865 5380 413
1890 4983 839
5704 188 769
2553 3675 97
3892 4480 458
7436 5366 498
3475 6084 871
4797 5564 535
4073 2783 261
7482 2269 246
395 2722 610
9052 8808 404
4530 1711 794
3096 297 105
4223 3102 357
3887 5469 670
5965 210 285
2335 1035 922
8645 5782 576
4869 4795 485
4789 1145 534
2227 4622 413
4015 5646 157
3188 6719 277
4026 6008 294
3769 1935 158
6823 1650 657
30 6147 845
9741 9082 561
6771 26 495
960 7308 715
5840 2070 697
4305 3892 137
4984 9022 417
4282 7500 734
6528 5141 167
5932 7842 957
7564 3239 992
2064 7038 310
8299 8933 851
1405 7787 664
1185 7574 987
8266 7511 221
5857 1587 52
6542 1914 157
5099 349 641
6763 8028 267
4155 5024 997
9803 3854 246
8057 4480 334
5126 6077 777
6327 1916 126
7901 2597 821
9679 5965 750
3223 2922 873
8952 9938 326
1193 7601 384
2420 7591 825
3648 7694 860
145 8434 299
7055 3986 350
3703 3942 548
6278 207 134
1674 5436 530
4919 1948 664
4751 1520 875
4826 8583 501
3460 1377 994
6712 2051 859
8449 4138 426
8731 896 491
8964 6112 859
9516 1299 10
6179 3628 147
1594 2020 289
6430 631 274
207 8960 883
4043 9547 1
7335 7430 92
8751 8449 875
9637 3595 904
1926 3196 100
1670 3623 916
8346 7955 583
7882 309 553
9889 7458 715
6333 7602 276
7921 4003 865
1578 1318 406
6090 987 687
9833 4310 708
427 4710 225
4540 5154 420
2102 3725 534
9412 916 293
2469 9273 6
6328 4340 11
7265 1721 782
1441 2190 448
8216 6096 217
851 9504 580
4639 2671 776
3234 3915 302
9764 1438 813
311 8083 20
1339 7554 677
5184 2933 51
9293 7824 780
9532 7211 236
4307 5123 293
4401 2361 663
1956 2383 307
4478 8245 511
2610 8969 225
5061 2431 184
3098 1484 866
8716 5588 178
9358 3728 117
992 3761 11
8863 2989 509
6209 9718 801
8246 9898 478
1573 9141 261
6346 8684 68
8985 2860 493
6483 7337 340
2710 2075 586
8727 1686 660
7037 7569 128
6528 412 610
982 2693 697
7367 1279 355
7543 9391 199
8885 7740 766
6891 3213 345
5318 6678 159
5882 987 670
4625 3725 359
4957 8101 835
7178 681 520
1787 1796 843
7685 3008 412
1223 2239 143
9307 3095 866
4912 125 494
1976 71 488
3237 3039 533
8363 1485 834
4466 160 554
5207 4764 503
1389 5398 819
6462 8316 298
8923 1825 824
3351 2982 487
7167 1382 380
5260 1759 586
6443 571 567
4729 7636 778
3066 2836 437
6258 4933 752
4497 9785 536
798 6329 954
1461 3849 455
6454 4463 911
6545 7604 511
9351 9849 621
8891 5049 493
9316 4976 822
2565 761 244
2958 2477 451
2357 6409 851
3292 3225 841
4527 5803 958
1170 9629 123
3943 5768 893
4613 3626 778
5397 8672 389
7211 9594 278
5603 2810 917
9418 491 870
5961 4107 995
3604 7886 94
8669 154 835
7091 9526 522
979 8152 229
7779 2714 609
5577 8255 937
4270 4593 322
9898 2509 847
9280 6990 961
7542 3020 530
1743 9031 827
4068 4507 836
760 6939 350
2950 4724 619
8305 5467 500
916 8604 962
3605 5284 579
9152 267 413
6167 1965 988
821 5296 346
1924 9768 85
9313 3267 872
5525 3482 28
8496 4597 134
5556 7978 868
1693 1330 684
3120 3635 58
915 117 378
2722 2771 827
5587 5147 118
4751 4428 9
6521 5837 786
3731 2127 441
5885 3875 35
3120 449 416
321 2897 237
6847 826 394
9924 9870 632
515 8117 972
8818 3804 784
3628 33 578
4883 1988 273
8635 8057 137
5550 3523 656
728 6886 121
3873 5849 418
2066 3381 643
5958 4759 678
6861 2319 551
7542 611 390
5325 645 78
4275 29 954
3406 7209 864
6739 8662 393
2849 9909 808
8180 8506 617
5212 8650 478
8062 6668 900
7896 9651 420
2947 9675 727
7083 2785 380
9470 9911 802
8348 8006 633
8266 917 563
2168 5674 445
7875 455 944
1895 7205 768
3806 901 91
6767 3394 804
5225 9820 683
8697 3880 765
5032 1532 890
9225 4197 913
8390 4257 602
7617 3873 912
7066 6469 260
1063 1267 144
4155 3074 346
7498 3285 976
6594 7445 63
103 3147 73
2058 5922 693
2906 5553 485
6201 6274 766
9970 1703 344
3980 9131 328
3478 4960 173
9015 9307 466
4707 5623 894
7098 9329 730
1734 9603 141
4835 3823 154
2232 1536 185
7249 8004 328
7226 9127 397
927 22 237
6332 8990 400
3305 1744 743
7431 2107 394
6729 5974 556
3384 1386 536
8509 8688 742
9684 6149 239
8213 7142 545
1758 3928 620
5491 8389 225
5406 6870 447
4462 8713 651
4662 5677 232
6040 3710 216
7454 3071 380
5631 9237 557
7024 3423 990
1095 3633 803
3778 1284 585
801 10 206
3550 8489 851
3447 8813 134
9623 3551 655
253 1657 535
7850 6835 351
8827 7437 180
5929 6181 329
9839 6351 771
2581 7230 278
6491 7510 957
6806 4568 677
9594 5187 549
2165 4648 905
7092 2117 573
2434 1873 250
1906 8005 956
5925 1153 970
8148 2116 782
1028 8649 218
7800 2872 319
6370 4911 143
6330 2406 118
9137 7637 488
5633 4510 281
3615 5868 677
4662 2639 39
2132 4279 708
1461 1693 230
6840 5626 717
9421 5891 384
7324 3798 317
1095 7142 596
7225 6849 707
2634 7084 723
3088 9707 812
7681 1821 212
57 4156 515
9368 4956 60
3074 3563 254
8277 9042 597
2717 8241 694
4254 8383 895
6182 5415 614
1187 2720 412
9685 8557 86
583 6867 265
2605 597 700
492 4784 741
789 4353 523
8782 5848 801
2691 9144 916
1323 52 150
5375 1398 39
8584 9514 275
1113 9675 293
9774 6604 807
3514 2159 477
5756 8083 412
8490 5962 803
2478 5506 365
9612 9995 973
4235 4830 624
7525 6414 734
821 4834 260
3695 5742 553
5288 8808 103
7230 3887 314
5162 21 925
6454 4720 41
6368 5577 663
9155 6115 54
6809 596 866
8374 6686 33
4246 241 218
4530 9085 146
1922 4884 388
5285 8457 294
1092 290 243
3154 5595 751
7441 2836 7
1085 9369 921
3974 4117 153
9034 3515 511
8877 8187 802
1607 7062 505
549 2445 266
9403 8419 138
5413 8502 296
2707 3082 750
7311 8545 187
8070 5328 346
6194 9563 446
9989 5191 588
7274 5603 784
7065 7625 975
3441 8333 836
355 9905 677
4576 297 294
7163 426 502
474 6359 868
3916 4120 287
7324 8751 791
3880 8442 216
3079 5890 853
5578 7734 679
3167 7603 471
3435 450 420
918 9140 640
8766 9834 308
7158 7850 698
4881 3227 622
7094 5402 481
9818 8612 773
4510 7941 897
3565 7983 736
8036 8091 588
7359 8834 728
7086 391 199
8487 2976 233
7112 6936 16
7607 3026 612
9498 2194 127
7139 5045 807
3716 390 695
8963 8984 94
5494 7163 521
7497 4501 578
1543 466 13
6301 264 482
6080 73 220
7554 4622 750
1083 1619 849
4949 5743 153
9844 2938 907
3386 4070 803
8208 5927 495
5995 4536 872
9620 4306 544
9040 9273 249
7175 9507 642
384 4140 270
2034 9841 223
9753 95 279
2043 5421 433
4314 7426 882
8562 2876 599
7137 5250 203
3449 8756 285
5930 8254 637
9939 3032 208
989 6921 961
8960 7830 315
3201 2569 764
7566 9054 610
9264 2482 110
6613 3372 746
9844 8596 54
7291 7744 426
4289 1225 823
9085 7770 578
3223 9889 779
4256 2309 835
7591 7959 673
6841 3980 172
3909 2119 439
4227 617 772
7509 7507 525
8486 8005 655
5369 1846 472
5216 6772 415
1389 5572 630
1529 7391 736
8934 825 235
797 242 781
681 4893 463
8833 5713 231
2592 7351 308
8392 9994 569
7072 4899 502
3807 3073 17
2575 8745 57
5296 1432 273
3821 5158 147
4783 1632 348
6675 5804 789
9792 2783 936
3816 992 294
8537 1209 839
2367 1712 310
429 4489 714
4716 2018 126
1261 7636 848
2449 5448 385
9439 5831 263
6496 8355 972
3265 202 254
6387 5113 162
6801 1255 391
9814 8065 96
4850 831 113
1340 4544 982
438 7434 822
1817 9283 919
3930 1187 710
6447 6494 532
7955 6518 206
1664 9723 105
4896 8004 132
4714 4162 268
2678 2294 214
257 8212 785
4640 4191 85
257 1361 774
8540 6593 231
1621 3097 371
4291 6032 166
4698 4746 750
3452 6130 89
4018 3663 678
1911 8264 273
9928 6364 648
738 2905 482
2413 8939 310
1731 6788 730
257 6042 155
8037 7273 885
9128 1708 604
5255 9315 720
7585 3091 535
7270 9852 683
3396 4682 649
9952 3920 3
2346 3362 827
9176 519 446
4970 8801 39
1322 3379 333
7372 5824 108
8841 3740 179
9772 4882 236
9964 5420 744
4096 8083 216
9159 9085 668
6711 507 756
9133 3049 797
3946 4601 2
3882 2862 783
730 9180 802
7979 7083 786
3299 6455 689
3615 7974 926
3143 2 174
3528 4199 415
7985 9476 672
575 5098 519
5651 534 449
4328 508 170
7613 24 839
5586 6604 350
4348 1035 743
6952 2736 158
9395 7272 798
3655 1270 221
4173 7251 976
2317 5151 63
623 7646 983
4276 5309 891
921 7793 942
6201 5632 811
2793 5406 8
9918 1070 255
5669 1590 686
7920 963 810
3983 8696 469
8996 8011 113
8770 6829 574
338 7717 684
567 7418 967
6118 7497 999
6821 441 407
1172 653 885
7011 6004 3
5505 7426 862
4038 4917 365
3941 860 449
1638 598 667
1797 2172 229
2791 5676 201
5937 2424 142
3847 3721 547
9828 3766 130
9168 2217 839
6628 4260 579
7931 9358 702
1151 8683 405
7229 512 287
2555 2602 705
6416 8732 801
6584 6868 327
7116 9915 100
3281 7016 43
2863 2373 435
5651 9259 348
5526 9220 694
8953 4836 223
684 6334 951
2283 140 553
3179 5291 794
8264 7931 763
9829 5349 725
6035 3907 257
4064 6991 302
5544 6647 778
3059 237 29
5067 3166 3
1523 4407 798
8567 7926 595
5893 7583 674
4529 4964 445
2567 5454 267
840 8462 268
6655 4409 286
3387 2573 856
1206 3118 593
8756 7928 218
5853 9244 654
4945 1434 977
3366 9506 71
8374 8057 898
5125 6999 515
3301 2927 390
7913 7559 354
3258 5277 350
7724 9272 697
8753 5064 876
4976 1461 964
4112 8619 560
6328 369 904
3275 981 500
2810 8601 848
2122 8017 50
2653 9856 74
5325 8740 877
1739 5315 367
3684 1330 118
2546 8788 215
9267 5149 589
4939 1504 368
1223 897 986
8798 6912 410
8146 8529 108
272 3763 821
6668 7955 713
7570 2603 556
4443 8363 40
7808 5020 492
1241 5567 482
8575 5125 21
9708 8837 84
6887 8209 938
2829 6671 133
1408 5582 142
7989 8464 866
4224 9821 21
4671 6182 360
7995 9803 326
7574 1127 159
6920 5805 76
2819 9260 188
9298 9286 676
8641 1055 661
1505 649 951
4123 9282 849
8192 5545 598
7114 7873 372
543 5045 421
3091 8501 279
3440 3151 759
2522 9923 483
9113 9478 466
2524 7457 327
9966 5777 963
3670 6118 236
5351 6485 518
9040 9546 498
6538 2523 696
2544 7868 557
1023 9915 432
9931 4633 15
7314 1889 66
884 9208 493
3467 2433 325
2927 7708 93
6639 4756 583
8766 6087 961
6220 8571 464
9115 1185 566
3080 5106 378
4305 7134 791
1834 8884 284
3474 5873 168
7977 6740 340
3139 496 542
1113 9970 497
9326 3558 267
9800 867 74
5103 8572 479
9470 3160 726
5315 3216 140
4422 7887 149
7082 1912 329
4152 6099 322
2452 573 262
236 3594 688
3486 7862 276
2708 7625 42
3735 6703 513
3059 3339 366
9032 5750 401
3043 4646 442
2548 650 124
5395 9275 104
6916 6525 629
6427 1709 205
4342 8988 847
7234 3040 174
6316 8590 863
2656 2654 219
1882 4673 804
8216 1704 545
6408 6501 408
9272 622 262
4799 5300 100
9250 8947 461
5801 3837 996
9653 3157 449
4352 2922 628
2371 5629 551
3734 5857 942
2546 2665 638
4678 7499 448
5795 7268 411
4239 4329 808
2350 5988 776
8313 7230 401
1281 3788 600
1467 1707 553
5730 9073 148
5829 2283 892
5865 9060 435
6254 5055 196
7891 631 33
1050 7682 229
3087 8777 619
4185 8641 583
8464 2076 979
3036 7219 855
3691 318 599
934 1299 245
226 2963 65
3883 10 133
6566 4343 723
6257 3938 793
1127 4490 758
1885 1816 617
6966 9295 632
2487 8240 803
7577 4755 472
6889 1596 669
7350 9638 635
3532 9201 609
867 2954 109
3361 6432 114
2004 6170 756
4653 2516 136
4056 6514 716
2550 194 423
3014 4775 263
2649 3231 60
9854 9166 792
2886 1131 609
8066 7402 268
5521 8828 707
3726 5308 833
4069 1341 819
9321 409 562
8082 3075 822
232 3641 319
8050 7346 240
3407 6486 69
2212 5682 975
4384 3078 720
9861 3262 128
6379 8171 47
6826 317 805
1225 2661 761
2078 7405 9
8113 1611 747
4789 3398 451
5000 3039 324
7869 8131 794
7067 2399 623
4292 7340 350
1812 5373 530
5892 2654 182
2048 7260 214
1473 7301 796
588 9758 89
7256 8793 540
5853 2588 114
4514 7122 584
6728 5336 26
2877 3358 676
5883 9199 349
2540 5776 326
1908 7679 171
1723 8962 18
3895 4228 552
8934 8723 68
3435 9416 683
5105 8482 525
3082 9753 126
4441 7699 687
8455 9617 375
46 5748 477
3029 2191 219
3877 4419 784
1190 6935 525
6479 6697 352
4052 8035 66
5256 2292 522
8281 7341 982
3094 1508 573
1607 4838 709
6864 5310 185
7206 7583 462
7151 4944 546
2120 1657 646
9634 572 117
1665 1944 484
5993 3800 9
1713 2383 822
989 2104 874
1679 7610 996
9340 7176 842
8964 8782 53
7109 1968 751
1552 3228 733
1177 3102 366
7051 5419 437
715 9997 393
5512 9724 773
375 2860 871
2781 3752 982
1114 6472 880
7900 7550 684
9677 8276 767
5102 7117 389
6961 7149 443
2913 826 62
2329 1537 3
1846 130 787
885 3461 682
4700 9845 836
1284 3003 788
7 4306 903
9715 6195 696
1493 1913 984
9549 3339 487
7593 1367 505
7297 3926 75
3449 4719 721
550 245 239
9094 9 348
9870 4615 323
3454 1724 174
5395 9996 965
8764 6707 555
5398 1069 842
441 5492 331
3169 5719 421
7633 6637 632
2476 8700 866
4260 8190 620
4040 4570 119
5931 1111 942
6868 8327 623
6258 6767 661
862 2356 203
3420 3833 824
4469 5256 747
5940 7626 139
7601 5517 532
9900 6059 316
6610 9386 851
9174 1323 869
9375 7603 597
5630 3381 572
2938 4201 44
5017 3909 150
6336 8819 717
3166 6673 482
3903 8845 302
2626 5593 929
3735 6457 988
5836 2866 292
989 874 959
9845 7743 448
7247 6239 504
3035 1516 18
6310 300 2
442 5364 923
542 3915 525
195 8656 857
2054 3199 378
75 7356 830
8010 4475 152
3307 7499 717
2599 3256 989
5267 5047 72
3960 7258 501
5372 7843 943
914 7539 676
4779 823 789
3759 2664 328
978 2328 699
3037 6569 353
1127 1697 338
9908 2115 857
3357 2199 369
2804 4577 329
2991 5226 172
490 7596 113
3092 634 726
4453 5008 119
5510 3341 717
6621 8687 232
5030 2240 544
4267 5305 924
587 9484 8
485 4362 734
5121 1047 236
6847 1834 878
372 9510 74
3956 8444 470
53 4057 228
9651 1246 347
5195 956 825
3865 5664 544
8883 7409 499
8963 2503 581
2216 8577 348
5744 9762 258
7578 530 969
8425 742 777
8995 7998 84
3330 9628 294
6761 5438 524
3812 3854 983
3121 138 592
1845 9460 385
5292 7833 405
2153 9830 257
8869 8083 749
7782 9200 593
9452 166 188
2537 918 619
6940 20 734
9382 4626 605
6012 6599 472
6485 5503 394
8568 3008 335
1536 5132 764
494 25 3
4164 5935 449
4424 6569 56
4591 2268 5
937 2406 368
5850 475 398
9293 2092 348
1351 958 202
7043 7383 245
5668 7559 779
949 6713 159
5242 338 594
6093 7952 436
7389 9555 122
5421 7748 498
2836 2831 472
7554 5505 747
7372 7190 478
8146 2244 445
8507 7447 899
1636 3871 220
9964 3060 841
2298 3154 575
2749 8141 655
5676 1310 201
9832 5989 763
8060 4725 282
5704 5400 196
3214 507 372
8012 9631 127
5593 8363 759
5754 5896 983
6765 5461 707
4793 99 244
850 9075 565
8172 3166 483
6786 8162 813
3755 9189 625
6334 4734 316
6082 8782 282
3177 2955 870
8717 5469 404
9649 8825 292
7216 1063 523
9446 5886 645
3153 2797 274
741 8442 361
14 5709 308
8612 635 917
910 4593 891
8097 4874 668
9020 8388 837
1417 8255 576
9741 551 298
3412 6840 370
878 3519 796
2239 7320 579
8062 6720 669
992 8851 667
1385 1150 300
7492 5394 35
6646 571 702
4266 3711 364
3960 8059 761
1877 8770 634
7937 8167 499
1963 4511 859
3219 7670 699
7980 9927 215
4703 1820 504
8246 8589 803
2267 4340 155
8320 490 784
6232 4026 202
9137 6032 753
1524 803 785
415 9412 306
3697 532 683
6637 7063 646
2429 8192 294
8006 8181 644
5410 4612 308
4979 8043 852
5069 7143 834
2556 9386 842
62 9706 395
9867 8184 424
9885 3714 124
2620 423 863
1577 473 809
3428 1838 751
2014 3201 322
7827 3925 209
7285 2651 268
143 9662 17
226 5320 9
1491 2095 849
9051 4035 421
2661 8615 887
5924 1557 348
6556 1902 774
5516 8536 187
6402 1780 989
3265 7949 398
6149 1536 703
108 8734 296
9518 1886 127
3204 9785 50
7546 1463 851
7385 4598 682
5227 9433 84
231 5411 831
4126 3233 178
5118 4616 984
8158 899 147
6398 270 222
1797 181 765
4580 3584 402
4961 1159 506
0 6827 1000
1896 7931 268
8682 8447 588
6813 8421 332
2246 9973 798
8760 8761 658
8731 3813 489
7715 2420 806
27 6 229
7493 504 812
9336 8156 112
5258 442 71
6753 6627 421
6177 7644 210
5208 9258 28
1970 6377 85
5920 9215 136
8416 860 911
4814 6119 467
5 9062 207
93 217 35
5755 9419 839
6275 2644 249
1679 2989 736
2210 4108 57
7998 5322 960
5479 9463 664
8739 751 345
4899 5482 775
6556 225 344
4034 9724 215
4042 5352 293
2068 344 85
3776 4886 547
2550 3081 937
1765 9331 898
7169 8842 659
4008 956 631
8107 9220 294
8435 3297 207
9968 5143 257
1748 4181 88
5470 4649 576
6151 2243 816
4065 7208 261
5023 6628 569
4492 674 352
8982 6147 569
2369 2815 585
5227 6471 572
3738 3871 267
2797 7446 851
7174 7801 154
8517 7541 993
8574 5873 220
9651 443 669
2208 3206 63
4266 5665 917
3557 7578 41
4453 485 383
6430 8428 974
6171 1674 131
9502 2664 792
6269 4616 143
1698 88 87
2493 4748 507
7216 1357 836
5948 143 589
3038 2287 764
2944 9016 319
4154 6660 971
7589 5862 291
8894 9528 870
5923 9823 664
9810 6520 905
8015 1220 674
858 3223 181
558 5675 798
8145 567 389
9969 8871 510
4703 3753 750
2986 3312 926
9525 6750 617
9150 1666 1
1876 9681 37
9622 534 297
6683 9467 450
3578 2197 755
2666 5872 536
9391 5799 93
2796 8853 510
7783 9967 668
6318 8817 27
4429 1189 553
8916 8143 498
2568 4871 953
5243 6477 335
1120 8595 371
9404 7120 134
8081 3656 826
7870 3769 903
9353 7649 942
1922 2077 643
949 9107 383
3581 6446 239
1162 7896 753
662 543 897
1814 3045 46
2001 7442 26
8891 705 451
3849 542 333
2712 4341 218
5704 3865 4
5144 4594 790
4275 1995 786
1231 6192 87
9742 3021 647
7774 8923 746
9858 2916 259
8311 2405 900
4794 4111 885
1548 1996 322
7818 5969 706
6883 2422 57
9674 9203 226
2494 4665 620
3176 5380 713
7764 2492 437
1500 7856 103
5025 4518 645
6612 9175 683
8781 7731 724
9489 419 936
5354 7160 228
5066 1829 538
1724 9086 441
4394 214 758
6445 1523 173
2813 368 186
1644 2225 38
460 2581 5
1846 3145 76
1052 5083 205
196 877 935
6939 8371 981
3184 8472 427
2015 3608 166
5121 5797 567
3415 1086 758
8371 8502 535
7019 8985 740
7226 8023 360
195 2697 456
8316 404 247
6878 4566 111
6362 6639 635
6760 5979 288
8948 3475 142
8615 7563 343
3985 8866 163
8520 3396 402
5288 9000 923
3476 4565 126
7531 9104 278
5378 3502 906
712 8253 768
7805 1148 480
9191 6568 744
568 7913 910
2215 3366 92
1429 7049 517
2528 318 567
246 4542 275
6265 1840 80
1831 5319 228
3704 5309 86
7980 1684 194
8182 5388 684
3434 6635 551
8650 6397 810
1424 4313 667
7825 4475 174
7857 3114 364
4238 5597 162
1497 9331 782
3024 2516 352
4590 3221 112
6224 1340 484
3244 6583 650
8539 439 38
6559 1635 980
6839 8121 963
3426 2498 302
8302 8716 954
2809 9021 258
229 2355 350
1782 7250 893
5640 9079 821
1645 1789 590
1788 4673 882
5627 9831 122
3895 8941 669
2812 6365 163
7572 3021 928
3095 5095 600
1871 9374 78
6246 2276 87
7612 8697 508
4105 8907 71
6292 2599 567
938 4824 44
3590 4973 880
8599 9456 574
8955 1999 568
3185 8283 355
102 7936 243
1390 4080 934
165 1215 390
4536 1001 253
3416 6499 262
4862 8264 732
5862 7967 380
6194 8385 132
9772 9629 154
5363 5878 367
8984 3080 845
5246 7057 692
1716 3041 357
9084 7918 631
2758 6689 14
1348 9223 789
6353 9443 61
9030 2444 418
9322 1636 825
7848 7048 688
6842 1980 734
4938 8856 705
5293 2247 619
3820 5092 427
2476 8216 518
459 3446 376
3075 7894 172
2040 8921 819
9863 3241 714
93 4948 811
8229 5284 171
948 9991 588
5465 5968 571
778 9830 622
7487 1611 543
5460 1871 241
3047 7637 659
2148 5544 389
7062 6031 345
1064 3721 543
267 4498 120
1597 9993 162
1375 4365 611
2569 7410 720
2204 4250 901
12 5739 252
4857 4563 214
5777 8456 635
5075 4132 406
3364 6531 822
7779 9508 776
4371 7164 105
141 7482 172
7854 1314 221
8020 2135 357
9960 4345 789
609 9847 795
9771 2473 162
1162 1274 796
2213 6005 564
729 8905 111
8316 6744 517
7042 5600 529
8935 5791 398
1211 69 166
4273 7335 841
8180 5586 610
386 5723 439
4451 6542 501
9444 8540 6
5252 4640 544
192 6513 418
4918 3892 826
1414 8718 369
266 2603 179
8072 984 547
2941 1414 12
6901 817 947
337 2412 399
3439 2962 263
5002 6117 86
746 5993 800
244 6419 492
3587 7332 639
6022 5064 198
4137 6796 51
9012 2768 658
5737 1615 334
9245 4545 672
2387 4877 147
7231 5901 911
898 612 110
4419 2998 460
5162 3292 458
9901 9569 525
1718 3223 664
3039 2649 537
401 7355 35
7942 5640 252
4021 4431 702
1464 8683 982
4747 5534 746
2767 8094 761
3712 4778 794
7996 9967 595
2104 246 711
2826 9582 39
2382 584 428
3413 2536 87
425 4829 789
7746 5626 109
1245 2490 862
8461 1145 747
8434 7784 129
2976 6915 809
1892 3188 179
9516 1951 304
4167 5751 324
8887 4567 372
3606 172 499
6318 8402 940
8124 4057 939
6071 8197 249
7759 4183 182
8627 2046 516
1752 5213 983
7884 2131 721
7655 1207 460
578 7391 279
6945 3129 893
607 2897 111
3092 6510 211
5599 1019 472
5059 2004 847
7530 3709 407
8688 9778 14
6777 4444 766
5313 5332 682
4107 5708 398
2695 7029 137
6797 7732 717
259 8980 346
5327 4052 62
8138 50 559
1119 5132 652
201 574 7
9694 6560 999
6547 915 368
5197 7659 237
7761 7682 794
587 4796 726
5727 2015 294
1762 9767 425
5365 3413 100
2472 2713 199
235 6132 310
2928 3458 423
1253 8944 531
8622 716 655
1269 3362 810
6096 5951 211
6989 8934 758
858 2144 88
590 9151 166
2121 9151 777
1243 3735 308
5447 5338 66
7195 4377 607
4384 3578 121
5272 4151 15
3573 6088 719
2077 3538 784
7920 4854 398
8497 6741 73
4590 5361 385
7336 6770 847
4214 9921 32
8723 253 136
9944 7667 131
5934 3721 104
6561 669 303
9691 1186 35
1839 9826 344
3864 2248 24
385 5381 177
1362 6817 267
4499 3751 131
8399 555 44
8426 7801 718
4688 3410 355
7978 8747 815
4199 460 747
8209 9951 528
1310 3001 713
551 174 694
3571 9061 335
3654 4935 488
6798 6852 493
6727 4100 624
5672 6704 708
8304 4456 102
977 4154 690
4166 2248 838
3319 2181 247
1779 871 840
5954 9223 927
2477 5902 965
6166 5110 533
4578 5905 998
6869 3809 823
9306 2800 533
7710 2964 253
2493 6952 410
5470 4098 802
6309 1798 600
8319 4565 418
8584 3755 75
1524 8597 960
2131 6120 615
2662 7937 638
2612 5709 880
7590 3471 976
8932 2604 693
5936 5758 696
6117 3038 640
9031 7515 393
4217 2543 65
6699 4666 665
3239 7478 886
1426 7396 857
1983 2817 292
1308 6132 658
2989 9253 190
7818 3543 33
3012 9086 181
6659 8224 907
437 3655 279
6789 9542 217
1372 6952 971
7582 6124 902
1196 4027 271
2528 5650 606
3124 3024 97
5013 9136 260
3174 1339 551
6485 1132 370
6161 7010 701
4079 2002 653
6766 2423 667
5683 1937 581
5226 6668 933
3082 4560 854
6663 5754 32
8446 8071 348
7090 4535 625
3564 7301 372
1803 2173 854
5417 5797 597
6870 7879 322
3015 1338 671
3989 2060 55
401 3908 916
923 808 775
8467 5331 414
5582 8007 598
8094 736 169
9845 4376 824
9125 4129 106
6729 2621 221
1550 4251 516
3211 5275 9
4778 9328 720
9112 2280 286
4285 5447 68
8485 227 184
8254 2462 830
6504 1219 675
1697 4020 895
4871 6002 881
4587 150 693
4563 4603 113
6790 2468 507
2644 6335 665
8935 6726 882
1835 1735 472
1709 2032 22
2425 8207 996
2558 8291 273
5616 7948 933
5356 8526 181
7983 1528 510
5577 1646 212
5449 1456 252
7995 1693 573
9848 345 880
9545 7243 296
340 9527 615
3701 9705 460
5296 1530 942
6384 2114 733
9972 4481 207
3376 1962 880
7684 2202 544
5808 4715 817
8901 8512 445
9495 5336 322
4134 2300 682
9779 5812 582
7995 8876 998
3402 7490 155
7734 9593 870
4987 8696 135
9502 116 328
3258 1905 260
7809 2915 671
6877 8021 218
9335 7973 220
1809 365 293
5999 8498 43
6389 7308 311
6131 7572 570
321 3701 378
5218 5021 210
1559 7665 59
7073 4767 932
6243 6395 677
1801 2308 746
1898 977 250
2285 1899 757
5043 5778 382
3069 4798 178
6063 323 580
2391 9773 910
3720 7572 765
5984 917 347
3512 7657 996
8008 5902 169
2799 8841 900
4575 8277 913
6326 1586 410
1124 3132 846
4073 8065 484
6249 8781 966
4119 6376 618
1520 1449 275
1757 4087 319
9553 5229 386
7599 1199 735
9080 8208 723
5756 7720 597
6934 7245 129
5822 3874 681
1185 2738 989
6209 5670 999
5745 4140 339
5226 6258 799
5185 7062 51
2741 9732 816
3790 4762 756
5909 2878 956
5819 9704 894
6444 2976 114
8841 1712 298
2108 2865 536
3161 463 418
872 644 852
2166 6411 865
5396 2899 488
5971 1956 986
6400 2068 216
623 8932 546
2006 2455 301
65 9077 756
20 7625 926
5182 62 756
6087 6032 119
6600 4343 969
6414 8756 391
8415 8352 887
8367 7674 184
8206 4807 826
3922 7328 832
4523 1417 856
2228 6908 577
1200 1300 276
6201 7497 226
2578 3879 193
828 2161 904
4438 2069 994
8153 7025 108
4592 5317 723
1096 7146 927
4763 1569 155
944 4680 564
4129 7369 975
8018 8335 836
8514 7719 449
2757 86 364
1406 9782 490
6323 4257 591
8805 5911 121
9967 4531 168
7725 3053 912
1427 3138 435
8533 3767 690
4552 4673 3
5334 9860 639
4535 5514 546
6380 7940 139
6059 6349 181
9978 8720 884
582 9025 359
7765 7564 824
3382 4834 784
4129 7999 964
240 4004 913
4837 6303 91
5580 4092 793
3746 5361 182
8321 1928 155
4159 5926 650
7012 3965 281
1793 499 124
4208 4630 434
2562 9323 190
8079 5463 114
9087 8235 213
5383 6188 693
201 1281 682
7532 4265 964
8609 1089 323
8284 4957 980
1947 8472 621
5478 4668 112
7115 3254 729
1512 3088 110
9329 72 74
878 6870 724
7511 3300 107
5319 9714 801
1519 3540 30
2009 9653 770
7609 8859 532
5126 5611 194
7271 7359 501
64 1426 854
968 8032 289
3753 174 760
4617 6952 145
5887 618 259
4852 3240 517
7737 6745 92
4834 5630 319
4049 1434 216
8463 2868 590
8537 533 813
8870 4795 700
4869 358 214
2009 9265 908
9947 5150 213
6305 9999 810
5259 7229 824
3205 8735 843
5269 4703 401
6929 956 76
8589 5430 653
119 5264 107
265 4354 484
8752 2149 842
3939 1678 12
6218 6692 273
2583 2056 529
5311 6258 279
2505 2917 339
8506 7593 100
8196 2517 267
7210 9101 957
6503 1457 313
3734 6155 386
4721 7482 258
8410 2811 938
214 6266 301
3783 2598 363
5897 9774 404
9952 529 937
9952 3931 298
1756 975 387
2380 5092 769
1921 2340 312
627 2182 677
6748 9454 575
1165 8875 5
7430 5530 473
7674 9627 12
5158 4260 399
4148 108 341
6609 8125 743
5977 6048 131
4932 1542 691
623 451 412
4895 9470 976
4325 6470 304
1841 5437 572
6265 9193 38
3366 844 822
2345 4615 926
9125 5029 369
9305 1109 184
8605 6909 192
3441 1680 171
9151 1314 966
2087 5768 640
2867 35 481
1081 7650 576
8461 528 813
6702 6403 560
4968 4331 605
703 8139 624
4949 3970 903
333 6594 821
9222 8463 711
3391 2591 574
7071 4246 124
7927 2424 250
6620 940 378
1723 1266 763
8533 8231 890
1720 5320 399
6074 270 59
7289 9450 152
28 3066 503
6696 1756 543
171 2341 43
1347 771 344
8436 863 172
3452 9016 660
9406 8230 726
1645 3036 515
4270 991 62
499 5279 396
6910 815 920
8832 8616 15
1807 7171 268
9425 6759 301
3060 2742 266
6917 281 842
9916 8706 979
9683 2080 489
8356 2441 53
461 6681 699
3695 9804 744
5148 3316 652
0 5861 785
2701 1659 278
8518 945 358
5144 5136 560
2369 1486 424
917 6301 715
9752 814 959
1096 6840 400
3852 7192 304
8787 5869 919
6527 2682 307
5103 1154 297
2845 1193 790
928 5282 279
2126 1225 83
2706 2872 894
8381 7101 853
3566 4903 580
5481 6249 549
6979 2677 985
4106 9910 650
9936 4502 914
6054 2726 432
5913 8012 457
4760 1336 882
392 7273 83
7220 2443 905
419 5890 768
3685 4786 59
5426 4402 519
1947 3457 590
8227 4738 910
3802 9371 624
7476 7479 109
3588 8373 347
9720 6923 268
8995 1278 877
7551 2902 999
4201 7363 677
5798 9765 327
3941 7090 480
6444 8908 977
8884 8992 132
9545 7333 168
5322 4170 917
1729 3591 823
3093 1748 691
6673 355 157
4220 1310 504
5325 449 690
264 8911 76
9572 5708 44
4718 2636 110
4112 1652 34
6190 1338 203
5162 5600 877
7896 9086 378
7053 5497 811
3586 8008 337
8885 8411 30
303 6330 548
5360 1019 872
9201 2455 307
7362 2175 592
9192 33 181
2900 7027 722
7260 9929 818
6141 7606 399
5888 8751 670
6117 7601 954
3948 6776 95
5500 210 881
5108 2750 656
3465 8112 330
825 8244 752
6958 8881 806
6275 2554 237
7205 2768 105
3863 2304 682
2379 3770 768
5977 7840 876
6452 8275 338
222 2335 626
4815 3472 477
3688 2015 477
8874 8165 309
5920 8305 786
2577 874 863
1577 6517 452
1860 1102 716
7305 2655 81
4871 541 237
3267 8790 537
2225 7227 345
8185 7041 648
1217 2129 584
3093 9347 845
4375 4127 843
9007 4882 131
4172 1287 916
8805 9827 259
6965 3846 973
4391 2262 457
2313 8392 889
4092 6868 766
5340 8806 534
3680 6435 738
6264 5705 546
4794 4388 985
9319 261 559
5106 7511 707
8538 9541 945
2871 7050 665
5734 5742 414
7196 7487 268
9117 1955 465
8894 2121 395
4443 6843 774
909 7109 113
6225 205 895
8543 7383 480
6145 9947 696
1429 605 406
7160 2000 574
6094 4491 360
3129 819 233
5599 2454 840
6612 750 200
1977 7036 525
8735 4056 873
625 9764 107
3303 1791 698
6821 9441 531
3833 9026 151
168 7338 863
3312 9268 96
6018 5990 20
6692 3960 361
3540 4014 834
3895 3950 44
9383 8634 322
4225 2184 62
8415 2265 421
7992 8584 375
6399 397 551
1143 904 570
2025 8616 311
7534 5360 24
9863 6949 300
4137 3044 936
962 6672 547
3434 8806 515
265 7864 54
2475 9054 916
9072 1122 283
8223 3187 396
9429 117 68
4351 8063 248
2224 2888 10
3283 2772 124
293 4181 798
1059 239 770
331 2053 654
3811 3838 854
6177 2028 806
3625 7162 581
7922 9352 373
105 6395 171
164 114 490
1968 2923 480
27 4330 824
431 1553 622
9522 3053 855
4917 3857 343
9612 1482 826
2593 2916 340
4588 9292 112
2154 9222 560
9561 26 345
5064 6232 27
1004 8634 648
1471 7310 688
2236 1245 652
7449 2515 431
1509 8618 803
3681 9198 890
3719 3946 511
2593 4596 721
6858 7858 517
2194 4142 316
7383 812 215
8106 5723 621
4220 7069 609
8553 6053 426
342 9255 195
3202 6908 845
7927 9942 428
9038 1440 182
2933 509 103
498 3873 942
934 202 560
9896 497 958
7754 3129 382
2985 8445 252
3434 9539 243
795 8576 188
8072 5701 624
9732 2070 881
8812 9678 305
7007 271 352
6754 8140 728
1209 9836 628
3159 8086 860
5024 9084 912
5015 3637 917
7269 8847 816
3269 9126 133
6432 4595 269
1927 497 641
1111 6677 156
6231 2556 286
174 5396 20
7080 8357 559
4964 2959 646
7281 5803 792
2967 2517 202
694 9791 195
2562 1762 940
6188 3907 762
4906 7532 220
9003 4446 131
5964 4324 100
3626 1127 909
4962 3785 933
4373 5120 681
3417 4161 702
6076 1459 907
7204 4073 583
5078 7518 372
1149 5661 167
8462 4239 24
9789 9774 405
819 138 699
5264 4533 730
7587 3952 178
1235 6035 207
1336 7831 891
4053 6053 839
6024 9867 25
554 7499 548
362 6337 524
6071 1667 277
5895 2417 562
7601 3349 345
8103 8946 639
1872 7259 783
3440 2934 896
6673 4025 158
6444 7505 584
3962 3761 876
926 1275 6
9326 7819 431
4428 6556 139
6436 5259 92
8476 4108 965
3555 374 338
5634 8015 510
8995 7941 190
7351 8656 938
9448 5572 25
8346 316 99
5887 1739 479
5463 965 580
6106 9800 329
1927 2352 310
6245 1589 31
1542 3251 625
4319 1362 778
5104 4093 213
9487 4909 52
3990 6745 494
8814 2724 139
9624 8685 129
1084 5696 921
2502 6530 276
1182 1236 489
6001 1900 967
103 4824 356
6041 5942 457
4563 8072 201
8785 4882 495
6600 2250 796
2931 9344 153
7772 2712 548
8536 9878 247
3617 8855 213
411 9697 84
22 4062 567
7419 4683 799
7794 6726 295
486 2935 89
9849 1669 134
6731 8817 723
6626 9943 295
5523 3312 567
4412 4049 669
2926 2839 886
2143 5114 459
459 3861 600
7574 6254 205
7063 5854 122
615 6212 411
994 640 522
8591 2738 966
8842 2699 349
3230 757 849
3255 9256 992
3149 4655 292
1387 9557 205
1755 7563 608
5202 4373 684
5576 9586 962
2940 4380 11
9244 6102 1
2330 9709 587
7216 1568 855
4989 2135 674
9296 7416 35
8191 7828 14
5727 1595 82
1623 3198 399
562 5658 573
196 5145 449
490 1402 241
3530 3341 334
1436 6906 791
1125 8887 129
8488 1639 933
5100 980 41
9933 9538 170
2389 9903 630
6747 7031 414
559 4539 800
9776 1067 196
6907 8101 260
8226 427 250
8460 7818 857
6134 3108 832
2810 695 434
4088 1450 97
3118 5401 985
6572 8560 579
5200 2529 902
6210 3456 378
7745 677 874
1456 5660 565
9938 2356 588
8276 168 624
6424 7483 412
227 5930 779
9605 5999 502
9973 2314 853
6056 1611 458
6163 4615 982
3376 3925 222
3875 6041 532
2649 9634 965
5213 607 892
1132 8292 782
1953 242 217
8691 1909 414
3965 282 981
2001 8967 996
7966 667 662
5769 2242 941
8735 2094 156
7961 8170 575
6656 6771 314
3564 5609 201
7235 173 140
6435 4850 752
1469 6359 650
5361 7294 430
88 622 460
9130 7365 719
8657 5886 208
8438 483 356
2705 6722 297
2361 6568 548
6037 6208 91
5837 4959 752
4215 330 729
6878 7871 925
2769 8120 364
6378 3644 595
5489 4989 823
5747 3107 674
8597 9069 727
6184 3507 323
3357 1850 792
1649 2904 3
5768 1009 380
695 6331 733
6898 7296 851
9544 1358 460
4521 6551 86
9828 6588 238
69 9460 858
4383 8465 155
198 9381 33
3969 6300 691
540 1247 245
3423 5446 281
2470 7725 609
2123 2146 148
5398 1188 170
3894 34 289
205 5484 620
9890 8060 59
6070 2345 289
1937 3185 419
5354 2273 74
3083 1168 238
7241 2227 800
2846 9047 165
7348 7262 673
9493 5842 332
1280 5414 292
1217 3377 369
8360 5979 30
9637 8719 910
2022 1519 115
8347 7275 537
4795 9715 794
3046 6825 134
1610 6467 993
3854 4947 272
986 6143 808
8203 9993 180
759 9025 315
2441 3905 856
3889 550 28
8836 669 891
7573 4512 650
9543 3817 709
1036 2344 486
9748 6374 912
4591 4800 650
3036 6681 663
7551 9205 43
5648 5345 646
9405 694 712
4919 4210 676
3566 1412 353
3362 469 834
6095 3615 791
1914 9757 623
9004 7314 607
1977 6949 347
7190 1612 591
8281 9517 301
3576 9441 750
722 4949 895
708 6287 233
9382 6789 263
9338 5110 284
9496 4372 230
8493 3476 628
7539 283 219
4286 3209 117
2775 6643 801
3057 2293 361
921 7264 855
3863 1647 771
5934 5042 643
9949 4394 285
9714 5173 240
410 2088 998
702 7803 464
2921 2320 185
9101 4843 323
5000 4297 548
7262 3745 35
6531 3765 923
6000 7739 649
7092 3372 840
9946 7023 943
9306 720 600
8273 9566 661
7035 3640 881
4893 7217 255
5785 3577 953
839 4086 653
5234 6848 441
9075 4268 127
6460 954 583
2353 1184 405
2699 638 836
4690 1584 400
9422 7114 769
9768 6687 330
1649 7595 109
2707 4339 641
8932 8635 831
3467 6426 618
7874 5424 395
491 5415 930
5444 5552 210
4088 9064 753
9403 8041 101
9633 8770 749
2532 8345 97
6758 4716 45
5215 21 932
8624 8485 359
4219 2818 704
252 4224 249
2736 6078 275
9552 1766 404
9965 5977 596
7057 439 407
5722 2266 765
6424 381 850
7498 9545 454
3857 755 217
9002 8559 156
7756 3195 913
3401 875 165
2189 1745 952
3216 7574 94
9295 9395 211
5345 5429 678
4924 1111 625
3816 2739 379
1777 7630 903
4201 8885 873
8534 4047 668
657 4607 884
2602 3570 73
9879 8166 857
5254 4734 966
3847 1271 124
6056 5877 288
7583 9695 673
3145 4286 926
5892 9939 257
4578 6584 296
2173 5036 228
6251 6258 97
1855 7745 467
5626 3395 907
6769 2617 9
1361 2168 111
1916 5897 227
4162 8010 513
72 9931 682
6706 278 468
4825 5100 370
6942 1670 490
5609 8567 256
6216 8200 957
2440 2012 567
9047 5018 112
3406 4624 327
145 2521 98
354 6119 745
7851 5058 649
4060 1955 577
3668 7846 646
6787 1445 768
5409 962 453
4519 9545 285
6429 623 287
5187 1256 439
9203 721 525
7780 5293 17
8653 3946 234
5617 6283 785
7342 1397 657
3868 1920 680
3865 2069 212
2239 2219 250
6677 4215 618
4780 439 606
4204 1016 193
3587 9427 748
6116 6392 679
4747 2985 305
3924 218 448
3176 1637 759
1687 4421 74
3390 7476 639
5022 6880 801
6676 7938 636
647 1314 804
3555 9177 181
4019 8608 293
7682 5210 228
2801 7813 96
9515 499 704
762 2457 41
4796 8941 112
8758 8304 573
4753 9391 153
5680 2018 802
1681 5123 502
7089 3116 73
5251 4665 869
4301 6292 282
1758 6374 403
1882 5018 682
1391 1460 169
4459 2998 654
1060 9144 424
2128 2607 259
4004 8027 467
7608 4227 260
7288 7550 354
7953 1504 92
2911 814 44
6550 4275 613
1279 1747 840
4020 1005 560
432 9526 827
4337 8252 395
2387 4730 444
5471 5901 748
5086 5121 841
5646 9492 887
3846 5665 959
1945 7993 224
9241 9955 810
7747 9842 835
4793 9465 695
4139 6366 78
9001 2644 616
1746 4368 647
4414 4465 615
5495 4186 923
8826 831 814
128 1358 917
4524 2178 625
1142 6257 436
9282 4118 29
6448 2562 627
9252 3534 304
6503 7553 753
1413 4706 829
209 3123 405
1738 1622 389
4846 8811 130
1489 9381 569
2893 1215 599
9085 9666 929
3881 2719 518
9265 5550 623
7033 7552 253
2896 2862 576
8731 8710 676
9353 8681 57
209 3005 845
4309 9589 759
6156 4583 52
1003 4030 150
7008 4335 322
631 1330 783
1036 1642 246
6598 3223 140
7907 1613 257
1420 2195 398
8911 8594 307
148 8778 126
786 594 778
9471 9875 616
4314 8519 992
3427 3906 215
9545 560 655
9449 3039 685
6670 4967 569
1869 7444 348
1345 257 825
2449 3018 958
3596 3069 101
5620 5207 283
8674 7962 585
6306 3708 444
641 1557 602
9164 7829 465
9246 2866 986
871 1061 545
5449 4491 719
2939 3430 132
680 2322 80
7311 6942 37
2876 120 606
1632 7725 855
3781 9421 985
4547 3292 722
3947 4079 444
1193 8333 60
263 6389 22
5033 9162 473
126 6183 171
7609 8336 578
9007 1834 88
3862 4420 87
6552 5077 333
7003 3158 444
3596 6391 215
1007 4677 563
1423 9454 313
9072 3610 168
5009 3070 710
9335 9444 447
8875 9831 541
8760 8717 304
4316 1115 977
6732 9470 138
3994 4841 850
939 4199 416
9428 7562 549
3167 7893 821
5498 5014 379
9214 4156 191
4124 6842 762
7881 6168 198
6039 1201 637
9317 4565 587
7268 7400 644
1848 7206 809
5476 3238 171
3065 6677 929
7460 1711 983
2577 803 673
2843 5461 4
4007 6471 614
9048 5981 195
6025 7781 618
9728 4868 472
9305 5091 787
9358 7979 77
7698 7318 841
668 626 83
984 9570 693
2879 4024 505
6194 2356 444
4623 9449 677
4764 4523 748
2272 6647 69
1097 6597 305
5996 7433 145
2914 2929 710
1730 7357 894
210 3499 314
6365 9382 627
6322 3700 257
3307 6326 568
4514 8722 414
2141 2765 436
8932 7512 276
5973 9663 505
9572 8672 177
353 6614 976
2694 3245 87
6474 6121 981
6651 8453 658
54 8591 697
1986 7767 343
7974 3455 257
49 784 451
8704 3104 214
5946 548 254
7592 9845 138
3547 9997 685
140 3130 344
3462 2692 663
1159 401 152
5619 4978 682
5783 7081 394
5485 2619 372
6790 772 498
6024 3420 427
3188 5460 364
4589 5709 418
6773 5844 303
6542 5923 91
7010 4075 361
3359 7879 48
6103 1005 658
4357 7493 504
9680 3725 748
6163 2557 372
4703 3157 511
8881 8220 170
7938 565 261
8364 9198 208
4880 9507 107
9618 3183 27
4981 1862 916
6458 8393 223
6716 5743 873
6038 2867 960
8406 7502 496
1682 7229 810
2204 6229 831
7094 861 840
3995 5303 768
358 4843 894
4983 4061 347
1929 2012 181
1149 998 686
2101 6059 179
7144 300 224
159 7986 395
4060 9237 335
7067 734 891
7608 9181 672
408 9356 889
6690 272 126
1129 4715 599
876 2673 344
7924 8138 649
6675 3461 695
7936 1078 549
2864 6105 811
3478 4049 306
5167 390 840
482 1842 321
1433 3423 145
5355 8161 150
8922 2990 524
8332 8826 883
2086 742 928
1281 918 949
194 5418 439
1025 1701 708
2075 2839 842
5360 372 187
7868 9805 102
6334 3333 579
1826 1474 71
2225 4048 117
5252 7996 770
1720 1183 574
3448 3801 205
2338 5875 199
9836 7287 244
529 2428 380
865 4416 851
8900 7349 696
5924 715 658
7328 8825 567
3700 2189 852
5227 5119 614
1895 1244 342
3117 9164 424
8905 9969 505
7162 551 274
6243 9582 245
9823 2704 73
9040 8372 207
2466 8943 830
4771 3069 587
7101 6701 514
6399 9519 93
1013 9414 298
3442 4885 316
2485 8237 899
3118 5184 709
5444 2099 731
8693 6841 592
5401 7459 528
8754 483 710
8124 3256 697
6806 8699 673
2729 4242 939
8094 2150 862
3899 8162 273
7284 8544 306
8117 3721 200
2950 6429 359
4860 9220 710
7758 3508 856
5679 1713 575
3949 6419 848
9265 3882 886
797 5592 528
7105 1790 680
2762 2852 371
1761 3954 670
2637 23 574
6842 3440 170
9453 2956 95
4659 4124 432
8498 8016 41
8048 4725 403
4031 1986 126
1136 459 463
2018 212 539
4063 5207 407
1510 4465 175
2042 8377 285
7476 7796 16
5162 1012 667
8789 8353 848
9269 2619 381
6862 5033 219
3147 8806 923
8043 300 475
7150 4958 702
7021 3630 143
8050 2828 919
986 8558 9
762 6733 278
9784 2698 131
8423 1310 361
1192 626 274
1920 6568 288
9368 8162 332
6847 5158 146
6228 3464 552
3735 7505 355
5915 3027 352
7450 8296 401
3151 1277 967
3437 1897 897
8846 372 691
5485 2811 805
2499 1413 34
3071 4396 843
8272 7373 42
2256 3781 615
5110 4585 636
9133 6249 897
105 8280 342
9421 1934 828
898 3291 83
7630 2891 167
9808 9981 874
8566 5985 246
3928 4479 438
2080 3 852
6980 4746 706
7692 1396 266
216 2351 679
4239 953 975
9219 347 396
8611 3428 643
596 2615 947
2782 5347 258
9783 9998 805
4018 9733 957
6834 2316 999
4292 14 58
8059 764 814
1420 4437 799
5201 6523 615
1834 3068 801
2729 7792 852
2258 6875 428
3847 2137 937
1744 7127 59
3616 9031 843
3410 8728 504
8589 7564 90
8281 2249 574
3971 3572 273
6209 6629 946
1563 2149 894
5123 6046 37
6217 2900 976
7480 1624 148
2811 5505 867
7596 1547 709
348 5809 880
8411 6721 114
2603 4278 634
7612 8385 256
6185 5838 726
8781 4094 67
8043 5367 144
969 1750 400
8269 5545 120
7956 7075 788
6876 1649 29
8600 2815 418
7542 6666 401
4644 7338 15
8293 8641 595
643 6661 70
6115 5227 422
822 8350 230
3992 7716 632
518 2165 529
938 3013 851
7159 9605 99
5556 2988 488
732 8781 314
8222 6022 296
4770 658 850
6305 7976 822
8483 7201 273
3799 373 267
3170 3880 936
3130 5773 586
4379 6893 487
617 3996 536
9034 5957 168
8182 2635 292
5615 3878 570
3350 9389 23
5120 5628 428
4321 4028 851
2398 6318 422
3292 2720 673
8644 9862 791
8229 5437 155
9117 2200 553
2447 9962 647
1764 2195 752
3081 4290 626
1291 4622 809
7504 9010 663
5932 5584 442
2700 926 792
4720 9760 644
3208 5165 781
6803 5037 23
7654 9330 935
5749 407 831
9197 2616 737
9630 3737 193
2929 1070 240
2681 3882 227
5684 3757 954
9297 5981 546
8896 6818 720
1180 6865 826
8449 5710 284
2915 2333 213
1343 2502 732
4147 1326 751
1128 8271 438
4808 135 357
5450 1260 301
9953 1634 799
4458 5662 898
9638 7038 659
7696 7990 326
7286 1188 386
3410 8004 406
6475 394 891
8548 7774 842
3400 7238 461
2078 2080 46
4802 9517 142
1415 1241 179
3107 7628 286
2569 7215 642
4894 8935 18
4280 3169 408
7611 5216 328
5901 7414 382
4050 3047 130
1154 7535 654
1816 6950 880
8492 517 874
3228 543 846
2420 2583 387
8479 8452 532
297 8098 617
972 2982 441
1831 9775 844
8501 1320 869
4817 7943 619
180 5685 870
3521 4113 905
6495 5565 673
3739 8035 998
8035 5556 781
4843 6547 142
5419 7720 482
5872 3851 238
1806 9831 517
5045 5458 660
6434 7736 31
9228 9595 18
1456 3284 372
7679 5003 295
7511 1807 626
6063 1272 617
8007 1628 208
5148 2768 869
6789 5426 228
752 8863 59
3723 6717 201
4673 3557 846
9705 696 373
6248 3735 250
8394 6085 716
70 4689 428
7843 5234 60
9404 84 798
42 5065 920
719 6030 189
2743 7049 538
4342 7612 98
2931 3935 668
1062 9170 879
4182 1037 156
373 99 44
3418 6351 81
7825 1942 195
8273 513 20
6818 7625 483
4050 5452 523
87 6318 856
474 6717 272
2196 7822 595
5342 8054 142
709 7246 321
4610 7933 846
1325 616 449
4383 8805 911
8508 8584 939
1773 3534 183
79 189 131
9684 736 357
3218 4057 196
302 9265 442
7439 4902 676
5915 4244 828
3773 699 941
6526 4429 770
7218 1202 804
5091 2950 390
9522 6335 628
8431 2637 815
5787 4012 761
7784 4594 844
6170 9195 546
711 4324 30
9339 5929 671
94 3470 371
191 2102 492
8004 4629 305
4730 9850 166
951 1794 359
4069 7623 60
2034 5436 135
2580 2209 473
8761 3215 771
852 2692 618
6800 4769 207
3475 9804 15
4124 5236 39
6962 5244 167
3427 1039 507
6065 7246 459
6490 3107 680
8647 2523 419
6690 5333 477
9161 3910 223
5590 5771 184
3758 2598 978
7078 8670 363
5156 1308 974
7413 3628 360
5230 5898 812
4602 3560 412
3824 5049 102
940 1343 411
5980 571 927
6739 3619 968
2528 4360 842
7250 3739 749
285 9923 377
6660 1157 242
5592 602 472
950 4292 737
911 6002 246
7009 7178 617
6832 9541 254
8676 2874 200
2096 4172 317
2663 9622 211
6624 5628 164
8077 4783 453
1040 5446 534
191 1317 544
4249 4481 858
4832 1324 159
2868 1127 480
9403 2921 12
5190 223 542
1256 8058 272
9513 9125 731
5317 5598 939
3275 5897 220
439 926 482
1561 5088 697
1672 2323 327
6069 3162 759
2065 5533 531
1329 9259 331
1423 8051 374
2145 3035 160
3240 6460 245
5182 1198 787
9969 361 97
4950 2226 89
6334 3545 829
5603 7562 894
470 8530 165
3520 2446 371
9016 8030 537
2716 7001 850
8263 9664 533
7570 5714 745
5364 8202 731
3986 5404 459
2173 6272 237
5648 5590 94
7856 3449 206
3548 5205 190
698 7407 953
2341 5921 820
1276 9464 785
9537 2127 74
5889 4068 507
3777 3454 864
7962 6776 50
1856 5662 977
9190 6375 81
4887 9916 421
3389 6944 994
3552 5417 156
7149 1288 726
5925 5746 27
3808 4911 541
4311 429 147
7202 1681 140
6873 3314 397
1540 3948 745
6948 8835 982
7624 2618 977
4683 5781 889
157 9054 429
2816 8072 7
9370 815 321
2431 2977 419
3236 9471 550
2471 7487 100
9969 6596 852
236 705 54
3265 9299 409
3025 1409 516
9100 4040 237
2442 8342 695
3938 6679 612
6006 1715 347
6967 2858 657
8083 618 995
8140 4881 838
9081 1656 970
4203 6860 111
6051 2349 814
4011 3472 133
8024 2949 404
5395 3565 246
1931 6467 459
2908 1110 810
4447 357 558
4922 5712 610
2662 851 213
8249 2654 87
1416 8132 621
1470 4435 645
144 5745 173
5794 3937 520
9182 7502 168
4191 5632 860
8997 166 123
7940 8929 84
8186 6766 316
2316 6983 623
3415 1730 168
370 6256 789
1974 5637 885
4206 9543 872
7110 6729 758
5264 6721 828
4291 3340 854
3759 6710 836
2411 344 366
4378 2315 808
9144 2222 525
6614 2898 721
4161 8079 703
401 1043 967
3572 2948 713
5378 2572 722
3939 7789 609
2433 6799 881
6351 7571 631
1774 1757 50
1299 5637 503
6958 8051 345
2560 3151 147
3129 8031 676
4938 6498 222
4694 5836 450
5925 9405 515
3193 9159 354
2367 2617 17
4076 2624 554
5657 3329 172
1368 7486 951
6289 140 202
5865 8721 708
1454 5042 802
6068 2331 563
2349 1188 199
7664 7062 789
1905 1202 894
5703 2346 179
8538 1218 331
840 2542 814
6924 2945 563
5867 4665 181
8080 2223 344
7326 8482 467
3431 5271 556
7167 4840 1000
2207 2783 934
8139 7285 792
4666 9201 758
4541 4502 95
685 2165 461
2299 8835 92
8944 1391 113
388 1151 859
1273 9221 93
1468 4930 350
1500 3752 772
6238 1155 680
6377 4531 184
9473 8179 955
2037 508 465
3682 8351 850
7430 3565 280
7987 5126 129
1031 897 358
1622 4108 336
5635 6587 931
6552 1424 832
9871 1600 294
6062 2751 130
8194 662 598
8062 5506 139
3928 1802 367
8478 5867 222
7143 1513 40
955 3884 48
2582 6463 35
3577 1283 573
1581 4977 224
6637 8492 830
7122 9957 490
1080 3268 508
2954 1578 523
9177 5345 963
3421 9409 275
505 5706 108
5754 338 794
6360 2224 984
6013 5373 320
1072 729 410
951 7737 472
4775 9268 217
9939 8017 441
4577 5214 864
5569 9062 728
5547 3689 866
3354 1067 366
5990 4420 511
8676 1548 943
7769 813 979
3953 6797 699
9661 1851 379
3341 6720 86
8708 9192 954
4760 6339 246
8629 5010 722
2868 8446 367
5386 6837 854
1573 1198 553
7462 1496 82
9121 1988 287
3361 4914 168
5391 6231 274
2546 2758 436
742 5057 802
4935 7992 908
7113 7794 96
102 9619 502
1174 1960 106
9248 9998 715
3860 6010 762
180 7363 485
6802 6168 867
3698 8326 463
2289 7718 78
1956 4660 59
5437 7567 745
9132 8975 760
8806 4095 701
4645 6703 702
121 8228 206
6490 2086 697
700 2546 643
8847 984 83
186 6519 444
3449 4834 443
232 126 535
2895 5464 964
5223 7446 321
4044 3144 520
6987 6629 179
6910 4862 518
7922 3147 544
5111 7037 94
9888 4120 268
4757 4742 584
395 7497 595
1899 3490 100
3774 2296 606
3805 4427 438
4130 8746 78
8847 3068 323
4938 875 645
9919 4424 825
1381 747 902
7171 8404 892
1434 7785 462
2488 9117 609
5556 6202 348
7031 3749 884
8390 5674 100
5326 63 672
4223 3749 89
5162 6605 892
2690 6499 90
5367 4861 869
3580 8857 791
7134 529 350
43 5867 189
3172 1028 423
4428 7421 174
7340 9270 421
4163 3526 999
1651 3719 869
4011 5563 999
1573 5784 332
5522 2112 508
5974 2340 433
3127 3275 860
2028 2099 724
1446 541 120
9832 7693 564
4559 2757 392
4458 8511 122
8981 1906 825
6066 5038 857
4975 4002 921
7081 4046 194
4694 4035 989
8666 1798 860
7137 1831 181
141 5890 986
4465 9488 21
4199 5936 775
7771 3690 93
3921 9492 60
7952 3032 985
5923 3296 378
7991 303 804
3883 7062 317
413 8875 58
7791 5649 286
2380 2621 360
6736 4277 199
629 4159 518
1189 8126 184
1656 8903 718
1415 5628 971
941 8400 161
9835 43 430
1501 8964 119
9987 7437 65
2948 7201 650
7303 4046 504
8227 8023 528
1668 1057 877
2085 6901 53
3917 2866 227
6528 1276 472
4031 1722 746
9473 2663 652
8939 4914 225
6584 3387 692
459 1555 404
1091 8044 190
5874 9449 430
7431 7055 430
9157 6314 335
9064 4581 15
3174 4832 360
2041 9320 763
5871 3572 255
8824 8097 878
9691 5773 300
2730 9673 486
3746 3254 794
4233 1238 134
475 6784 388
9404 5295 125
7619 6620 602
9927 5300 740
111 7526 711
9118 6212 195
6969 4909 946
4970 3723 497
4788 1647 417
9172 8681 322
5002 7559 386
7414 5377 988
663 1575 304
2218 1700 582
9109 6192 932
5644 3179 764
1683 8330 808
7680 4624 267
7908 667 279
7983 1569 466
5631 9546 929
4311 3938 432
2659 6310 948
1886 36 235
7200 1566 997
918 7947 879
3958 8105 948
8453 7857 49
6774 6826 468
8153 282 490
2054 7970 752
2748 6184 183
2142 7694 318
5819 3622 874
2588 8472 383
6132 4090 890
7286 7514 843
3786 8093 60
931 9003 404
1479 1108 179
8886 2912 234
9016 9646 172
8334 9263 204
5499 8555 327
3831 1791 634
1639 2845 862
9233 3677 36
4702 7779 479
4175 7231 741
1380 5063 163
6485 544 363
4772 8808 699
790 6709 263
2318 2146 585
2982 3369 520
4030 8779 113
2020 9324 426
3844 467 514
2119 676 955
9614 6732 461
4709 4136 701
4136 9600 854
2792 3229 973
8179 2900 516
9250 8024 755
52 9321 946
1779 6184 893
7115 50 135
9002 6830 25
9405 3769 372
7634 8466 63
7926 3308 356
7388 7229 390
2332 8832 486
4438 8918 977
5107 9525 904
6667 8240 227
484 9700 553
7707 6583 404
5046 7985 561
4995 1646 460
6125 6494 249
1546 3910 889
2320 9671 511
1539 408 328
1538 9037 704
6339 7799 819
7003 7980 310
2319 1455 103
8395 7157 722
9333 6590 659
196 319 61
6539 5166 908
5450 4956 469
6531 2560 422
9572 8810 447
3945 3848 354
9627 7908 790
8941 7057 608
1024 542 150
3691 6291 14
508 9532 851
9299 4738 464
6307 7886 559
5525 7390 137
7460 2525 481
3503 3843 145
6030 6664 645
7520 7614 479
4998 7091 227
7415 8012 61
4741 2809 844
8234 9544 193
9224 2693 269
9347 9270 599
6829 241 638
1747 7255 529
4743 3966 933
6157 2937 552
5152 8779 983
5818 4095 973
4351 9059 981
4256 3607 98
2356 5278 500
1399 5721 572
3743 1736 783
2129 5468 475
8067 5488 287
6789 3599 406
9969 9970 881
9613 2378 524
1593 2326 727
2058 4951 610
7800 5240 216
9867 8202 323
6026 6939 764
1946 9777 558
7503 7362 794
7088 8586 552
5166 5583 942
6094 6931 940
8707 7101 515
6758 3426 907
9234 9661 210
1121 3673 985
1261 5264 209
8987 1235 333
3490 5852 440
1830 1310 451
6860 2283 453
69 398 399
3507 1471 505
7797 3172 707
3614 9965 750
2211 9817 579
6298 5127 995
7166 4574 867
5772 2519 630
2482 7405 524
4440 7930 452
6426 5984 721
4594 3185 580
3630 6768 80
8194 5105 804
3088 6267 139
849 5039 736
6609 7798 692
7684 9225 973
9117 5550 271
8981 1081 651
1098 9589 55
5043 3513 94
4104 5208 582
7622 7154 482
1911 3508 677
7396 5267 265
2927 3645 35
574 7536 560
2218 8993 463
8175 5394 428
7426 7296 722
7733 570 141
647 2845 187
8091 90 268
8571 2573 405
830 1073 828
2599 9992 92
2741 2688 835
1267 9647 768
1674 4508 382
1526 1599 260
8770 8502 388
8893 1119 395
2758 5560 885
1004 4760 4
4750 3454 708
197 8826 534
9982 7284 623
2979 987 724
5191 8294 179
6357 9811 122
879 1557 260
5789 3919 949
3509 4868 618
9467 6149 541
1157 5621 801
2957 9797 811
2613 2692 235
9374 6548 730
9015 3188 632
5705 6643 622
3266 7191 606
427 2146 742
9504 7237 562
2930 3357 884
1893 9224 427
4119 6988 380
6497 165 661
1794 7828 25
9383 5386 883
8837 6391 165
8543 6559 55
4156 7774 846
8761 4665 881
5954 6262 521
1992 6754 621
1845 710 117
5512 6270 307
5419 1540 893
6546 966 58
6443 8860 924
3572 8437 157
7426 2904 900
791 7899 645
6355 6747 412
7670 5350 143
5201 5408 399
3268 5813 477
4978 6322 948
9067 6654 137
4290 5760 388
9009 9951 872
3517 254 475
1835 7480 198
6947 5583 698
4497 8405 366
3365 3775 738
2593 9944 606
5922 7645 145
6178 1551 141
1439 6203 909
2420 3022 871
1643 353 572
4161 4206 171
306 3347 601
6427 4403 447
1902 5793 319
7540 552 472
1046 5709 124
7503 8764 777
222 7938 662
693 1796 949
4771 6503 990
9617 4029 380
3932 9939 335
3311 3298 542
5071 7445 199
8142 498 223
8473 4747 653
8085 9402 688
6469 6305 622
6259 5490 750
3142 1766 374
9534 7058 454
1996 3115 217
1254 9013 284
3332 939 27
7280 2167 468
6610 447 822
6476 9762 905
2839 7927 682
1962 170 958
8680 114 105
3445 953 663
2950 2006 696
1615 6459 839
5738 185 13
6341 7205 585
2421 3250 21
6342 7975 786
6592 8616 475
2666 9007 628
2934 2601 918
5830 9350 117
4014 6949 36
8958 6885 45
7652 183 672
564 8693 976
9086 2853 43
7393 226 327
4580 7113 398
3849 5427 316
6152 8220 284
9771 4884 638
3177 2854 954
5025 4836 854
5460 4735 821
9645 728 282
2066 4054 733
6570 2997 444
8014 4162 619
9314 7686 264
3368 4246 224
7705 630 155
5330 4177 863
1055 2062 489
2494 2674 975
6987 9844 443
2219 592 747
8693 6266 716
8916 5305 123
1224 9370 140
9028 8334 578
9178 5832 580
7553 6937 816
5916 1438 147
2188 6007 572
7578 4607 449
7718 5057 826
8546 6873 726
8937 9218 17
7423 6229 608
747 6845 847
6593 3477 70
4992 7514 207
2042 521 176
2035 3015 135
1987 2204 681
2384 3501 696
7176 616 161
3956 1747 626
4895 8498 263
9652 8364 817
3586 6139 979
6284 6399 230
340 2640 934
2091 8144 306
3055 3225 587
1806 3478 581
6275 9354 896
3703 8072 238
3032 235 791
5810 5481 416
2785 1360 751
4038 3390 165
7005 1276 112
5648 1854 974
6648 3097 601
2415 5200 451
8772 7424 889
5617 8083 446
266 5249 578
6110 1893 715
4226 1038 196
4618 6106 819
2735 6562 678
4999 77 891
1287 881 377
1041 1946 36
5928 6791 37
6825 3269 788
27 9456 957
5411 1993 207
8095 3375 96
3076 2366 221
2423 2054 476
7641 3182 999
5899 3150 793
7501 5621 496
8000 4395 836
2986 6982 140
8516 3130 524
8578 4998 282
4094 2154 523
2752 2817 457
1540 1470 107
3255 7317 936
1125 9223 858
6746 2284 152
2200 3770 532
2979 1131 332
702 6949 878
6832 7845 661
3290 9147 894
7497 9626 534
400 1935 566
8891 6531 41
547 8917 671
5126 9783 754
9970 2504 921
4221 4842 404
4674 8670 403
8666 4812 76
2047 6567 212
4381 3631 530
4387 8765 621
2570 3711 970
5003 1089 815
7419 3816 900
4409 4177 695
1900 7976 614
4728 7928 57
4448 3397 52
3306 7468 374
1238 5193 466
7319 8423 948
5613 9675 46
5763 3083 521
1265 3940 518
7606 8643 101
1561 5760 580
7787 8107 247
1404 6478 471
2379 7511 332
9819 429 24
21 930 99
4686 5142 43
7630 2314 747
5628 8748 175
5456 1293 626
7727 7024 264
1234 442 809
9716 3050 152
3606 1339 648
3907 385 58
3287 4628 667
1693 297 369
4158 3294 56
8923 469 141
463 5137 478
6138 9369 541
7978 273 830
9612 6307 646
8230 1479 553
6987 5301 41
4431 645 648
7233 6079 762
5380 7476 205
2996 4555 651
116 9005 982
8696 7420 533
3182 4754 836
5896 3523 137
1284 8718 861
1425 8526 762
356 9031 677
9513 8154 102
8665 7144 577
1183 6827 923
1011 5155 413
2212 5481 223
894 7722 778
1341 4277 168
7304 8200 3
4034 4351 108
2249 9267 223
500 1297 409
7386 7951 350
847 3942 495
7349 1836 177
3132 9046 800
8762 6950 437
2427 5397 854
8470 5740 512
6380 9223 436
4483 6638 859
1053 6023 405
1265 1871 959
3802 8257 625
4683 941 168
4850 4763 139
9946 1278 838
5837 1402 492
5547 9074 195
1862 5626 555
4865 3553 213
9529 6179 240
5579 1134 914
6657 6592 331
861 3511 868
6209 3687 200
7814 1716 852
2596 5740 923
7154 532 404
8814 830 558
5359 6983 237
7640 6102 589
1132 9944 529
1184 6778 692
5126 416 732
6958 9797 597
8119 4664 658
178 9460 463
377 4274 150
2090 8690 641
9111 1746 960
9122 3921 283
9942 7838 286
7534 942 871
2516 3304 783
4496 510 498
8221 1548 850
287 290 109
2166 2898 30
2599 510 57
1940 1163 615
1963 4037 722
7476 1038 254
9202 1440 791
8847 4944 796
1892 1969 926
5066 2553 957
7986 596 6
8584 642 300
9199 8780 874
5841 6969 953
8291 9145 462
4565 1848 889
9735 7042 749
478 3793 419
6723 1007 74
7120 1096 739
5850 1159 68
103 8470 637
9017 8807 35
60 2816 70
5349 4604 908
1447 5920 221
6447 6350 300
912 4180 107
2843 1009 426
2118 575 105
3080 6355 962
6823 2642 86
9816 4600 89
8545 5462 554
2417 3237 499
7910 5748 199
4343 117 534
9791 2533 67
5118 1004 94
8337 3072 594
7225 2616 335
7124 4145 340
5031 5143 454
3567 8897 196
2950 3361 742
5425 8924 816
6146 6142 833
8925 7155 448
7330 1624 200
2547 1417 754
3641 5779 473
7122 6160 190
7816 6755 215
551 7670 129
9832 8744 115
4361 9826 910
9453 1645 355
5691 577 632
7848 4763 628
3432 2969 645
5167 4952 688
8070 7067 154
2887 2455 298
6315 538 756
6067 9944 312
7401 8022 623
6239 6188 830
4464 7205 779
2658 1153 919
7407 69 389
4880 1508 85
6602 1495 999
1616 1701 150
6250 7101 154
442 126 642
2340 2043 132
4225 9679 361
1432 3485 923
9096 7304 769
2855 3235 131
1819 2278 963
6530 6502 817
6065 6296 366
8701 7845 695
6471 1575 547
1640 4298 474
9245 1940 871
124 5967 847
3644 3656 762
8250 2238 941
8435 6989 256
2424 10 45
1618 6520 215
2400 6306 485
2361 1202 514
5247 6340 670
7894 385 153
8247 7891 338
4549 4940 871
7291 6692 551
5892 6562 142
7442 1312 525
8430 3788 735
9383 6456 878
8672 4541 531
9168 4857 100
2589 4006 207
8455 553 39
3750 4885 143
1080 3626 632
3668 5520 196
4232 5408 26
7843 991 824
8864 5901 72
2754 7234 965
502 6188 942
1232 2760 578
8935 3149 20
2528 3845 315
6418 7915 547
8847 8885 744
2628 5776 220
2765 2468 592
2926 9362 109
3392 7187 661
5367 2362 474
232 1552 143
2690 5617 514
6788 4274 401
1797 7024 178
2953 239 642
5730 2539 240
8245 6414 254
6509 7559 92
7283 9393 909
463 5956 375
1249 9778 716
6388 2501 617
6409 781 574
9504 572 506
5044 260 153
8902 5876 463
7857 7149 600
3770 2356 178
9896 6059 851
1572 8749 519
7544 4304 30
4088 5622 200
8032 9194 785
606 2979 147
9565 7552 303
827 1548 419
9406 472 764
3608 9992 120
4511 3744 382
2974 6552 378
7672 1893 182
6840 6505 316
5036 8317 196
5685 3371 106
7930 5334 921
333 5394 631
5908 8341 456
8772 8975 552
16 528 362
3167 7529 434
2586 648 661
9089 3671 1
7552 3526 383
8969 9738 127
6256 3566 300
2519 8378 692
583 1306 565
6080 5697 535
924 5907 955
1214 6142 438
4133 5626 881
9523 1911 850
7012 1779 951
8417 2143 674
8868 4260 500
4979 914 513
8966 3539 395
7799 1832 87
4757 501 582
1695 3598 86
3211 2418 954
7765 2515 388
6148 6782 853
4522 4284 639
4170 9619 311
7193 626 676
6685 2111 750
4212 8773 358
9713 8351 797
3819 8335 484
5543 9829 866
2294 1514 795
1966 3910 447
6537 5842 861
4240 5867 932
9166 7106 356
8147 8014 6
9941 4314 117
9300 4343 529
4910 3008 479
2864 9133 580
2759 6370 796
9448 4952 918
2065 3896 354
788 6614 714
772 8449 346
6401 3702 743
1523 3619 245
3494 8303 586
3191 9633 380
143 2894 337
644 13 305
7381 9355 932
4198 3780 448
8775 8278 223
1327 6331 87
9274 8742 271
8201 9851 178
6600 5277 813
5537 9469 968
1287 3288 310
4620 199 782
4562 5871 916
5826 9350 701
6038 8611 964
391 5640 578
9753 7613 487
5833 4758 295
9174 4320 989
7822 7879 793
1947 1176 205
7097 8438 877
766 8731 791
3606 7439 235
164 1372 657
4288 8005 16
6843 4678 361
1538 4901 62
4976 2812 447
433 8892 517
3553 3256 419
9849 8819 913
7392 5095 570
9461 5802 646
2765 9089 898
9010 9770 974
3518 2282 309
3774 9762 132
2248 2059 469
1118 3816 59
9356 1087 624
4840 9981 595
3153 4160 441
2831 828 35
9426 1768 87
5613 1773 951
6610 9707 499
1335 5477 237
2389 9813 433
9884 1723 973
3717 37 729
6168 2875 484
7469 5430 247
2514 3129 259
3102 347 658
5562 2417 54
6615 7164 526
9024 4246 831
3897 4663 571
6473 7870 18
3231 708 597
4834 3438 390
6693 5314 898
5351 9453 848
6812 9167 124
2747 383 162
3102 4405 35
6670 5600 604
2027 8943 926
5993 64 918
4474 4986 793
9135 2196 214
5699 365 553
4973 3133 944
2493 4697 41
9035 3891 722
2675 4618 268
256 9243 881
5629 9144 595
7954 1687 289
2848 2075 369
8253 441 574
427 4346 437
3256 3130 944
6854 4855 337
90 3635 614
1402 5625 130
262 5972 131
2957 4764 181
5267 4159 920
2793 6528 32
1226 8434 966
5615 4565 351
5281 1291 162
3933 4593 546
4034 1702 267
8026 530 499
57 6824 111
9108 261 213
9896 1095 651
744 5096 187
8469 4172 396
6138 7949 553
6420 7702 698
3873 9315 317
6609 7244 992
3891 2866 721
6183 6227 170
3419 1454 514
9449 2449 931
3003 3436 610
2989 5134 812
9112 7864 440
5740 6815 471
9437 6454 509
3453 7239 853
5790 5178 533
5541 414 288
7753 4793 512
7704 9618 637
9003 6473 713
8595 589 633
7167 6815 503
9436 1449 331
3411 1038 872
6897 699 165
4513 9209 423
587 5514 609
5065 4066 112
5299 5088 414
4716 5125 125
4440 6642 422
1697 7305 761
2167 4954 349
6049 5520 676
3461 985 528
3497 8768 217
1370 7632 55
3317 8198 686
6180 7919 532
6067 279 655
2305 9944 833
2936 1776 179
9779 8651 517
7108 5881 537
8418 9684 909
3837 7039 685
9085 6293 414
824 672 805
5162 9963 794
3532 4613 125
7953 3227 22
3374 5676 948
8184 9483 458
2566 7381 386
6265 4343 490
2385 7874 295
7420 2352 300
9522 4254 14
5325 6540 875
9365 6998 307
1139 3936 303
5897 2531 444
9801 9212 851
7363 1873 230
2065 6370 156
7543 6217 746
4925 6106 112
3081 4333 896
3174 1482 612
7402 9392 700
6755 3360 748
2986 3637 706
4791 183 293
283 6669 361
5985 3034 697
7021 8282 64
1 4942 340
3172 1760 284
6195 735 838
2410 8261 28
3979 8585 773
3835 862 114
8141 3199 398
7302 495 642
6123 400 142
5979 68 290
3615 1563 800
5432 3328 702
6360 133 618
69 6357 248
5228 1104 45
2279 42 867
9769 7352 304
9138 8025 172
6464 317 722
6103 4627 161
9994 1548 685
9282 3026 51
7741 1573 916
3250 5874 303
7585 8600 365
2828 2542 113
491 9613 32
9832 2891 309
4542 5458 730
4375 4934 844
5442 6814 260
6718 1596 383
9238 3154 935
432 6960 573
6777 4977 436
2397 3836 234
1887 3279 807
6743 8812 234
2750 6202 223
1717 6479 689
2269 992 840
3302 9881 782
4801 341 797
3668 4325 481
4609 4083 160
9362 204 708
7350 6917 792
2981 8747 262
2320 8830 886
7012 8298 163
6070 7571 506
3180 5389 880
6086 4974 175
1635 6016 951
2238 9949 66
2414 6066 151
9861 6603 789
7033 4309 782
3050 6676 112
8297 494 921
9019 4469 743
3391 4156 464
5933 7050 162
86 144 281
5625 8372 639
1219 7909 216
1757 5737 821
3227 4106 258
9485 6573 416
3420 9857 976
1578 5142 24
2452 6810 732
7426 2095 909
9590 4408 782
4743 2613 675
7649 3539 967
8505 565 87
2076 2835 718
9715 2403 343
1922 6692 530
4606 7052 162
423 858 769
1792 7696 927
7755 4979 693
1692 41 599
1034 4115 347
6151 1527 981
6493 6719 26
3186 9758 37
6161 1573 875
5118 3572 375
9 9704 926
4700 1805 239
5963 4330 400
8556 5871 988
9669 6197 928
9301 2099 124
8016 4394 451
8939 692 564
8588 9302 429
751 9796 665
8819 2670 117
6220 341 367
9651 8261 701
803 3433 996
2598 8508 730
9633 2918 329
3643 8632 5
6095 1108 581
5328 241 400
1899 5248 126
3708 3702 745
3732 2060 590
8638 6373 424
4815 9267 561
8142 3729 899
4904 197 83
4967 4821 711
9895 4924 638
5774 9611 339
3608 6517 851
1588 1621 509
687 2851 423
3039 1390 945
6385 8891 327
4751 8935 854
6068 129 864
8757 8213 973
374 6466 183
5479 1742 694
5073 8683 888
7704 3580 665
8705 475 947
2283 7908 647
9678 3171 603
1515 1978 34
9716 2424 128
5978 7711 861
2542 5423 222
4988 4307 520
7304 7582 875
2623 2582 924
9087 5424 94
9332 1943 123
9455 5546 929
426 6458 401
2157 9784 926
217 7467 816
660 3803 562
7512 1139 84
7201 6744 736
1581 5162 237
3873 7227 504
262 6701 144
6324 6770 564
5909 3407 669
3633 7157 602
3132 5923 683
2321 5520 720
83 4522 820
330 4402 288
6117 6324 376
3894 9906 679
370 6476 696
1105 677 987
2695 8764 834
9489 3686 970
7662 1150 738
1262 7358 296
6139 818 217
4168 8252 926
4175 4839 765
1567 3386 634
3116 219 961
527 4991 984
7808 7506 576
9602 5221 456
3369 3418 429
73 8685 204
9409 1830 131
3308 9852 803
893 3780 45
7427 8464 517
6613 1690 982
4551 3766 179
5637 9769 416
5063 1470 689
8064 2220 58
1934 6044 585
599 2727 188
4066 9431 720
8089 5323 284
8629 3490 113
6519 3150 744
883 9696 912
5824 1406 573
6170 7190 32
4790 8050 718
4907 3463 692
2164 2261 222
7246 5882 437
9891 5573 36
1302 4110 318
4628 386 127
7933 7545 269
4695 8662 857
5443 4504 888
7224 8409 222
9967 7801 55
5117 8982 94
4807 412 427
558 995 779
7240 1918 951
9549 4482 244
4244 6415 475
7947 4366 858
699 3864 380
1264 6295 427
6979 1257 712
4662 9637 272
1384 883 673
6820 4007 391
1165 4676 273
6914 7237 281
6639 7575 151
4501 9947 65
9407 2656 640
4849 8517 810
7343 253 131
3040 3162 616
522 862 418
6834 9041 376
4074 2041 138
8643 9500 97
5180 3529 728
5207 3993 709
2914 7699 828
8454 1520 568
2847 6058 313
7229 8163 279
2224 6716 602
7179 3509 425
9518 3032 382
27 2521 577
2560 8910 95
7809 4926 89
6248 972 844
9017 5625 882
9278 6772 370
3008 181 510
6461 4338 16
4562 8316 139
8136 82 325
5446 3722 334
3828 9680 156
9659 1473 794
8497 4105 954
6478 5698 546
737 3299 258
1776 3707 966
7143 8390 413
516 9584 324
4202 6761 936
5008 1083 510
5050 4263 278
810 6360 21
4669 7202 3
3799 7265 542
4539 6135 163
5746 2198 616
3546 7516 959
8890 8364 349
2611 7179 90
9302 3072 273
5319 7609 853
4704 5680 497
3548 7827 985
7732 4141 132
1283 205 478
7352 3971 616
8021 6731 930
4525 7815 618
5168 5605 637
3006 7730 30
9720 6969 421
3204 6974 173
3642 6138 105
1783 4671 533
2925 1428 523
7406 6573 274
1797 5640 690
3059 5283 854
5125 335 549
564 2766 327
8023 836 196
8627 5426 5
5820 5018 280
6288 5076 249
4528 3625 668
6562 6636 236
3490 4009 500
7940 6118 51
113 8933 598
7478 907 16
4080 299 946
1107 9960 913
2626 4714 198
1476 7730 301
9487 1754 315
2570 2644 444
8340 1834 755
911 1553 208
8984 3126 684
733 6114 154
1696 7597 321
9182 372 784
8714 1069 138
7429 2637 975
7485 4210 12
1430 4048 450
7751 4461 673
3102 2985 135
4847 8972 93
6182 7950 42
1414 4005 261
2376 5660 696
1949 9030 447
4433 3263 379
3105 5758 182
6250 7465 57
305 2308 301
4929 1570 672
5566 5664 428
7997 1124 880
2192 3055 395
8859 8665 179
9666 2804 920
304 8191 406
3888 668 928
3052 8971 657
4578 8386 15
1600 2699 356
5776 9008 690
9582 1795 440
170 97 666
8641 9728 154
109 3581 376
5462 5566 75
2263 653 678
294 2506 324
2689 3527 483
1521 1844 300
4003 1576 792
6943 1898 791
363 844 892
5040 393 187
9678 7824 711
7009 7819 190
3071 1043 233
3863 1066 7
1743 6490 267
8828 6126 582
2690 8239 731
699 7787 926
1709 7455 138
1701 1688 854
4898 8813 980
8569 1176 128
2632 5440 274
4835 2437 402
1259 902 86
8495 9089 189
8500 888 596
6276 7903 843
6512 2072 543
4792 2903 821
5933 8074 543
1869 1185 973
8581 2903 633
1069 6396 255
2215 7764 173
9876 6920 528
9013 6789 941
8998 5981 765
174 8868 482
2854 4386 3
7355 9041 154
8759 195 281
5332 9342 412
578 1463 635
3697 2740 220
6992 2957 538
4535 9136 669
4244 4584 970
1739 8132 195
9959 2014 29
8557 2418 927
105 2135 295
8993 2454 479
3886 7674 641
107 5581 855
5499 5788 807
9079 5313 901
4929 9555 909
9873 5949 768
6357 6470 496
7722 4460 45
2796 5261 129
1146 8611 232
3570 8061 238
7219 9661 482
9677 1598 525
3357 3433 953
878 516 542
6780 5557 625
6566 8593 104
240 8814 937
9047 1381 426
7032 3563 904
4815 3044 373
3097 2780 310
1727 3769 854
2668 3793 727
1898 6176 583
2116 5258 821
1683 8424 505
5456 2387 454
1368 3559 474
9356 7926 855
6926 8635 564
2939 5158 789
4568 4005 663
3265 6406 783
4758 997 979
4383 5939 347
8088 7923 364
5939 7246 333
4275 4028 68
7232 2591 851
2099 9728 683
7778 6242 65
2097 3244 578
604 9807 407
9015 2597 550
5329 643 900
5129 6846 97
9470 3514 553
3425 6685 702
2276 4464 399
1445 1567 413
7958 3079 941
4649 233 351
9788 965 384
7896 4020 642
4888 1002 997
9202 5067 788
8851 5869 848
8757 4803 899
5719 1234 271
3507 8933 667
6714 308 783
8811 7420 421
8940 7638 570
6136 9167 267
7606 3088 918
546 9270 502
5150 5461 313
3427 6526 841
1295 5201 108
5871 6180 569
6669 7494 768
9656 7112 57
7771 9598 431
3998 4295 409
2888 5768 538
2499 4118 614
5171 9540 598
1073 8107 621
294 4016 368
587 6920 491
2001 2221 267
7760 7414 614
7640 1304 494
6420 9263 416
9894 2119 970
1771 5057 42
8153 8811 867
9583 709 461
8764 7665 924
1450 9488 573
2091 8304 799
7141 8017 560
468 8095 88
2615 196 398
1423 2183 501
8897 3755 214
1832 9897 279
4998 2632 405
8677 7336 113
7644 374 932
8521 9663 286
984 6421 326
9383 3373 121
7465 4416 621
7513 3931 98
1889 9048 409
7023 4695 571
7893 9188 764
1770 8864 56
4527 1212 376
3037 4717 598
807 9400 396
6401 8384 431
146 8106 542
890 4186 774
9414 247 864
8094 8383 32
9985 28 638
2044 3237 791
5094 5112 930
9339 1397 594
5045 8969 586
6803 8999 680
4024 3366 299
3121 1971 57
1032 7885 259
4499 1175 654
4663 3289 666
1566 5307 864
4568 7929 230
295 3363 871
7883 2809 48
3192 6070 802
8428 7120 831
5050 7889 764
1169 4475 382
1366 6996 888
3839 175 734
3419 3773 880
4883 8342 309
5669 6899 635
5061 1868 480
2576 2569 588
5774 9269 623
1120 7190 765
6353 9302 600
4945 3180 39
4916 1697 93
1183 6399 473
4685 7742 758
7274 5931 23
4657 4460 106
320 560 507
7354 9077 731
5103 8976 599
5073 6646 813
1188 8376 908
5571 3936 759
7917 8511 443
4483 4346 464
2859 4260 275
129 9754 63
1770 749 273
9303 9852 761
1795 5996 631
3942 6317 234
8443 9001 958
8173 5285 150
5195 5341 549
4582 183 435
1925 8299 404
3932 2973 215
9918 2053 34
5962 9132 567
1760 2087 648
527 2978 466
6029 8194 591
1520 4793 951
1873 8355 971
8689 9238 506
9424 3847 630
5942 9172 452
9941 449 258
7502 5245 827
9350 6296 779
8458 8739 463
2498 544 4
5632 869 561
3676 256 586
6883 6049 422
2810 1993 487
5622 32 724
7748 4380 435
8053 3155 511
6067 6264 592
2458 2199 303
3455 8957 925
5654 6148 496
9235 3928 629
7699 4752 642
1300 4841 106
913 538 538
7687 464 66
2461 1277 844
817 1656 377
9356 1873 37
1538 8590 889
7985 2274 882
9840 6155 733
166 3412 384
4172 1845 386
9400 5299 408
7037 5026 44
850 5049 796
8423 3225 426
551 522 176
7976 5409 134
7002 7022 961
8651 6447 647
5575 5466 906
562 2184 420
7171 6181 221
3355 35 984
2747 527 505
3287 2305 732
1462 3782 610
2879 5468 906
7108 3571 607
1182 5340 516
398 8068 901
3403 2281 673
2809 6967 606
5518 9631 272
779 7055 442
3808 4375 977
7106 1904 84
1367 6788 416
2804 8466 451
9469 1080 426
1048 9999 236
4359 2811 287
5430 1829 936
105 4028 992
1603 2097 236
2327 7247 790
6620 6659 796
2484 5786 192
5547 1508 399
4626 3926 896
5115 4065 676
4631 8006 851
3963 9718 880
9800 9066 201
5954 7075 416
5161 900 576
8102 9375 236
9695 5372 417
8475 7351 340
9426 4150 320
4155 9357 27
3837 5767 944
4317 4576 706
7740 584 968
4820 2358 98
6742 9162 498
1703 6942 482
498 147 111
2538 5601 59
3421 8375 391
6304 6070 735
1246 2854 434
1403 7598 824
9420 1843 930
1065 1535 725
5740 1234 880
3509 8791 281
785 3849 663
6977 3362 470
7843 4880 157
408 292 430
8890 5469 975
9745 2379 923
517 1124 113
9364 490 391
3962 7176 229
4593 8361 584
5558 1986 351
7257 8857 809
8304 7612 632
6365 3310 994
9618 3456 159
9200 9683 666
2097 7277 456
1253 3965 179
4171 1468 445
349 6307 430
3106 422 384
7197 949 862
1369 3832 753
5605 1980 305
6053 3508 852
1943 2544 381
2908 7049 589
3807 3398 504
1688 5040 113
1339 2331 991
2514 3806 830
9216 8942 211
5255 4308 139
5919 3360 394
268 5636 674
405 3622 720
8412 1530 361
3177 9377 587
5081 9847 84
7456 6133 309
2099 7611 685
8423 7924 660
3968 6997 147
4577 1026 867
1104 3495 982
9950 9757 783
6003 6473 8
8029 1256 173
7850 2822 489
9527 2563 387
4840 776 733
5411 8567 924
6193 5566 287
2199 7002 16
6268 9673 291
1968 4589 327
3251 731 847
8206 7074 452
6591 1798 157
5300 8146 276
3136 2167 537
624 2579 609
6349 7201 232
9406 9633 335
8692 5659 380
9395 7499 946
6864 5791 98
3303 5549 82
5351 7018 432
6322 5040 856
581 9112 515
7641 3133 26
6724 440 770
1082 5173 113
5416 9301 999
9328 2789 754
1143 7887 211
1762 7276 690
5446 8352 906
668 3645 738
7672 9670 722
1022 4423 508
7229 8016 558
5677 9102 570
9923 9425 306
944 2466 680
1673 7946 424
3024 7181 285
8996 8591 87
6306 9939 701
3370 4229 601
7946 3105 905
2508 8428 849
3609 7948 894
9078 8451 701
6453 8249 488
1681 2516 463
1279 1883 148
8371 9176 403
1948 8722 149
1138 8343 60
2820 7952 506
8726 7041 966
1546 9680 252
9422 3158 317
8715 1775 158
2554 4831 477
6024 6913 659
3885 5448 728
1194 2625 562
9206 2144 465
3474 694 141
1019 1721 931
2656 4354 273
8071 6329 605
8682 6410 125
8961 733 680
6131 2846 53
3094 2680 419
7017 2734 786
3469 1630 13
6417 1946 914
6729 8310 890
9226 1771 985
6040 1244 305
9809 6264 874
5296 8488 52
5336 3244 598
7295 6782 742
9414 7274 268
8757 7958 785
4155 2412 243
6330 8093 621
8982 4302 15
6033 2011 463
2092 6226 828
6656 5071 1
1000 5861 889
9761 290 602
1816 4246 347
9401 9852 324
6932 6590 889
9538 4388 82
5732 5355 900
3536 3608 457
2529 9830 893
2098 215 25
9044 772 485
9085 9191 385
2070 2652 35
7431 9511 540
3156 5967 225
9426 4415 296
3112 4362 451
6899 9526 329
6211 3144 11
9452 2669 912
7887 1693 80
5523 7707 195
1239 139 560
6500 2882 741
775 4762 206
8282 8843 890
4821 564 704
246 4025 376
6823 5715 977
1496 6543 450
3904 1156 157
3241 7544 675
7187 7379 855
8584 8923 851
6272 4668 447
6300 9990 751
9852 9845 271
1453 8734 565
7911 2775 867
1674 5863 236
9223 3254 844
1717 4689 461
9812 3778 257
1276 1480 689
7827 8789 203
1985 1091 504
4576 8419 218
4897 3991 426
420 9681 428
9756 5378 14
7067 8031 628
8931 3127 964
5040 1342 618
5284 1198 518
7864 6755 149
1013 4193 126
4239 4653 832
1555 7493 882
4841 7580 994
8787 3777 6
2486 2622 637
1212 5872 708
7496 1000 362
3955 7278 768
135 82 681
2234 7340 882
9915 5841 434
2043 8604 283
102 3622 698
8813 1716 587
865 8577 759
4996 7596 567
1664 6923 818
3097 1732 315
9497 8780 667
6321 3792 790
550 4387 984
4810 3373 356
5615 7408 11
1240 7134 931
5702 8481 536
7447 7177 874
5374 1130 307
6186 4672 395
5491 8649 384
1404 7723 160
3870 7792 676
1999 3265 627
295 7995 464
1993 5756 367
5886 439 705
3888 815 1
2576 4774 789
7393 6868 68
1598 526 454
6647 2470 685
8071 896 470
1260 1738 752
750 727 547
2412 8685 863
3534 9530 157
3196 2164 643
6186 8818 267
3473 7635 498
4390 555 400
428 9118 889
4344 9871 450
943 9140 119
2815 6710 931
5141 9421 105
8268 1238 811
1484 1489 163
9816 6589 516
4896 2404 538
5827 3234 442
2572 7894 545
4801 8901 350
5945 246 1000
8753 7687 295
3335 5267 185
2298 6175 349
3434 1251 576
4455 5925 919
708 648 521
7856 3214 922
1755 2029 744
5422 8820 879
3070 1513 580
4027 538 912
6185 6319 850
8037 2217 744
5867 8569 462
8442 3571 444
5551 5251 660
5397 9015 95
7433 2183 818
6602 3907 644
8359 2133 465
3849 7503 436
5093 924 902
7395 5342 273
3735 2411 986
9038 6385 565
7160 2161 317
9996 8762 172
6402 9770 251
294 6886 409
4219 182 71
1683 4719 852
152 1315 835
3132 8378 814
6727 8272 241
2299 8314 141
7823 7337 916
5675 5561 201
7186 997 362
4174 8622 796
4238 3946 473
1222 5613 371
574 7355 50
1374 3653 318
374 9802 582
1092 8471 385
4066 6715 673
1183 313 141
2289 789 243
9790 1680 752
5025 8451 407
3058 3061 88
9950 8512 409
2805 1614 887
9468 5588 578
939 4728 353
8759 7757 369
5466 7121 793
8760 1490 79
5736 97 846
2712 4068 62
4704 6583 349
3635 2754 751
205 6731 303
7760 9924 426
4284 7081 735
4489 5200 569
1491 9132 287
7602 9263 743
2854 7046 489
6292 4808 553
8967 8212 555
2146 9232 51
17 6056 907
7078 1967 570
2191 1100 204
9684 8186 203
3691 822 388
6160 5137 637
7938 3937 336
8967 5497 74
3939 5796 719
5242 5513 931
5923 3146 785
2190 9201 278
4479 2927 983
8736 9877 200
3509 55 121
8272 9898 705
6381 9887 33
8235 4536 712
3151 5153 13
2579 8918 890
2721 4777 133
2630 9547 74
6464 8383 537
986 7525 89
1984 4323 849
3042 7021 195
7176 7451 987
4181 2903 223
4045 9243 515
6412 6024 413
2677 9023 372
5541 6199 952
8236 9292 668
4817 6733 697
1482 1153 153
3368 5284 544
1028 6006 3
698 6048 205
20 4618 483
2648 592 398
3531 7073 734
4301 3303 13
56 6465 978
2724 6059 396
4901 1459 359
6041 8174 71
3706 822 474
4984 7766 134
8542 1678 447
8540 8979 686
4426 7551 818
8529 9855 957
5770 5245 170
5732 9080 705
7643 870 240
1270 8356 54
3327 3818 484
373 8914 123
6596 3369 450
2602 9532 161
3745 8845 828
7945 6692 638
4503 9903 700
474 1509 219
1586 2579 857
6538 3610 653
617 1001 473
9591 6221 838
8990 8965 736
2847 5094 231
5116 3459 182
4014 2202 676
1090 7784 774
3594 6267 27
1779 6593 85
704 4680 563
6949 8796 149
8839 2294 984
2216 1504 566
2608 6742 662
3771 5903 148
2980 3067 261
1256 6542 737
7330 4208 82
9998 7693 443
2973 3644 744
5066 7628 743
2177 5848 190
1353 3371 936
3445 652 378
3153 7103 610
127 1614 176
3968 110 772
1237 9932 154
5347 1621 190
3948 1761 155
1790 49 845
7756 4201 446
8423 495 965
132 8200 714
286 9871 365
5544 82 534
705 9120 595
5683 8910 954
9921 4025 414
6159 7656 902
953 4147 999
4449 6451 56
929 6144 433
2263 1033 682
333 2246 805
3327 2993 646
3226 7807 577
1396 8146 191
429 285 913
3842 4697 650
9434 4911 215
1969 4973 961
1629 2031 212
4254 4255 514
4415 5879 569
8707 5640 244
4074 2148 636
1613 526 585
8688 3771 910
8809 9374 831
6028 670 835
7278 9467 439
1502 3986 225
8501 5384 399
3425 9344 442
2180 515 545
5738 8022 168
7813 73 108
705 1790 476
4344 8199 11
4270 5045 354
5923 6209 550
1760 3717 235
3759 4568 438
3097 1519 36
8781 7396 168
327 4556 53
1574 4640 186
3889 8480 574
2768 2036 10
7372 4554 263
8542 8944 786
1891 3188 548
9690 6607 786
4540 1273 186
7782 3696 452
2132 9247 741
9778 5165 4
9465 7261 924
5245 3033 428
7359 5661 264
6033 7243 414
6571 606 141
4539 702 326
8639 1583 159
4721 2056 530
7382 5811 95
7637 1084 44
4240 5458 840
1298 4615 874
3821 8123 829
2791 3303 761
9575 8413 922
4010 153 771
8142 7104 682
4744 2003 280
2573 8454 798
6599 2836 462
3235 9242 663
9794 7955 150
7137 5105 642
7927 8159 20
1751 2023 775
3097 8868 143
425 3781 404
2225 9385 742
666 9920 759
4600 2753 648
1299 7987 377
9051 1033 612
3015 6747 667
3781 7537 569
5207 9850 518
5637 5358 82
5698 3824 219
2263 8578 365
266 8794 130
1074 1151 916
1110 7448 255
2115 7507 609
9498 2576 654
8205 3931 22
1220 9181 240
9293 8678 857
8084 7929 973
8531 7400 879
7252 4971 453
9876 5386 799
7448 2840 309
5915 134 102
4550 9089 48
4364 1740 394
3896 3630 985
1769 8763 440
1915 2201 935
2543 4500 746
1581 3250 29
2780 7942 430
7241 3215 410
8704 7610 633
5124 8202 356
1131 1783 386
9717 5355 14
339 747 851
4596 6168 939
4714 8704 93
7590 5151 112
5606 5460 655
5421 6439 480
7852 8425 922
2296 3503 721
3652 5927 486
4429 2088 642
2058 3621 378
6103 581 629
1978 2612 773
4502 6676 771
519 9428 93
1869 4992 240
232 4431 224
772 855 458
8729 4059 362
6282 1309 995
7136 4233 604
6790 7894 799
1151 3664 406
4781 8181 598
104 7847 245
8072 375 368
7998 9251 304
8534 3733 653
9473 3867 445
5733 5463 633
7077 5489 19
7883 8877 960
6471 2138 882
3252 2568 60
9884 6611 127
3046 3103 739
9437 8858 991
8007 3920 295
7569 879 105
8690 8272 330
610 4117 133
5380 2035 293
3602 7486 495
6869 4744 280
4126 4002 288
2694 9518 216
4517 4391 48
2072 8753 331
4132 3928 125
1208 373 628
9967 1957 660
6895 696 324
7681 5443 340
9326 364 80
4916 4040 763
2835 8385 50
367 2886 132
6708 427 347
4618 8947 172
5925 965 860
5587 842 616
6209 3696 450
86 967 866
990 6867 822
5313 1163 33
8793 6855 448
5129 527 420
3279 3848 635
7269 9589 594
9789 7215 22
3208 7335 911
676 7274 115
8536 2108 264
6051 489 49
2960 4944 276
3376 4771 14
8859 6708 453
4789 6791 694
3852 7896 483
612 4905 863
7093 892 104
6588 4811 380
4187 757 664
7619 9343 960
6684 7625 447
2089 5459 864
4717 9685 628
8057 8104 365
8735 6182 570
6785 2805 307
4237 3981 484
7436 9573 168
7586 9966 36
1335 6328 781
685 7463 249
4770 3728 965
5937 3879 4
1883 8432 477
4783 8233 151
5182 7450 200
4829 698 39
6152 93 892
8914 335 397
7219 6076 828
1196 685 334
1747 7432 85
6044 8772 449
901 6417 856
6637 6676 161
903 6848 140
7294 477 625
4382 3364 914
8208 7765 79
6043 2870 983
6700 1115 489
5307 3289 702
774 3339 476
1672 166 457
1019 3971 236
8289 7923 632
9814 6212 945
5839 554 354
5558 6289 341
6763 2520 96
6288 2670 239
2435 3511 240
5493 39 735
7057 1977 86
440 6222 463
7961 9277 774
3834 2976 726
8472 903 762
7171 3024 521
9602 3534 807
2707 6676 469
5468 6229 625
5665 3950 1
5358 3796 871
1858 657 738
993 115 653
3702 7865 601
4885 9010 375
4628 6946 904
3730 9202 820
4726 1774 797
9613 7120 836
5821 3248 936
8554 995 549
1077 460 204
3039 2996 351
5913 3245 869
3813 11 324
5115 5886 856
1252 8894 181
4739 1939 65
8464 6787 611
3866 6556 277
7715 2690 784
400 7747 102
4717 7889 169
4630 1065 831
9671 3377 918
6923 6360 366
2913 3518 831
9378 7787 692
7757 5520 102
4211 7349 429
3922 3785 897
5517 3173 646
1429 541 135
827 9631 448
2065 7638 873
5042 3368 790
9821 4155 826
830 9487 253
4778 6229 362
8281 5175 759
6339 5401 58
2751 3847 792
7325 2868 321
5037 1588 914
6980 6127 444
6587 9967 949
5687 8643 885
357 6024 667
5553 929 456
4923 3735 496
4019 2070 804
806 5516 905
7294 7435 685
1185 4068 19
5408 1655 99
1679 35 753
1748 9510 947
2407 9560 940
3452 9599 793
1257 7087 912
9616 7656 455
3367 2144 833
1652 7679 841
4273 3754 490
1279 7716 1
8096 6097 739
962 1022 467
6320 5237 821
6564 1310 457
386 6679 402
2438 9113 643
3028 8580 292
5725 1765 128
1261 8210 443
3811 4446 217
7911 2822 769
6623 5109 591
6166 1269 550
7256 3480 999
3026 6121 677
3390 3871 875
8004 2802 328
7259 6994 134
2744 8640 434
7427 1648 313
3975 3655 312
1143 7290 190
9917 4286 41
2253 6613 280
6767 4516 597
5629 5007 296
2314 1274 970
9918 484 933
6405 6113 828
9251 8976 896
321 1882 598
3660 6444 745
1495 7294 736
4997 8808 480
2656 1685 710
1017 4487 178
479 7299 988
9054 6754 206
3204 7219 655
2382 6495 421
4635 2500 675
4588 2503 158
4364 3511 871
4940 7522 451
123 6696 800
2451 1812 797
2848 2897 868
7510 6448 368
281 1641 507
800 38 429
4327 8841 168
7152 9768 39
1281 1079 191
776 4038 715
1985 5931 191
2258 569 233
7246 9099 950
7211 4184 411
8681 2986 68
5902 3842 814
5451 8703 288
8053 6282 398
9333 6989 419
889 7924 210
4313 6711 137
5164 9724 745
3615 7386 557
2596 5785 252
8293 6153 854
7076 7224 551
1222 1305 63
2237 5656 990
4088 5619 639
8647 6453 311
3462 884 953
2490 643 421
2259 1323 600
8501 3614 823
3481 1445 455
6406 4763 304
2004 933 223
8757 9184 50
6320 4597 779
7160 6732 595
5233 1685 44
3244 6700 668
7450 7335 201
4564 9920 156
9548 6224 814
2214 7715 473
3853 8804 670
2821 2073 985
7500 3808 892
2466 1503 574
9039 9978 208
4047 8545 742
7818 2171 980
8496 1689 806
5295 3974 863
5153 5710 238
8378 7816 624
6183 4510 56
5546 9290 500
388 9381 665
4781 7949 458
8159 8442 655
4823 7258 12
4622 1534 454
6052 5313 557
5315 4944 500
5429 1509 393
8285 4277 965
676 6714 336
2453 8376 43
8444 8713 922
5757 663 398
6844 6299 202
2200 2390 782
8441 2645 11
2148 7670 146
802 2392 430
8866 9375 955
1150 1851 538
6422 6479 816
3434 2375 765
2208 8778 699
3348 9184 24
6144 9642 430
4072 7079 676
6303 6760 214
7013 6829 748
3621 5038 353
8655 4050 427
9093 9925 420
9826 8013 685
2086 9413 141
5378 2900 139
3026 9867 732
4108 2888 685
7257 8090 35
5434 8417 224
7471 9146 509
747 1990 761
1060 940 95
9364 4900 200
3214 4731 564
9792 9309 765
6757 8855 909
9399 6273 28
6077 1619 658
5163 41 544
3472 327 195
7347 8968 789
4853 3134 54
3234 247 562
1095 8925 964
5474 109 458
1936 2277 673
3313 8771 850
4245 7275 820
6818 6153 355
6809 8567 983
4778 7936 267
7670 7724 433
9792 2486 168
9533 1246 6
5392 4868 824
3158 2144 582
7472 5216 91
1689 7910 835
5388 6687 780
2452 9580 300
71 2568 295
7112 9548 773
5312 5396 173
330 7705 248
2151 3683 246
3575 2665 567
5442 2389 799
7897 4517 740
15 340 779
9 1072 123
5220 3412 305
2953 1860 529
4129 1136 48
8392 7173 962
2177 7457 244
5482 8410 261
2912 2954 802
3550 2581 88
260 8514 288
7120 3126 498
6220 5490 375
6558 3690 965
2412 7622 622
5467 9068 948
4049 8945 309
400 6404 886
8166 7720 522
6360 1697 116
9266 6026 722
4379 5317 468
9637 6654 894
5021 9604 24
8583 8402 165
2137 2357 208
2701 7670 146
3580 15 646
4435 7571 644
6845 4022 562
1937 3293 887
2090 2949 867
7254 37 161
5843 5013 351
898 3060 223
4707 4660 512
2558 2916 594
4742 2113 684
278 3128 843
1473 1746 459
3549 1983 265
9301 682 79
5779 2990 718
5659 4715 229
5961 3225 425
5949 3214 552
6802 6033 916
3417 5524 493
6094 5015 211
7497 2148 694
2912 5529 934
219 865 768
6263 4750 148
9699 8085 451
4885 8598 370
3883 5123 500
87 3379 355
8902 9721 751
3959 5970 224
7423 8852 866
9441 6583 835
8796 5649 830
4175 8774 918
6446 3225 176
8272 9151 789
1901 5524 679
653 7449 937
1974 892 731
7549 2680 90
75 7567 654
3499 1099 255
7549 6366 360
5194 2896 314
1754 3213 598
4379 4592 282
8363 6906 598
7851 5254 558
7090 6372 87
1497 8472 990
5119 5116 831
5840 5474 321
3261 3292 42
5113 2670 202
1440 8940 718
9367 6875 583
8182 5896 313
3802 7371 323
9854 6453 605
1628 6501 641
9524 4648 498
7905 518 797
4140 7715 928
6426 6775 495
3021 3641 669
3093 9765 313
7970 3455 389
8939 8130 552
3760 4640 105
763 3023 310
2218 4716 163
367 257 309
270 5443 695
2160 6651 996
3150 2274 741
9575 9324 801
6893 9216 574
8617 1872 887
2546 8989 24
5715 9464 633
7721 5210 930
6196 1705 292
7434 5234 529
501 1819 281
5802 2690 293
7887 5272 576
638 4252 896
4471 3838 834
4144 7564 908
3061 8617 271
1601 8833 817
5492 3858 935
1402 7315 979
5375 4059 53
6579 3021 125
8702 3407 16
6382 9339 631
6745 905 916
9456 1462 731
3905 3328 449
8786 8549 13
996 5123 971
6762 3972 400
5480 8974 151
9094 3925 957
7416 1814 822
9316 1711 711
3442 1262 202
4916 6593 793
8104 9768 762
4790 5059 483
6029 9486 594
4633 3074 755
8794 6771 78
1941 8194 305
60 397 796
1255 7911 706
9237 5638 80
1414 5728 593
8581 2249 722
989 3063 140
7364 2403 526
1980 7306 938
718 578 139
2963 1330 228
2222 9014 128
2478 7454 369
3269 1811 409
9112 873 215
1976 5757 73
6791 7560 361
1057 7319 81
8012 3823 362
1212 1919 681
5797 9784 723
3554 5845 752
3206 9511 612
4982 4432 760
1832 6818 943
7785 8848 777
56 9876 759
5713 9510 342
3360 9843 598
720 7224 360
6183 1877 947
3710 6992 319
798 2808 165
8575 3003 904
8581 8095 699
6493 6210 671
9331 9622 268
7509 4028 520
7673 8879 720
6290 6784 999
8137 9484 494
4964 3621 796
7998 8252 874
6089 4505 279
7206 8552 728
836 244 67
8574 9558 794
4142 3316 21
876 1451 440
3509 132 376
938 5255 755
1304 6314 38
2794 2105 762
3300 1774 280
5402 3838 559
9416 6850 220
2018 3320 836
2053 1675 110
2849 3809 629
2104 2091 789
1432 6645 114
1953 8623 365
4417 6080 760
7659 7368 838
5615 1551 718
6733 911 276
9311 9851 237
3123 3818 655
2569 8320 958
4594 8411 665
4700 6211 880
1030 8076 353
9902 2345 798
6615 4907 803
2623 3683 972
9847 3892 362
5202 6639 610
4853 9248 925
6685 7024 29
7996 5592 527
4047 4775 738
391 8740 614
2538 8304 119
9879 5892 960
4793 5189 12
1606 6619 563
1473 8182 733
3398 2540 68
5444 6241 17
1580 6039 138
8480 8722 840
427 7647 49
405 9450 694
4337 4905 724
6714 2131 324
1427 1458 683
9480 4849 573
6242 362 604
3054 4964 520
4576 9671 659
9461 8448 593
7342 2644 333
4673 3665 809
1887 7619 206
7648 7617 209
8993 8427 504
7057 9439 619
9974 4982 164
4513 2691 908
9233 2650 26
9484 7421 804
3538 8012 268
1938 3742 472
89 3485 151
5140 2848 513
4748 6234 667
7152 4337 717
1133 6532 343
9237 7194 197
3302 3258 187
6169 6642 422
7088 993 41
2892 5075 955
2889 4959 934
3960 5700 118
4268 6473 503
7581 3932 960
9358 1231 932
558 339 718
8718 370 458
6716 6513 285
5035 913 702
5023 2503 984
7129 9408 144
9594 338 912
3851 1766 177
9166 1782 874
2540 5455 226
2286 8551 100
8553 3865 605
7684 3567 289
4759 4910 567
1130 8631 839
3963 460 802
6444 1653 703
5279 5851 798
8459 2968 473
9792 4912 37
940 6697 767
5468 6337 846
8529 7551 75
4489 3229 803
1440 188 854
9332 637 209
1979 846 396
578 2727 326
9711 3725 291
9165 664 447
4359 7450 868
3163 988 857
7323 2766 915
6596 8226 74
4 3155 584
4023 4705 485
1495 7880 176
4619 7110 299
4517 2698 941
6376 8983 919
3114 1189 70
1225 4501 447
8598 3055 857
678 8136 266
2160 9436 721
9986 8934 462
5075 1670 484
676 8384 17
5739 170 332
3553 8917 977
8418 5647 844
482 3747 324
3158 2961 404
3450 8482 480
8247 7150 808
1679 9803 677
1955 7511 87
4148 8236 244
6913 4824 112
1922 6653 625
7785 9733 322
3634 5379 860
4428 1408 3
3500 2563 706
2801 9974 328
8400 1823 271
472 680 805
8792 1682 709
259 2451 961
4640 544 958
653 826 473
492 3341 274
1712 241 205
9099 3237 159
9973 4436 501
4870 1072 52
4506 9441 381
9419 8725 51
495 117 621
9104 4207 300
1093 3537 649
8428 5698 220
9913 8684 335
3489 5603 875
7266 9280 84
4393 1964 976
129 518 704
8564 2920 957
2634 5240 214
3571 8815 905
9101 8558 341
330 2314 251
5440 4885 511
7246 8910 40
1837 1078 720
3072 1925 65
6565 2775 632
2702 7895 871
7617 3043 997
7108 9006 680
6783 3169 513
7342 233 915
4627 6936 156
9726 7659 92
8189 1754 255
662 2158 389
5213 4897 821
2294 594 56
8085 4541 630
3719 7141 239
7093 3246 129
890 6612 607
7163 7376 759
9050 7168 31
6900 7137 559
7301 5960 450
8639 1630 531
3201 5099 144
8900 9400 935
1270 9327 94
9647 9117 918
658 552 701
4062 1571 334
9350 7256 5
3539 5073 188
1477 1661 558
6692 5200 466
8250 8811 319
2162 8591 866
3357 1155 839
4560 5944 916
3763 5937 995
1898 8090 743
8579 6857 601
1164 2457 830
2085 8311 703
8293 6362 852
4779 1898 596
7847 831 608
778 8569 281
2922 7985 865
1542 8271 546
2189 3078 860
1332 6318 459
6209 2758 117
4627 3974 905
8392 6759 427
9619 556 751
4835 8685 215
9630 1625 331
1013 8244 384
4136 1944 41
8626 5485 137
7453 4160 508
5610 9606 446
2949 1405 490
2811 2734 384
5723 9491 628
1278 9775 502
2784 1947 826
5045 7017 49
5378 4374 401
5396 6097 718
8291 7771 812
1746 7619 607
5754 3510 949
2926 5357 696
8517 7263 586
37 309 603
943 6940 42
9513 4924 36
1275 8996 441
5694 349 125
1615 9861 822
9124 1039 761
594 8028 830
2076 6714 30
3099 5942 892
9916 5201 744
6679 7180 42
7548 9497 88
6590 3251 17
9 430 829
5106 3574 709
4024 62 14
2187 2306 805
3903 5019 729
9139 8606 268
907 8971 237
7998 4217 331
7222 5916 238
8848 6198 315
8959 4484 784
8611 4167 944
6361 1863 33
9377 359 907
5009 843 775
3649 2892 156
1465 7427 12
6011 5400 50
908 3766 795
3618 8341 150
5842 9159 927
8657 3403 783
466 7098 220
9028 4565 983
2579 5071 919
8631 4298 391
4632 4111 115
8200 755 499
6083 4091 260
3710 2189 24
6542 3072 579
6112 9208 340
2883 3507 473
3771 6512 430
3721 6751 796
7241 7079 635
651 2380 636
7002 1552 394
2664 1784 817
8916 4552 904
2950 9558 104
2787 4898 844
4769 1327 199
2409 3007 241
8103 7466 547
2933 3914 918
1660 8299 732
7200 2512 455
1575 4892 966
1273 4052 67
5416 8652 501
2059 747 987
3096 6232 870
4335 8021 823
3276 9094 745
8772 9072 15
8669 2649 7
1678 4518 112
3028 2243 137
349 932 398
877 8470 119
6230 5645 477
6870 3039 938
824 5068 873
1983 2350 415
4447 4395 643
9463 1590 431
4513 613 287
8814 972 221
2441 6362 138
2188 207 966
9071 4080 670
1955 6205 764
6031 9927 752
6248 1861 824
276 9293 458
9337 7181 829
5593 5803 1
9114 698 935
4068 4358 149
8948 2466 116
877 5334 533
7301 9838 68
5393 6487 912
7259 6218 325
8962 2045 569
546 891 992
5477 5479 868
1249 7223 15
4012 7383 942
5069 3181 918
7221 4644 393
3640 9962 658
8215 812 509
1600 9631 265
8953 9587 958
7234 7510 502
1034 7161 339
7536 7313 515
2052 8760 739
1308 2065 531
7082 5470 550
5534 6648 980
6805 6184 752
7947 6744 962
3643 7944 673
774 9610 265
2439 4127 56
3189 204 788
9382 1858 188
106 8759 816
4159 109 323
8263 9651 494
3954 1426 822
3918 2575 893
2218 7179 799
26 3245 273
2886 2929 719
965 1516 289
6439 2302 278
2398 5067 844
1544 7481 917
9254 9907 648
847 3679 353
7536 9058 660
396 7736 632
2031 3705 100
6130 6847 125
1191 6510 891
8947 7449 117
8610 7906 991
6898 2046 235
672 6408 926
3944 686 49
926 3552 902
7171 7362 197
9854 6785 118
331 9205 494
2558 7908 754
5721 5178 897
5556 1569 780
1639 9080 336
1303 3877 120
5091 9301 816
7957 1976 115
5527 1700 763
1938 7999 327
3808 4170 159
4920 1249 448
2118 2835 377
7015 4155 689
936 3310 173
2468 3383 123
7110 9830 460
2534 3370 459
8026 8045 638
1172 3007 290
7931 2415 602
4108 3705 944
1490 4826 153
8457 5995 525
1344 2319 499
140 8180 752
909 9928 596
6621 4541 783
884 6449 475
6984 154 220
3188 7010 125
7416 6269 45
1478 9205 966
1997 3751 905
5656 4381 901
5946 3722 808
6035 5301 786
7194 8223 98
3583 6673 981
3518 4708 173
4519 1222 814
5738 8393 215
8693 1703 177
9557 1067 797
4166 4410 35
2665 9512 348
3790 372 579
9769 5972 944
141 1685 747
3079 3135 53
8598 7478 500
3642 5505 101
3543 3776 900
9634 7880 751
248 904 905
4175 7705 74
6688 3806 868
3365 461 315
5432 4383 346
8882 5701 756
9410 4204 536
8315 4255 138
8759 9612 825
8011 9649 432
7340 6862 881
3103 2971 590
7135 7555 828
2022 5199 907
1213 5598 449
531 3126 942
1730 9294 659
2557 6985 131
9346 5965 782
5167 3084 480
6549 8879 463
4395 9633 221
9109 7076 981
6584 6770 138
1038 9375 929
1578 2473 86
6420 8542 752
6886 1814 262
8455 3606 224
1124 4136 181
7400 3292 834
1034 1094 213
8310 9503 870
7811 4830 825
7275 8548 953
5500 2616 94
1803 3903 488
7475 1411 221
2227 7724 105
4200 4930 950
5895 6670 67
9560 8186 815
353 4630 196
8751 9384 498
8713 6261 205
144 6631 96
1735 5902 286
7912 8101 992
5005 6806 209
4584 9791 143
6665 4138 467
3810 6653 313
5112 878 975
9929 4283 787
2192 6990 202
4398 8798 654
1786 2534 774
4706 5443 512
5683 4478 543
5557 1545 387
6724 9109 453
3006 3302 955
2460 5452 664
8971 4261 863
2265 5107 21
1352 2719 589
886 8626 159
2114 3352 356
7664 6769 207
2435 6459 984
771 4091 654
7720 5381 38
1516 8008 277
1027 4461 863
7419 4235 979
1820 4643 993
6113 3649 316
3555 2676 887
6113 9754 331
8136 1827 769
9533 756 281
8444 6694 604
1268 3098 713
4212 1508 233
7454 2354 297
8312 6109 363
5365 3357 442
5034 3864 507
9770 853 955
3949 7652 615
4436 7467 456
8978 7390 671
5734 8815 151
176 9077 840
7583 4459 514
7782 5206 765
1696 5504 945
2661 7396 743
2990 7401 556
642 3849 804
5232 1923 380
9162 8458 428
3018 5520 842
8182 3003 387
6800 4532 412
6578 8529 723
8361 9161 374
8745 3644 634
5183 7327 478
5427 4234 291
8542 8051 31
1288 9971 995
6535 1344 187
2370 6814 485
1669 3291 517
2559 235 77
9017 8771 50
6488 8485 915
5541 6056 785
5973 3339 434
5974 148 558
889 1618 900
7465 9002 983
2353 4981 405
6663 4283 855
6001 4147 848
9915 355 835
1632 3492 800
1746 2483 643
2822 271 993
2878 9345 12
1183 9405 377
2127 7963 783
3139 2967 104
4765 8122 219
2061 4978 293
4264 3863 243
2805 7996 818
9124 8784 227
1121 9860 942
6778 6652 118
6645 7984 517
9224 5042 424
2650 6327 25
431 4784 928
3332 4189 626
6885 724 794
5848 3262 585
9548 2201 720
6245 6324 655
9779 6747 480
1654 7795 2
4203 6537 884
6130 8284 342
4291 15 901
3642 4170 591
7264 2688 602
5700 2854 294
8170 2316 745
5600 695 667
3259 1336 886
3076 5572 1
8683 4301 213
6492 2422 689
7950 9747 717
7100 7305 430
8483 504 823
259 8890 514
9677 521 219
7217 1665 647
4 4088 983
2609 4537 705
6717 3409 940
7857 301 77
5259 7883 757
1827 7707 854
3522 8691 973
3964 3532 474
265 144 222
7608 734 101
5029 3692 620
5235 2383 573
5925 331 189
7991 3426 212
1086 1910 800
2092 5743 300
9706 1776 31
2160 6664 528
9805 386 731
6502 6473 67
1022 9436 11
5736 6579 243
3531 3069 611
2139 1043 115
5127 909 803
609 6997 522
8805 1444 135
7941 8544 743
901 436 350
1845 5651 629
7478 6211 856
3044 8683 815
7842 4514 667
9960 620 149
9426 371 653
8198 4897 624
9240 777 42
8918 2337 779
1073 1349 56
6177 7121 292
1360 1021 454
5882 530 588
2287 805 268
4385 100 327
1832 2070 470
3752 4385 798
9635 7748 945
9001 3662 993
277 4098 433
4189 4545 377
1539 9519 929
7702 6645 834
3543 13 173
7632 8948 191
441 1100 747
8034 1989 652
7183 1672 536
7094 7585 652
2977 1769 101
1599 9119 88
649 6843 775
4537 769 551
1245 3117 267
7053 4292 595
6057 7198 338
1719 5205 693
9373 8922 156
2815 9309 142
5272 199 145
7104 2020 640
1660 8398 553
7577 194 992
78 1282 110
8160 3871 98
1502 2880 490
1498 9498 495
9032 9236 262
8877 7325 877
4671 9035 809
6469 252 854
8767 122 812
4923 7064 98
2423 1538 764
9249 5966 937
2299 5813 786
5726 1752 928
359 5009 606
8750 2094 597
8686 2085 262
3289 9287 105
7204 8506 714
5003 961 271
6769 5263 560
3677 4806 812
2027 2404 826
5772 6385 148
4302 4403 273
1373 4429 34
6003 710 21
7589 8830 946
5837 6950 968
9989 2630 929
8146 4568 862
3857 1005 413
6771 8651 519
403 2015 38
3330 748 594
3356 3164 710
4643 1646 577
6824 1534 705
1573 9604 258
5564 3191 548
2965 6955 959
703 5198 85
7349 1261 965
5859 8304 512
8970 3798 195
3416 559 48
5044 9137 514
1998 833 196
6038 1627 355
9876 997 248
6087 5947 339
2810 8960 414
8427 9612 842
8835 6130 985
9901 3149 198
6942 3665 184
9332 2746 20
4842 7513 852
1443 4463 130
7669 2839 833
1724 8472 715
1717 6848 824
6882 2354 88
126 8053 189
2215 4513 974
7109 3224 132
7944 5096 835
7372 7271 19
9308 8081 115
6831 8874 239
2478 2244 341
6853 313 118
4843 4110 909
1875 994 248
6499 2661 164
4656 5775 119
9942 372 352
7731 1302 919
6231 1584 183
7539 1671 389
6951 8675 941
1228 8228 931
6323 8958 263
5478 5242 74
399 6338 248
9329 2097 859
517 1209 156
1026 758 282
9396 6266 867
2044 5473 16
4249 5123 393
457 2791 750
2534 458 728
8147 8141 954
7579 9386 38
3990 2605 112
5607 3528 378
2066 5886 70
2578 5808 532
4740 7546 954
997 7717 257
7512 846 646
6002 2438 414
6899 5789 752
9239 2533 851
2267 2239 584
8585 6745 494
8542 5508 765
2275 9002 218
9817 1987 656
6658 7565 688
5260 6922 544
7984 5706 986
643 532 226
4505 9869 135
575 576 837
8301 5935 608
6469 4427 451
8460 6023 377
4410 3321 629
2669 1089 325
7458 9380 778
4506 7822 480
9585 9094 261
7658 7873 98
3872 6505 149
384 3055 202
2854 6703 339
5495 7454 906
9888 4633 404
8101 4 677
7889 2079 381
1143 9290 527
7555 3635 937
2089 7 477
6865 7027 710
9616 3395 493
2849 5399 185
3136 5649 550
427 9046 181
575 8738 713
746 5318 110
9420 5969 472
1433 2617 806
5312 6808 135
9820 5133 980
8852 9571 393
3435 2987 195
3004 6966 673
2678 5224 624
9658 2624 941
7425 8735 559
5727 6848 244
2005 5264 24
9706 7335 587
9161 2126 30
6008 8595 44
5214 2138 301
8290 9347 960
8267 3819 630
7625 7325 935
6431 2534 463
3271 2474 673
4367 9872 7
6653 5754 454
5323 5344 942
540 1989 83
3366 6291 236
3532 4768 837
7421 1844 556
8195 615 996
7609 6854 461
3981 6238 537
5168 3107 480
2514 4222 336
2293 9232 202
3121 2610 911
7556 8267 18
5371 9814 167
2041 9176 576
4968 5814 136
774 557 344
8789 8641 614
9988 4261 878
4441 9561 333
6053 7220 647
1625 5323 473
9906 8073 535
8912 1344 927
9061 4703 898
2426 4659 597
9111 4531 182
336 6895 844
1861 8367 543
6487 5645 33
137 7499 708
7331 5133 158
4471 8822 588
6203 7913 361
8374 430 698
8649 1985 457
7533 4424 186
9314 6807 276
1285 1456 262
6399 78 452
3857 4996 87
8989 4086 367
4023 3682 148
1185 212 627
850 7161 996
5530 2203 437
2001 1320 14
191 1679 1
1496 3698 356
7530 495 982
3112 4608 520
1056 9677 796
2791 4162 317
2709 5966 115
9230 4768 752
1697 7002 851
3334 841 200
5871 7807 933
9957 7654 212
4456 9309 583
3502 8252 499
9633 2904 371
6925 287 790
9706 2116 584
5370 9860 1000
8613 1917 249
5192 2171 478
5219 2788 276
8495 37 150
613 8506 199
9918 6583 329
7585 1527 638
2383 7315 843
8185 6786 632
4703 5891 782
1179 20 112
6767 772 757
1220 217 454
9831 3368 796
9438 5085 534
3155 3759 355
4141 5685 673
8209 3418 348
4843 3236 193
2567 1440 36
9953 5000 906
3409 5136 498
8923 1101 739
6270 8671 702
7506 8615 707
4699 3754 865
8304 7616 55
8516 7400 769
6371 4817 287
5581 5915 845
3597 5749 636
6902 1942 886
7109 5472 616
3347 8245 419
7916 4719 38
1970 7352 377
4885 7976 847
5421 2786 209
5086 4830 883
3802 8376 421
9891 7955 992
3622 5352 609
9916 4438 524
579 5659 26
4100 7674 967
7377 9698 608
4258 6199 885
3724 4118 705
9374 664 892
3661 5689 245
8130 9691 124
7551 8725 392
2265 4795 345
78 6945 497
2216 108 646
5569 3121 650
2560 1284 236
5141 2515 238
1223 6261 45
540 3013 400
8443 4046 402
4097 8414 938
3692 5470 902
3002 631 505
5790 6723 241
4935 889 526
1003 737 867
5730 3793 633
5494 9648 381
8577 3014 129
7865 4316 15
4370 4584 973
9888 1000 767
9499 7395 277
1182 1459 952
7565 4307 765
5246 1688 802
2463 3941 400
1468 9732 740
3764 3972 600
9639 9532 904
1266 3529 598
4577 5937 647
2662 9219 985
2620 927 289
8857 2229 485
3030 510 913
5176 4060 146
5042 618 616
5279 7751 755
9548 5586 848
3055 9521 278
5573 7072 477
4294 5630 17
1681 2468 96
9701 5073 758
6758 6038 727
7134 8642 503
9628 7711 676
2820 7605 821
4933 6176 136
3564 3049 548
9960 287 998
6680 8398 891
1068 5064 299
524 4664 591
994 1273 947
7664 3138 715
8456 718 817
4158 6144 520
397 5754 446
7493 4226 394
9823 9380 751
8589 9421 381
5514 3611 198
8234 1437 852
7737 8817 340
5250 5227 448
5236 590 640
5742 3270 515
4490 5611 438
964 9822 782
4544 9998 45
5135 7568 644
4 9062 875
3530 6915 754
6023 7693 253
2095 929 427
2229 3198 852
6509 8981 715
7676 5219 930
5076 6540 351
1657 3149 556
4074 3548 425
6339 9917 556
8977 822 281
9151 4251 472
3477 9326 472
7233 9731 267
1490 5986 750
5627 4596 583
1064 8167 238
6889 9809 907
1607 1272 795
5111 5795 80
3404 9664 392
9450 1363 229
112 7979 254
7892 1367 300
5422 9716 704
5765 2269 396
291 4932 959
1508 3783 594
4030 5599 514
5361 1315 965
3233 4528 170
9088 2592 311
6352 3573 125
3185 5997 326
5242 7600 538
8714 7183 133
8447 9835 953
2845 7618 254
7446 9875 101
4374 359 718
2700 7711 650
7865 9781 294
2169 1642 299
7420 9291 923
108 7604 942
7725 6004 237
9481 7245 864
3072 1312 926
2685 1626 758
8266 9369 437
8212 5897 102
5568 43 611
5246 2856 540
2708 4667 466
2821 8319 822
6134 5816 645
6981 316 625
846 5179 207
6780 5771 490
9849 3937 261
5043 5403 456
6384 7060 80
7187 889 252
6317 4797 770
7542 4756 260
6805 4681 787
6677 8209 406
1781 6537 447
4217 9188 328
309 6986 988
9459 6665 763
9829 6272 589
1320 841 754
361 5146 455
8485 5252 705
9214 4902 5
4682 5466 398
4973 2367 406
4229 431 141
6274 8184 75
3824 4685 600
2630 7327 426
5920 4314 779
7619 1125 628
4246 9042 88
3799 2040 317
2785 2223 231
6822 8261 672
2759 9026 55
4574 9081 350
5638 7838 563
9913 4135 89
7563 4278 832
2664 4745 625
8350 3328 56
6587 3497 405
9267 4535 870
4417 6049 859
956 8828 388
9584 6893 680
4125 6199 643
250 5198 490
2324 7611 165
2470 5292 572
3159 9488 804
2515 4478 827
4573 8440 315
3179 7005 259
1521 475 965
4600 1373 567
7264 3837 791
1629 4303 95
2564 1489 350
4461 1030 366
1543 4946 368
4348 9443 737
9637 8407 758
2855 4886 155
4621 1320 60
8985 4121 278
6993 2426 576
1368 6040 792
4949 7207 166
3222 8834 894
962 1177 108
9733 4027 203
1870 3656 945
6028 1382 181
1164 3914 93
4478 9404 163
3624 9083 551
3841 3418 9
1288 2388 871
9939 297 23
7848 9898 948
7835 9031 4
4189 9236 203
1030 4933 792
8317 389 633
8072 5315 796
9236 4746 937
6417 9521 844
9377 6149 586
6055 3754 983
5585 458 86
1135 4207 431
6329 6510 179
7281 863 937
4726 9354 742
5622 792 216
332 8672 878
8428 9802 418
6346 1637 99
2198 4610 571
8353 5596 847
7664 8234 563
6856 8945 966
5682 8773 529
9242 3581 559
7547 3916 86
2181 3676 833
3781 8128 247
4815 375 279
6820 9039 538
7324 7013 739
57 6951 642
4061 332 614
725 445 752
477 4613 744
283 1374 384
7382 4231 984
4406 9026 626
2451 9067 852
8975 8152 316
5186 6270 274
3292 5572 931
7210 4062 152
6841 4672 955
9645 7840 887
2405 9425 1000
732 2084 334
2810 6076 599
9562 1057 942
7369 6117 329
6986 239 188
6186 3664 762
7495 768 138
7069 9129 101
4186 216 812
2406 5767 319
2251 3823 623
7279 8793 411
7365 800 298
7930 8531 35
8439 4427 116
8060 6240 274
6370 1249 357
2951 809 518
8751 3664 344
130 4427 924
7923 5880 186
10 5141 228
9439 7123 179
8308 7834 556
3653 1202 469
1590 3226 998
6493 7908 14
4328 1313 482
3820 7945 548
6539 6531 147
7236 7224 943
7216 4765 220
1123 6189 261
5264 4239 776
9005 4141 38
708 7229 174
3380 225 816
8388 809 181
6012 3786 403
5271 5962 378
6207 3724 677
5883 9758 528
6222 8789 890
6515 6679 564
1821 1563 875
4994 8045 877
9992 5727 876
3880 3528 151
4355 9911 596
151 3234 232
5745 7844 51
9863 8767 286
9393 3950 456
7817 2405 35
7710 7575 194
5255 9290 640
5807 1769 320
5499 3228 851
3627 1350 896
6631 4188 631
5036 7475 850
1708 8015 120
1855 2573 663
7557 1764 311
3615 4718 590
4763 3336 419
5326 2763 327
9922 9919 467
1023 1600 242
408 2971 857
3370 9839 6
5181 7354 519
735 351 263
8968 9508 223
2221 2758 687
928 4832 525
6179 8936 926
5940 642 357
718 2701 485
8641 3188 559
4737 6655 669
8078 1998 703
675 7828 842
1622 2291 511
5980 228 101
3847 9660 199
7572 1702 224
4236 2251 266
2008 7765 118
8997 2805 194
5890 5343 534
4127 7945 977
9505 6647 724
2740 1306 72
700 6355 444
4616 9328 307
8517 1047 216
2796 5072 744
2159 4257 769
4912 6407 729
3264 9650 827
8640 7341 227
7313 753 138
1447 2028 429
647 8115 373
3211 8477 382
4757 1933 368
9098 8666 378
3606 3143 358
3308 6342 947
1613 6159 689
1591 2135 840
5186 3609 250
646 3408 113
9695 342 17
3645 2653 473
1121 5898 828
7911 7360 701
120 8510 140
4120 3958 668
1162 8378 347
1002 9356 400
5824 3102 192
3387 9617 598
1766 2151 863
8112 8039 711
8261 4057 461
6851 3765 976
5465 4089 259
9935 6476 227
9316 3745 814
7642 1376 886
8948 5943 374
6789 2969 240
1335 1587 382
4317 228 878
1246 4261 683
5249 6649 482
3805 8475 227
3867 6074 901
7703 7957 745
7960 7686 526
6758 2403 735
7250 9639 964
9865 6644 777
1897 1284 29
2665 4851 291
8711 8114 531
9338 911 337
3668 7280 9
7083 6832 5
1274 1038 766
809 4633 567
4966 811 512
8155 4155 126
233 3686 223
4544 1601 1000
7922 4295 496
4893 2072 360
4484 485 55
8228 8259 853
5761 3444 685
3281 6793 384
5316 3260 141
5192 9782 785
4289 1591 292
4751 4456 300
4222 8993 432
3632 4487 372
7517 6528 216
1006 3984 33
9862 6395 805
9899 952 632
3609 344 892
3994 7413 834
3032 3536 841
654 386 101
4772 8487 520
2798 2626 845
5865 3653 718
7941 3299 737
1627 5852 584
1570 2394 995
56 1512 843
6700 6572 266
782 3716 156
2547 9277 116
7988 3436 727
7140 8690 101
5110 8497 668
1869 4556 284
3313 2554 197
7784 6421 360
4942 2645 507
1481 7210 293
9228 6341 83
566 8423 831
2948 893 597
600 4644 896
9148 9250 259
7760 2145 876
3613 1965 661
6120 9900 704
3126 1277 446
4594 6909 676
7508 2636 958
8289 4943 165
981 6106 401
9641 6572 854
6210 2387 967
3050 2652 640
7375 6866 83
9188 9396 525
8204 1803 470
653 8654 967
4582 5464 165
5574 4334 106
3039 9331 504
4480 7107 468
3516 13 738
9751 8234 25
1268 4674 352
590 5933 244
3316 5717 853
8228 7081 738
3846 357 256
4959 3659 593
132 4066 533
5853 5971 117
9922 7463 737
6547 8953 953
5498 4813 607
1096 2932 791
3618 3492 527
4550 487 662
8668 2811 632
4339 7066 545
628 2989 405
5719 3992 164
2778 1484 348
252 5682 154
6548 8692 338
2 3114 653
496 9489 476
4232 1812 465
9222 5069 386
1319 2840 293
9411 4511 418
4850 2051 762
2364 4541 553
4124 574 515
1367 2277 633
707 4287 866
7893 2999 893
3802 6207 547
5595 2440 535
5779 2116 927
5296 7509 87
6132 8711 579
8508 8515 193
3793 7367 612
2932 9504 211
5093 4765 997
8339 1340 882
9662 5616 357
3413 3799 813
2617 5313 203
7583 8169 517
1893 5919 718
5743 226 51
448 732 787
8327 5045 684
685 398 915
3781 2666 254
9661 6838 631
3104 7153 518
3474 538 384
8991 8180 56
9219 5529 135
9756 8082 969
4807 1085 102
8024 3576 354
757 7561 882
4564 3713 764
4057 9065 727
744 2791 526
8650 2946 406
5217 608 325
3597 1936 954
9661 4010 803
7859 4402 927
4025 6441 473
8520 5746 20
8379 7317 720
3621 7386 938
8045 6249 494
1248 8640 359
9905 7219 339
9520 782 757
6019 4720 837
2300 5192 837
3218 6257 180
8043 8850 355
9703 1490 424
7074 7335 874
5540 3876 671
3003 5317 111
3149 6250 798
3693 7772 373
3890 945 324
6960 3158 91
8049 2269 464
3896 683 15
3773 9400 651
672 9936 318
1964 4477 491
9548 9470 220
3662 6756 696
9263 2280 971
9351 6232 990
3084 6511 679
8718 9302 627
2643 3877 101
6980 1189 219
3133 2169 584
4965 5920 68
8292 1230 696
827 2385 269
7850 2201 367
4913 8089 369
8647 9452 450
918 4787 98
7040 9277 305
3223 5913 44
669 6935 476
3135 9998 189
6528 5646 45
1891 3057 165
2481 5827 937
1171 3448 20
1012 6554 243
790 5767 910
699 4944 373
8211 6975 677
5522 896 101
4401 2994 762
8798 739 60
4092 332 269
6204 3675 536
1595 1995 331
3970 515 682
9342 8171 39
4691 8546 804
2831 8324 6
6357 3666 966
5597 3639 152
8401 339 115
2827 5961 98
4182 6673 186
6393 6831 74
5593 8944 822
1917 213 941
812 371 431
1081 1226 977
2417 9124 679
7656 9025 153
384 2852 34
7702 2324 619
1977 9971 538
3529 1485 901
7653 7246 961
1379 7087 285
6123 8750 89
9739 975 667
2593 5798 498
6193 6163 408
7847 2012 788
7527 1634 938
5839 1178 988
4006 3982 646
1473 6389 907
4778 2229 210
4236 8402 724
3766 2510 286
4609 8483 868
5508 1289 892
6800 1381 256
7863 7376 852
5055 9026 807
5132 7683 13
6863 2063 752
3740 6061 494
1689 9201 828
7788 6366 848
8880 2373 548
8922 6526 869
3011 207 925
7887 7216 101
8237 2660 415
8975 1910 752
135 2397 499
8853 57 789
6708 2498 35
8586 1741 503
6881 5044 509
2364 7130 940
3596 3023 504
4205 5262 870
2281 2235 7
4436 2063 267
3679 3875 478
2849 4798 279
8132 2445 545
1606 9716 893
4623 9809 887
5248 2634 819
429 1838 854
9091 5161 735
7988 6843 309
706 8776 111
9505 3845 399
1214 4781 529
4310 7051 254
8036 8524 943
3252 1067 516
2681 6011 256
6859 2408 354
1024 4169 652
9271 943 304
9372 642 496
5240 6893 459
5485 4783 637
7399 2923 700
5378 1878 323
6149 6318 61
943 6408 273
3533 4793 471
9373 2979 987
5764 611 793
9327 2649 964
4345 3426 268
9361 8434 726
5351 3863 67
7737 5592 708
205 4087 450
4452 5363 267
3876 4030 714
8430 8362 203
3107 8100 204
4239 9239 299
2365 5294 98
9341 9422 377
58 1231 621
6340 7263 113
1925 8353 87
3571 5736 828
7215 6102 715
3686 193 173
8337 4248 255
2656 3683 347
8072 4339 777
790 6309 448
4648 2352 916
5859 7847 582
3674 1475 797
6236 2815 163
3652 2220 955
939 1126 155
5310 3620 633
7407 7942 536
7022 9005 825
2625 5085 64
4285 4653 66
1554 4404 570
2908 3418 690
1295 9553 710
4372 9075 858
4105 9640 526
9822 9880 758
429 1890 990
463 1216 768
2942 5199 916
1759 230 5
3590 3912 846
6649 1252 292
4643 9585 216
9723 801 198
7930 1326 256
8015 6341 633
2629 1384 293
9686 3430 108
6001 9453 763
7639 3074 541
9435 1560 755
1442 3824 789
8926 7102 474
5763 41 859
8220 5097 706
7695 6858 11
6177 52 437
1583 8029 490
4995 9738 204
628 7588 690
652 6312 655
4662 6813 31
7028 6079 252
1081 2064 294
8490 8171 280
8352 2153 969
2229 2363 52
1271 6819 601
9021 708 664
9882 4288 908
9581 950 771
8098 3750 387
5204 2679 345
3754 2226 141
8648 8469 224
9249 5772 641
2618 3452 605
289 4423 330
3158 2181 914
2345 3806 15
3380 6108 622
8697 2820 528
8434 7399 689
6086 5229 165
5968 1250 960
8260 7531 486
5304 4758 115
9301 6687 155
5642 7282 485
9649 4330 697
5913 3988 307
5524 7668 619
4758 1116 661
4601 7372 984
3296 2077 514
1349 5177 528
4937 7576 947
8405 9656 911
8114 9198 725
350 9583 239
4324 1095 398
226 5243 744
5939 6656 846
953 6526 641
1594 4676 532
7157 916 328
2885 2177 830
675 2749 824
8282 6488 598
7728 9315 954
1850 6885 747
258 2426 290
2351 2875 468
6425 5317 414
263 1233 364
9604 9677 919
2075 8257 986
7628 8470 193
1834 3759 387
8796 7763 206
2565 5839 684
4524 4896 142
320 1415 821
7739 6086 144
9179 7655 372
1819 4580 839
3669 3969 482
9949 1171 936
9283 2526 880
5974 703 260
6471 8908 31
8484 4953 335
4740 5938 384
3447 952 823
3618 563 89
7604 8818 983
6966 1321 504
9877 3285 695
1820 8864 484
1909 4907 608
8287 1821 722
5132 3532 210
3620 8532 260
4717 2634 960
5243 883 819
732 5773 519
5734 5846 450
839 4144 136
8100 8878 605
8873 7691 166
8074 3628 254
537 1201 399
1272 5290 379
6519 6725 755
4786 8130 155
5216 6136 811
5238 4007 767
2028 2622 327
1805 1092 824
1980 8616 439
8358 3310 501
4567 2710 825
2992 3648 317
3552 6163 480
5960 8167 692
8880 2552 323
2007 1037 407
4246 9365 209
7895 5010 279
7064 908 963
6957 1619 695
5860 2590 716
4526 9683 130
8774 9881 836
8334 1425 212
8924 1208 782
380 3542 66
2603 1432 206
2007 6741 176
6747 9690 225
2023 2459 969
1899 5994 426
3532 8036 100
1497 6428 439
8284 3696 708
9644 578 705
1635 2382 171
4680 4992 720
3636 865 52
5853 5865 69
2203 6835 144
6774 4975 389
2482 2232 473
9271 8938 777
9920 1185 774
5111 2121 225
8255 5410 322
3993 765 118
1745 4088 711
5637 6891 883
1291 2802 833
526 4329 129
6507 7240 897
5986 6960 647
9130 8383 681
1218 6078 582
1244 9914 170
3533 1351 484
4011 2020 91
6916 2799 250
8497 279 884
3220 3686 61
8608 8293 945
9800 729 297
2914 9468 367
3402 8769 31
5253 156 58
7013 2063 70
3781 7947 149
9852 8031 762
1333 8205 592
284 9691 39
6071 5723 895
113 9392 882
7322 2130 641
4355 5749 588
321 8064 558
7746 4877 978
2382 4971 446
2564 823 72
6197 1589 119
9013 2921 582
9994 1242 758
6659 9263 966
5483 6670 848
2371 741 270
4944 6209 1
5668 8064 527
1973 925 444
8387 7530 289
737 5561 426
2553 3443 322
9949 3158 25
4654 6842 707
4970 8995 605
3598 4848 158
7896 8351 790
1133 1823 453
9734 313 407
6768 2043 213
1905 4126 148
4128 7855 253
6378 878 281
3974 9486 816
8669 8071 188
1295 6582 278
1170 3539 994
7276 7261 231
2702 1871 468
4953 7520 250
4519 6623 29
3246 2315 750
1659 1211 218
4866 9974 338
9963 6218 759
3174 4872 371
3109 7911 141
1293 6109 491
9528 2976 967
4842 2633 111
4321 5444 280
131 2310 428
9791 9247 734
3007 4244 336
8276 7304 918
4299 117 543
5675 8922 442
7748 9258 182
4551 9448 78
9134 1852 324
5238 8701 716
6550 2063 613
6031 7462 909
8206 4357 951
6461 7955 515
2709 4730 49
9749 8695 460
3776 9791 88
7803 4202 910
3527 967 719
8631 698 408
6022 6781 38
4485 6839 480
5693 5197 449
2449 4944 389
8684 1450 561
1748 7584 636
6306 8346 823
8932 6219 737
7602 8116 107
536 8557 128
9242 9032 120
5192 4816 884
9598 9876 380
5662 311 512
7589 9603 389
8422 3297 598
5760 2202 759
2522 9986 402
7716 2330 832
4437 6774 767
9731 7082 238
6626 2738 237
7901 9923 682
7711 4875 399
7308 5257 117
9435 9521 581
295 8691 482
5450 5942 225
2932 5722 672
201 3815 526
6437 9290 357
9526 362 690
7427 4063 385
5520 5163 162
5011 3718 888
7436 7000 466
5362 8108 75
234 4379 264
4406 4171 568
479 4347 689
6850 9286 914
5307 938 309
8326 3679 792
8076 7441 574
78 882 298
4538 1112 371
4459 5792 301
7931 7172 828
1378 8596 967
3564 5010 463
1167 8709 789
1141 7988 621
5821 6643 640
1740 2043 711
7622 3084 27
9690 8912 742
4216 7370 47
9799 875 998
2041 3881 436
1797 7413 378
6287 9967 430
3427 7525 592
8362 488 45
6110 3549 42
3782 4855 783
9173 577 318
8023 5705 206
530 5036 496
611 5634 966
8185 5878 764
5923 1560 383
345 6911 29
2464 5279 529
2226 9310 825
2208 4524 175
388 8913 870
7040 9120 481
5282 3428 520
3352 4679 645
4589 956 572
8381 2276 191
4244 1300 829
5702 4193 18
7341 1155 762
9507 8899 782
1938 8343 247
5037 8367 307
9886 4719 197
1662 1502 989
4056 6505 977
2413 2183 839
562 993 297
8375 677 481
1056 5104 482
9908 5031 784
9262 9591 192
7179 4449 157
3701 7724 751
3488 2533 33
6783 3748 880
7520 7655 995
3806 5492 422
8546 638 370
2636 1315 106
8747 8569 952
9973 4396 445
3035 609 844
1435 6615 653
42 4387 807
6709 37 950
7960 8971 189
2210 9080 298
7774 467 288
2961 1833 511
7176 3869 481
6036 7099 12
3259 8640 90
4437 5452 22
2692 2125 69
7526 7543 115
6007 9560 676
8277 233 675
9637 9726 237
123 2046 252
9138 9139 723
9676 8955 989
5220 9992 135
1708 7493 736
5178 6650 880
9585 1291 366
5538 1169 354
5817 6069 135
2505 7623 266
9259 3797 639
1873 9973 382
5079 8501 656
6256 6121 818
2694 9608 891
7917 2723 198
7046 5459 26
5792 1813 321
4635 118 455
166 8942 868
9931 6305 750
2008 4103 440
2438 396 358
3375 1680 159
8257 9759 229
3378 570 236
7012 6322 578
3410 9643 494
6869 7167 951
5688 2233 113
3492 6048 620
6726 130 609
1154 5560 50
6478 2701 376
141 9978 539
9476 629 941
8011 971 635
4861 7135 315
606 4360 335
8037 5878 917
9561 1890 322
6438 3721 199
471 6414 832
4282 5100 133
2521 1163 347
8202 1242 948
1677 9392 812
1940 1990 633
6298 3091 89
8332 7048 756
4089 2677 490
4494 4896 187
1495 5330 610
3994 1908 851
6271 2895 135
393 3240 202
7714 5712 358
8236 1357 498
313 3676 192
7056 6326 432
1655 1464 732
7907 2656 445
1082 4019 767
5177 7158 456
6964 833 518
4420 3074 191
4574 1703 788
2196 4450 844
7894 1842 225
4663 7428 773
268 7566 781
7955 3877 666
2326 3828 618
9777 9253 325
5542 3630 375
1693 5909 893
8444 1506 937
5649 1893 893
5167 872 372
6875 6141 618
7383 2687 46
6442 8207 386
7670 4100 110
8204 4142 233
195 9960 287
2490 2341 229
8973 7327 942
5305 7028 555
6986 8005 809
4174 8847 150
1267 7084 945
5948 7095 656
1856 8225 715
2167 697 660
5628 7390 980
7395 7236 558
2348 6752 749
7376 7704 311
9593 8417 472
7641 6751 870
3697 3916 511
9685 4454 620
9315 8712 275
7915 7483 172
7378 1193 763
3975 1904 910
3976 3542 797
1107 1459 303
5932 6908 788
9951 5625 243
4022 7070 842
9498 7602 151
5338 3259 204
2348 3271 799
9166 4473 591
2077 5950 839
5625 4187 486
8406 2686 100
8700 9541 474
3443 8829 388
1521 131 1000
3022 1010 703
7520 5902 330
4729 4499 43
7801 6802 928
9942 7279 586
9031 569 463
3800 7012 500
9497 9782 205
3668 3242 921
2425 2730 531
7899 1875 268
4989 3167 13
4156 7754 553
4921 6006 26
7204 4356 79
2013 6877 572
3112 97 33
6758 5784 942
4914 368 770
6243 78 54
346 7111 594
3520 6028 305
9595 1947 523
9910 178 575
547 4282 245
4856 6002 459
5903 7637 762
5472 7121 232
4347 3977 683
4021 8240 457
4233 5030 328
7349 8096 565
5128 4568 6
8863 3611 450
5637 6063 926
1338 4829 79
1798 4473 997
8447 1404 344
9047 9112 221
2590 7467 922
2453 8543 330
2351 7021 411
6983 4036 636
7419 6302 129
3791 389 177
459 2932 132
1010 5886 788
3091 8478 713
1600 3901 187
4059 416 322
2099 7712 658
3252 4354 382
2141 5860 693
5240 3533 247
6956 6246 172
742 2441 352
9547 762 740
600 3709 261
571 6521 672
6572 7736 134
5955 7804 193
385 3682 569
939 5253 953
324 6232 729
5347 6692 520
739 7809 87
2785 6028 323
1438 7253 834
2086 3532 850
2646 2321 228
6959 1446 337
136 2559 521
3679 3180 707
1922 6762 291
8649 4607 271
4744 3625 921
4845 2221 81
2015 2276 944
1118 1435 317
8519 2061 330
7147 1313 413
7481 9536 879
1400 489 907
7952 5299 6
3399 631 105
9409 7817 840
7635 4478 650
3799 5994 931
4415 5320 763
1744 9215 18
8916 8383 961
7163 7287 964
330 6232 707
9548 657 966
5623 7959 889
2959 8529 763
8948 2528 545
9119 4952 503
7781 3959 467
3061 2152 796
2181 8066 713
8875 3745 401
3264 20 511
4900 5210 153
6686 8652 64
8358 3950 679
4406 4431 403
7750 1014 894
2318 3685 111
8312 3228 632
8938 1569 306
9665 4971 400
5784 846 441
3393 4070 418
8810 7486 152
6678 1652 618
6467 6678 656
9792 8070 75
8038 1492 250
5518 1717 449
6761 9947 788
4025 981 13
8551 9689 329
4063 7730 658
2702 8981 558
5841 1729 679
5822 1078 90
5555 5136 775
2310 8246 691
9969 5023 213
6445 2171 804
9950 6476 80
7719 4508 186
7443 9161 108
512 7659 938
9681 6654 176
3308 2522 671
8326 263 498
8011 7232 912
2770 1905 873
5645 4513 433
1127 776 400
8422 6976 193
6062 4320 681
7739 9626 756
2290 2839 745
7808 8007 170
9912 7231 730
246 6061 476
1931 2143 228
3415 4319 939
2663 4652 743
7794 6800 717
395 3038 124
1577 2468 980
5733 9745 129
8044 953 667
650 2891 903
2656 7657 120
8879 7246 300
9294 6438 195
6230 9605 983
1323 7441 346
2798 8942 956
8150 8028 824
236 5519 923
1021 339 239
3828 4252 321
7731 2359 647
876 470 546
8421 4467 668
9073 3249 113
6010 2830 934
4785 2316 528
1390 5155 724
1098 9335 348
6682 9999 45
7310 343 195
128 7579 723
3024 2438 447
5533 1877 455
9346 2387 831
5981 4957 757
1122 2935 808
7317 5476 458
947 8961 635
7480 6080 148
3806 133 779
1120 8811 831
5588 7189 30
5788 4284 983
2724 8248 545
3014 8896 693
9234 1117 215
2560 4115 838
2571 7068 183
5037 1086 122
782 5442 255
6362 412 221
55 2099 994
9101 7060 973
4994 9709 860
3490 6167 293
8205 362 726
2276 5810 75
6913 574 909
1570 4652 99
4042 5826 45
3590 1928 483
9612 9735 758
3031 5906 9
4849 8191 930
2375 5551 378
7250 7116 55
3883 8287 506
9986 3142 242
6321 1176 540
4650 5501 662
1538 3676 238
5005 8717 95
943 5579 903
2296 4128 287
1129 6505 847
337 1402 938
3860 4823 595
7190 7842 279
7396 6806 356
6441 7759 762
1871 2385 920
3353 9455 597
681 8379 773
369 2003 455
8875 1528 794
2059 7106 42
5595 9117 140
3867 3975 942
7626 1710 1000
6699 8256 998
9835 2990 957
3595 8916 993
7478 3679 293
1134 1313 354
6217 7659 69
3281 6820 792
2327 7163 844
2496 392 618
2078 2352 497
101 8671 909
255 8721 87
6374 3906 847
7508 8639 5
1323 8765 194
3600 6649 499
6475 5991 307
6844 1725 381
5535 6521 585
7334 2851 411
6162 9540 149
3117 642 371
9150 4787 956
3546 6710 67
4198 9900 934
1172 2255 845
141 7352 732
4861 5285 380
1637 6167 671
9825 9979 321
5521 9686 978
7513 8520 786
3833 4384 711
888 841 64
9854 2817 155
9409 9187 152
5233 7502 593
2460 9251 772
4416 8704 592
6234 6216 160
28 7720 974
175 2374 407
8716 7340 407
5363 6082 35
9482 8000 650
2088 9461 81
9510 4820 531
8908 7989 85
5237 820 163
4176 5721 440
3310 1130 489
6924 3986 698
7308 6030 808
8829 9697 659
3611 7692 150
5 5747 446
6430 2171 587
9684 4714 364
1107 9476 455
513 2102 918
5209 666 841
4085 9669 512
6111 1475 50
2841 9745 823
8892 9232 724
2250 8627 651
9301 4044 886
6560 54 372
9307 9929 996
5080 974 765
2954 9083 602
3198 9014 551
2160 8739 524
2341 6374 386
1510 4928 441
8618 8560 883
9649 4496 228
1461 7810 332
3346 199 953
4951 5208 164
5894 827 258
9909 4774 481
3826 5349 454
7471 2083 950
2839 7100 562
742 727 348
5431 4381 949
5807 8763 583
1842 5789 269
7366 155 335
4421 5349 63
7002 6032 531
8654 2391 118
5141 1982 204
5424 6858 761
3518 4142 935
3400 4761 209
222 7876 600
3845 5379 566
1977 6441 890
2527 9220 156
5202 9650 257
9849 2625 550
3701 1644 913
7706 658 33
1305 8637 282
5267 1292 455
2898 9311 268
739 7806 188
6724 4153 379
1893 3960 880
5809 9368 980
8 803 738
1382 6240 183
1734 1374 781
6995 1003 568
1212 8380 862
5076 5752 128
4265 8261 288
6889 8211 756
5810 6351 175
8713 9313 456
3130 9685 177
2412 8057 904
5714 6041 931
7214 1269 78
1217 2480 939
538 7456 704
7218 9083 114
6012 6564 19
4408 868 342
3691 2241 356
9606 8753 862
140 6582 50
5250 8908 614
6464 1616 822
6382 3897 41
8690 5280 24
4893 9073 376
4374 7834 486
7220 7312 773
9314 4908 850
8584 9568 538
1028 5725 8
21 274 284
6702 3300 2
3040 8568 126
3646 7025 522
8299 1543 840
8809 1451 800
7838 9251 932
7372 6097 858
7247 5106 189
3759 3999 380
7944 6066 774
2023 1356 242
3808 3212 944
2942 8763 175
136 5721 245
149 9550 952
9354 7915 181
6138 7041 856
7764 5343 924
2178 6945 359
9060 150 544
5598 9643 847
1376 2270 550
231 648 779
529 8520 572
1875 8673 122
4142 2367 123
3885 7742 327
6780 1375 546
256 4474 552
7683 7771 691
1662 3732 364
6249 5204 753
1988 646 268
1570 5875 952
2200 28 201
4138 451 29
9458 9613 628
9295 8797 623
7904 5254 625
8245 7496 589
6100 672 544
946 4005 4
3193 7550 613
8051 959 131
6780 2749 492
9963 5595 607
2273 5997 691
4283 2931 135
5660 4054 369
4630 8929 587
7649 6044 669
8695 3067 452
994 7505 709
176 2105 683
2658 7962 130
325 5404 393
6210 7025 20
9249 1605 662
3275 1077 959
3022 9060 277
7921 8534 928
7412 4795 185
2068 7619 816
5449 7677 936
4601 4541 258
9240 3720 839
2604 3586 158
2910 7464 469
6619 2775 770
946 66 599
6267 8145 350
8977 9537 710
3862 5820 713
2331 823 144
9116 7459 439
2346 7337 644
6148 9418 888
2835 271 424
8479 2606 838
9715 9060 734
8620 7709 249
8585 5372 848
310 1904 206
371 2100 690
4926 2942 214
7322 9400 109
671 7968 586
3401 2696 507
5236 8994 682
6014 5421 8
2293 1921 265
5257 3649 425
9989 2881 197
5563 8267 15
6439 3609 853
3977 7359 977
2105 4570 351
5872 5189 768
920 2401 83
7402 1686 163
4399 4166 83
2901 500 789
3143 7531 634
1159 3029 929
2343 4383 332
5795 8292 213
1785 147 820
5939 926 139
128 5716 390
351 6510 453
631 5919 871
4921 9725 407
6727 1940 206
2832 3802 585
9254 1708 200
5722 8315 946
3369 5475 907
7626 7230 731
6368 1252 758
1328 335 128
7661 6666 443
9810 6373 264
9214 1231 425
7062 4817 396
1949 444 920
4432 4919 555
8818 4476 238
3691 9171 921
1518 3771 12
1227 7369 408
8410 8785 818
622 2611 523
5525 4474 481
7737 5227 158
1787 7564 912
2893 3203 568
8575 6041 146
6502 8185 224
8568 1464 347
1187 217 349
6888 7113 929
5417 9133 49
5897 3259 265
3956 4127 290
286 5907 174
9152 5892 728
5167 4889 520
1237 1397 877
4149 4167 162
2329 5034 590
6277 7407 819
8044 6636 685
6318 6793 97
6320 8486 593
5066 9480 57
4695 3170 335
1156 5690 597
920 2419 177
8895 6422 425
9483 3040 244
1249 3661 775
5550 2201 668
6682 551 470
4266 4200 672
8691 445 73
5073 3664 130
7219 9797 310
2323 419 432
8145 4681 814
1585 5986 205
148 9228 196
2645 174 889
3986 9047 642
8013 8588 248
2008 247 394
4040 8473 444
4530 2440 921
9816 1104 47
4303 1926 834
419 1523 744
4853 6199 946
373 244 200
4533 9579 318
8820 2388 760
1406 1399 471
4786 6371 742
4737 7071 364
6519 124 936
6223 8239 583
7173 2719 532
6174 473 486
7556 1688 75
9998 5227 791
6122 8419 270
256 8031 282
9984 7821 477
4740 8464 983
6835 3764 621
1524 3846 99
8490 7108 624
626 9833 223
3212 3927 655
3046 3674 65
577 9691 317
1258 9250 134
7641 4009 472
8290 7126 574
3022 3804 105
7184 1454 693
9437 1429 229
6971 7290 964
8691 1548 375
7298 1780 963
471 2715 600
9261 9028 285
9325 3250 830
7599 6413 436
1883 6740 813
5206 8252 298
1497 4316 7
4472 9624 530
1573 7754 257
9846 1448 486
3174 6068 251
4630 2427 803
5176 1884 198
5773 7555 182
7897 657 236
397 4492 153
2560 6387 101
3609 1395 444
5952 3867 812
9765 9538 663
5695 9062 824
6362 3600 731
7167 3796 89
6619 9151 966
9605 1270 607
3364 9917 322
4584 986 928
4299 8744 866
113 9632 29
5673 3216 647
2686 9925 703
1361 1168 209
9322 7843 933
2134 8254 125
6243 2328 111
1270 1939 294
8046 9352 194
1684 1231 103
7380 9928 43
8499 9637 99
4117 2878 158
8387 579 193
3476 2117 550
840 1124 997
1147 2036 470
5622 1681 961
265 7252 907
5593 2887 475
2740 181 951
8586 9211 134
4286 6772 30
9707 3933 6
8809 111 338
8762 6552 572
2608 5617 453
4393 6220 289
7838 3310 938
7761 6755 17
3259 3016 50
2632 9680 942
1176 2934 328
1770 1354 796
128 4743 8
3860 7733 935
6432 9765 984
9321 2354 803
4989 8574 207
7759 8488 911
6459 1234 631
2664 3172 240
1112 3212 552
4168 1791 78
7098 6764 814
2324 9264 237
4096 655 159
5952 9341 468
83 6595 641
1591 2757 981
4927 7793 546
6182 2035 811
4770 9465 99
8570 4984 153
3788 9752 663
6276 7756 518
7623 7600 442
141 6514 373
1086 5574 344
5873 5097 382
2454 3665 305
4009 3804 507
7776 7599 750
793 2402 738
1212 1140 419
7358 4839 28
1210 4790 925
601 2231 698
9476 5652 575
1012 4494 470
9359 5609 687
4906 8773 772
148 191 360
154 6420 138
5653 810 506
8827 9738 561
2133 3274 663
647 7480 508
1982 2022 843
7014 5461 492
3559 1117 659
6460 6069 265
7050 2292 792
4519 3359 20
7467 8097 210
3918 481 846
712 7006 135
8137 1978 564
3220 1849 342
518 4262 788
1262 5276 278
7274 6036 77
8424 3468 916
7061 7409 237
3908 9757 769
5110 2098 619
359 4838 75
913 9559 350
1480 9534 589
9420 1567 555
6331 77 30
5212 8763 808
5836 6929 981
8154 2784 331
4538 7696 712
5072 1001 79
590 8195 170
8743 1031 115
7967 8409 368
461 2713 169
193 1073 425
7036 5150 778
2372 2822 45
9821 9928 770
3256 2378 884
3081 6380 597
1122 9023 210
7349 8712 849
384 3798 182
8879 8726 650
670 2394 339
7582 2211 387
5843 5912 941
7629 8824 288
612 1569 597
2661 6725 289
5522 7532 313
8897 4217 148
856 7317 837
3264 5096 414
6084 9796 565
6807 5737 420
2048 6622 342
9704 9246 938
9207 2836 426
1120 9459 460
1112 9637 246
6419 5363 213
4130 1456 690
787 4170 536
9776 3282 568
5213 4906 643
714 8806 867
2269 8822 832
9556 14 693
4554 1367 697
482 3777 407
3402 193 856
3984 5548 471
352 5038 524
7080 4812 732
4754 4532 192
5121 9997 30
4491 3356 761
4341 9520 954
7854 7372 317
259 1393 657
192 8500 82
848 5893 288
2220 7039 219
4258 9567 200
6903 4209 90
9707 6760 759
2185 1019 727
3160 4254 675
4397 7355 302
8689 3299 399
7645 9013 428
3329 5865 737
1770 2924 96
4049 1306 816
9011 4556 802
309 1210 106
6969 9741 531
622 1509 500
4884 742 943
7690 5072 530
4700 5835 139
7932 9780 54
1217 7256 729
639 999 894
4365 4247 823
1040 5567 422
6410 1710 626
2079 7394 641
7367 7225 493
1621 7557 840
5988 6606 134
341 1751 453
3172 2908 672
7543 1400 555
5275 2336 731
6288 974 199
9151 618 678
4365 4069 13
6685 5609 521
4366 6536 369
1658 3914 901
8932 6542 301
5982 5120 707
3923 9483 402
7721 2695 550
7721 1336 191
4090 3354 10
1008 4366 288
6123 1254 383
4795 9254 940
8919 763 121
4086 7057 751
442 3437 733
8511 6607 138
8756 5118 849
8471 8337 339
8712 1052 17
9707 1802 125
7352 1135 340
1645 7502 532
9008 3802 125
2262 6312 981
3186 9985 796
5896 9397 332
1880 3326 414
5026 9962 705
2889 8858 948
267 7710 870
8414 1865 973
1219 636 181
4438 5702 74
2544 1460 40
4831 5002 959
5171 2079 76
3911 9676 175
5558 1431 794
4272 165 707
4274 8933 178
949 1822 361
7388 310 693
754 8152 581
229 1306 637
9386 8596 602
4690 5318 139
1225 8137 980
2893 5409 827
6454 8297 656
3273 3876 139
4599 8203 971
5672 9492 236
6011 4781 475
7203 7496 446
8090 9394 765
6264 8639 388
3691 4761 509
4044 9960 112
5200 5677 909
1863 955 599
9229 799 972
3560 5380 939
174 9042 299
8397 5569 440
4083 6521 661
9898 8986 719
5708 8851 814
2954 3233 395
9865 8439 245
6595 472 967
9567 4665 277
9077 5618 573
7267 5168 33
194 513 984
7051 4790 554
1315 3500 68
2217 440 3
4352 2366 996
5238 6541 633
9381 6152 846
3265 1380 933
8670 1532 218
6168 5434 145
2218 2070 555
2403 7446 104
6739 3603 295
1772 1496 911
4297 7592 825
7071 952 712
4001 4417 981
7086 5087 704
9826 2861 255
6543 6333 812
7863 5711 954
5581 1700 279
5619 1949 106
7473 2467 780
4290 5593 145
9193 6672 818
1684 9692 671
9321 3627 221
4429 1026 530
6058 4621 446
8392 8463 631
4711 8571 167
8180 3227 152
4603 8970 976
8785 6598 642
1814 8539 819
6911 2229 697
9906 1600 813
2536 423 745
97 2253 885
3114 9643 910
4393 4569 258
8669 5890 599
6465 7080 547
4433 7043 109
9327 9223 683
9843 6666 441
3454 3520 795
2141 791 976
49 6839 353
9186 9816 640
3729 5744 451
1747 7981 272
8830 1435 265
9566 1147 41
2863 6619 289
6210 3382 940
9269 7462 534
8423 8980 448
4408 6548 269
2357 942 121
7707 2357 32
3010 1260 527
4419 8469 59
422 5385 158
3652 5706 339
326 1349 600
7156 1316 515
1520 968 647
1787 2220 699
9905 1761 859
746 2030 114
3603 1009 132
3892 4041 518
3745 6426 616
1023 3649 787
8793 4271 945
6924 2916 452
1837 7264 382
6394 5948 322
5424 4166 931
36 8185 736
1117 8668 149
6588 5883 30
9884 9038 716
4757 9023 794
4785 8333 917
5499 1327 371
2412 3664 968
8891 2071 493
9813 5502 601
7931 5379 430
9002 5593 560
1959 4439 447
2967 9679 863
652 6784 515
2246 9872 803
352 8103 765
9802 2049 401
6888 7511 757
4074 2884 664
1156 261 977
3900 141 537
1030 2118 416
7113 1842 495
4026 299 817
7979 3010 533
3000 4897 1
5949 812 100
3983 3753 558
8842 2792 661
4855 1518 367
4385 9534 311
9992 550 164
9327 4368 666
4396 6036 193
7323 7253 977
558 5277 590
6539 2607 295
3396 7582 584
4562 2687 766
5124 7914 866
6809 2796 757
2242 2929 411
2500 4299 93
3617 923 798
4391 2588 765
846 227 487
126 7640 915
2069 9229 959
7357 8266 630
5273 7289 90
5285 8406 19
6739 5591 110
9205 8427 481
1069 9828 692
2829 5086 908
9780 1324 621
6230 6296 679
7590 348 806
5358 572 77
3927 6763 247
6679 7533 78
4778 8196 480
1865 5332 388
5941 1783 697
4517 4784 853
43 111 636
1828 3282 122
4718 1617 229
7953 8465 574
2353 4898 409
3529 7435 809
3663 8335 684
4920 1309 321
7810 2723 953
3222 1377 352
8051 2039 402
7297 1905 481
8706 1164 565
5887 4825 498
2675 3238 553
56 5318 593
8705 8076 512
8084 2124 382
3212 6275 642
9443 9205 570
9486 6091 466
9403 4708 816
5826 8366 888
5031 4461 141
3429 6303 664
8834 7138 650
7659 2710 578
4773 7525 251
9919 758 911
8769 821 468
3215 6963 651
8524 1307 649
4457 8914 618
8630 1355 793
2384 1036 150
5637 7845 167
3043 1074 390
5567 6560 928
5005 4626 757
4509 5461 73
7972 7620 716
3328 389 813
4825 2083 701
354 7977 304
8438 575 645
8769 4383 84
804 3718 203
4368 289 833
6728 9396 644
4172 8049 362
3539 8147 441
8433 9820 655
5223 1055 424
2473 1124 576
7560 9844 609
3092 7397 364
2075 4642 10
6276 2548 959
5527 3198 858
3525 2609 30
9196 8726 756
6530 2355 16
3306 660 680
6953 25 194
5607 7210 553
3488 7065 79
8425 8757 476
5997 5630 925
4497 2322 14
3686 6026 975
405 4612 339
5182 2995 179
2861 7245 561
5488 6277 118
176 4034 315
5132 594 624
3505 1726 944
4856 9957 755
8910 5706 20
5549 1763 289
7355 3324 238
9459 9669 433
4139 2080 838
5030 8324 112
6402 5503 645
9955 4565 198
1606 2437 976
4565 4921 159
6378 5416 399
3908 8637 698
942 3426 280
436 2454 773
9492 6416 285
1177 6242 232
370 6610 175
8652 2862 893
7904 6049 852
2407 8524 385
2363 6020 269
22 5013 523
2361 7966 403
4895 6816 932
4685 6491 435
8768 4740 896
1309 911 123
170 2193 486
8311 7357 559
9629 310 623
6602 4391 727
1838 5388 868
1048 6966 681
8020 4905 101
9867 7046 634
9174 3571 247
3242 6115 185
282 6982 916
3395 5041 842
2750 3567 429
4170 1873 698
2622 4635 146
1772 3413 718
9366 9121 25
9565 146 604
3731 4742 560
3730 9812 416
1412 3370 868
9511 4281 911
1488 5148 856
6018 1134 448
1042 8877 78
8431 1721 827
2355 1900 762
4691 183 151
8918 7135 925
6385 2396 864
9128 397 982
42 6354 900
2975 7891 231
9782 8655 285
9165 2982 747
9869 7193 217
4184 7796 119
2545 431 896
5131 8484 233
9785 6732 244
7332 2619 654
4220 2129 319
4440 7457 845
6667 2301 914
7366 843 65
9607 8488 432
9599 1896 688
6930 792 39
6231 8219 601
1914 6675 375
3370 6464 514
7577 6161 467
691 5295 252
8503 2184 110
2177 8028 600
2844 5944 947
8110 8294 976
4629 9584 536
9506 7356 939
9173 9415 906
3577 1514 314
9948 2591 810
8240 9561 612
1982 9288 533
8633 5146 639
9346 1640 244
9282 1498 470
4313 3679 653
9692 2673 423
6528 8230 134
5600 9340 400
6268 2715 250
2451 7431 435
4028 3339 729
6440 7301 761
63 4586 804
5083 8891 53
6393 9803 91
8847 5303 460
5598 3644 971
136 2043 369
5577 2981 478
8342 6836 904
2516 9948 651
8098 5253 607
6643 962 91
6885 31 548
4577 9379 24
1712 9264 824
5102 4604 146
3596 857 264
156 6085 34
4295 730 190
6686 735 934
4463 4298 613
89 5000 905
62 5249 539
3018 6959 665
3795 3405 707
391 2218 651
1194 1528 609
5186 3110 905
953 5909 602
4834 1173 994
5620 7115 839
7760 8253 480
185 7230 255
2435 4260 230
675 9015 510
3853 1342 448
4420 5815 188
6313 336 245
13 9605 447
7590 7016 978
5608 8055 107
7935 3367 545
3271 4057 805
5531 9084 130
4233 5279 403
3984 1188 612
1974 6163 118
4238 5063 467
635 7972 11
2721 396 135
9928 1790 312
7583 6056 224
4169 3916 117
465 6043 589
4217 5314 59
472 7079 915
8633 2929 419
4052 3523 706
3694 2511 901
4266 6908 274
1460 8282 255
1474 978 956
6945 5594 371
3299 6233 27
1276 2641 830
2059 2898 509
8181 3205 324
3701 2793 633
1753 3149 654
3351 4154 793
2570 4529 624
1355 154 309
6291 8465 468
6505 4147 703
1018 3470 329
9726 2830 823
913 7964 414
3300 9868 59
9414 6129 948
3007 5192 848
6702 4792 405
6552 1872 19
8230 2009 644
4260 2492 342
1932 4083 68
1898 1105 286
6148 8649 795
9259 8190 517
6095 1353 794
2348 2046 742
5936 1523 957
6340 6661 263
8961 8650 513
8036 1312 343
1963 9321 104
4594 7749 308
9239 5207 235
7230 2258 412
8350 2887 391
6845 8735 677
7784 9120 555
617 2737 719
8686 7123 980
6221 8826 241
466 6535 476
5118 2556 57
4886 5143 171
6912 4648 41
3710 381 761
465 5324 457
602 3231 977
4472 7695 147
4634 5030 825
7123 9329 80
2636 5143 558
5420 2224 800
6336 7111 285
3396 702 237
5589 3299 112
5752 4765 305
8984 1124 684
6801 3506 594
8914 2589 237
4479 524 607
307 9941 107
6329 6713 435
3628 1110 752
3803 2761 403
5576 3962 486
9217 9025 491
1492 2682 838
7535 166 516
6438 6207 340
4736 9730 300
9456 6044 716
1073 4349 669
8542 7342 365
94 5992 994
1953 458 519
9043 1417 238
136 1274 387
6128 4878 124
713 9031 493
9193 4238 356
4878 5056 283
7462 8907 304
2051 5711 331
1558 9245 309
7391 5737 560
6529 6519 908
3131 112 497
3229 9415 73
75 9596 15
5087 9162 579
8588 9743 574
1532 8381 682
4596 8515 142
5208 7371 483
2058 4902 668
8286 6268 372
3461 576 509
7853 4058 331
1118 4436 869
5580 6979 551
1364 734 195
1360 2558 275
9823 2010 713
3700 1189 320
7880 6806 285
1255 9905 804
8066 9465 552
3644 3805 203
7430 6577 872
5069 1444 447
4650 1694 948
7564 4211 212
5031 3766 761
7920 8987 483
4394 3115 916
4820 6942 411
9589 7614 449
1576 6623 37
2121 1821 394
3503 365 729
3465 6682 544
3501 5865 322
1433 651 335
5523 1889 492
5578 206 651
6921 4412 340
5513 2373 803
3739 798 231
281 5292 696
380 4344 870
5256 8635 829
2369 7539 228
8327 4369 710
29 3875 17
7089 7112 718
3631 5298 884
3645 4863 526
6693 8610 325
7894 5441 430
7068 1759 570
2350 7956 598
6386 5056 501
7725 1000 656
5934 7845 6
3462 2411 297
5478 4151 278
2245 1817 616
669 4662 434
3474 4314 994
6190 4746 327
7366 3359 122
7776 5751 15
8984 2432 373
8668 3252 219
591 1228 898
8222 2241 629
7872 7007 292
1849 9236 932
4840 3936 284
6908 5452 727
4065 8631 503
128 6402 445
9948 2571 301
883 8859 948
9099 2965 529
8512 2390 340
7712 3838 250
4846 9834 560
9747 4706 746
6928 4836 232
1633 1330 588
2775 2819 714
8788 7062 901
3496 2308 424
6703 6713 52
7019 661 982
8245 9594 640
2417 8279 563
8864 4681 936
8989 2668 791
8311 2810 420
1060 6724 821
9936 7336 352
9426 6768 703
404 4530 401
1994 2496 49
7600 704 253
7036 2352 757
7688 6955 745
9307 1518 644
6310 6667 12
7222 8907 671
1692 3405 454
8950 7138 185
4847 3640 121
3055 2839 865
638 9011 861
1278 212 143
3060 7695 808
5175 7707 645
5430 3465 789
9785 3877 739
3799 8809 624
8928 7426 331
2448 1188 458
3860 7256 398
9826 2607 4
1566 2304 297
3106 4046 535
1546 8794 843
170 1171 135
9978 5263 282
2601 3715 472
3746 7774 380
1508 1638 955
1864 3566 466
5255 4506 365
5858 103 83
7335 6833 238
9681 8846 738
2823 2061 413
5500 4590 215
7555 2588 563
3290 3718 49
9790 9066 409
7265 5615 757
4847 613 846
3308 9940 19
4320 4707 790
4580 1285 675
4709 6710 232
4122 6873 15
5989 6383 110
4860 4324 770
5503 9902 29
1927 7019 489
5937 5649 477
13 2242 346
9441 289 610
1256 9565 775
7858 1576 1
8555 7290 745
7891 3841 183
8820 3631 596
5324 7897 517
6801 8050 828
3084 2282 925
3309 4212 170
9549 2494 756
1738 3434 895
3213 4108 227
2205 1324 746
3460 1275 619
3472 6169 66
9187 4366 5
3899 1294 94
5589 3483 653
6216 9766 566
9507 9518 82
2121 1090 988
3210 6379 301
3191 5171 754
4960 1114 380
8540 5426 120
8741 331 37
1128 1545 243
7319 5995 243
9788 5872 729
8870 5225 550
4706 9292 670
8243 8445 92
7410 8677 294
5742 4966 866
3782 4639 673
9071 2670 406
4461 4526 484
2387 6056 56
8146 4677 383
9741 1395 595
9103 9179 547
3587 8946 306
6520 3673 934
5082 6124 277
2495 1324 860
8355 3977 689
2340 1152 15
2853 6012 894
9619 7728 636
8650 2535 170
9421 3875 514
7082 618 69
8123 241 477
9099 2989 783
7828 5280 210
6558 1077 121
5117 9407 658
6385 2710 656
941 1717 59
6099 6987 983
7722 554 62
3070 6830 677
4753 315 281
5705 2734 142
5689 646 198
5799 8721 512
2171 1729 932
3530 9060 733
6511 5158 418
873 3996 883
2728 2415 695
4731 3463 837
7843 6146 932
4042 8200 404
9414 4846 589
9639 8272 126
8380 1154 675
1881 9395 789
9316 7303 57
5669 9832 432
2834 2161 905
3414 5412 242
7060 9668 644
8806 4058 203
3660 8883 727
866 3601 328
4515 4737 23
2314 2317 604
6433 4783 476
8128 9249 468
6015 3051 485
9099 6949 362
5936 2027 579
2016 7960 821
3661 1413 391
6546 1809 156
6618 8719 34
8973 6560 190
3399 1876 952
7213 5527 201
5260 7392 435
92 7445 274
5956 6811 831
259 5085 715
7236 5963 589
8956 6383 72
4231 4307 703
3890 4301 246
3330 6055 545
829 4910 635
5798 6835 496
6408 1734 202
4042 4018 448
8141 8405 779
251 9238 162
3615 8204 471
7772 2019 620
1170 4845 320
1305 1627 612
9142 4883 271
7402 8413 593
5826 16 238
6275 247 975
2193 9301 483
6701 581 266
5206 3421 580
5900 7695 912
6783 2608 402
2206 9472 301
4112 2492 354
3373 4971 168
8526 8789 117
995 6113 51
9365 8038 809
7649 4155 271
2007 3121 591
2606 8960 110
2744 3658 502
1702 976 384
4073 1495 162
5232 9362 721
2931 8815 502
218 4023 42
7220 6171 190
4661 8085 916
3958 8047 431
8098 8604 392
5055 5680 972
9548 9223 369
1975 2726 988
1238 9743 33
7961 2876 145
734 3990 34
1331 2595 864
8982 7001 982
2823 5099 661
8296 2478 831
3401 4232 844
9161 4026 992
7568 4292 881
2473 1799 733
1066 2677 576
7264 6132 959
1094 1877 587
8663 6070 96
4208 2229 49
8031 5477 923
8814 6791 682
2006 8405 470
3571 4107 892
6590 8487 849
3101 8106 408
3632 9339 190
5002 5794 494
5042 7628 134
8904 2819 487
450 9643 55
9419 4276 366
3282 1080 326
1682 4298 30
2857 5930 353
5699 3055 865
809 3559 600
568 9907 934
9857 8594 265
663 3468 464
7134 8617 598
9040 1231 192
7012 2490 164
3519 4733 515
7442 8014 168
8069 7620 149
6191 2148 107
5330 5555 542
9420 3256 3
4679 834 868
1806 6770 326
568 8418 926
1154 1840 305
2697 7442 336
7544 1925 32
2739 3562 174
2328 9069 324
6583 1260 665
2679 3778 953
2829 3421 522
3308 2483 485
5731 7056 498
3636 9611 55
4915 6737 780
544 4741 360
1679 7937 866
3161 2513 7
6058 487 293
8539 9095 506
7776 5077 92
1955 9962 860
7628 7603 524
3411 8539 809
7930 6537 990
547 1905 963
4335 3275 445
1503 9288 348
5397 1018 977
4982 9189 695
6962 3655 604
4989 9327 516
1336 3166 964
7393 7536 218
2322 9088 146
8091 6654 806
3476 8437 978
3216 8868 772
3113 9912 257
4177 4506 648
5331 345 486
8913 8976 496
5035 5689 471
5007 6281 125
5291 2245 78
2870 5614 399
6871 8176 402
2510 1167 685
8555 5052 688
9937 2640 655
148 3213 7
1708 5408 199
9267 5617 993
1254 4634 927
6303 3023 629
3410 1305 579
3260 8502 989
5806 1536 387
8921 5775 630
9237 4471 797
7257 8021 892
544 3146 983
7053 9852 311
4974 7577 909
1131 5074 861
9329 6513 848
9330 6081 100
1250 9271 655
2590 9514 864
7471 3903 209
4440 615 734
8434 9854 241
4492 6609 56
8697 2004 283
7157 6697 813
9376 9748 823
6964 1663 436
2421 7478 69
4060 8270 473
1845 1585 289
4614 7487 547
4805 7055 125
6021 2954 204
5086 5370 417
1805 1071 810
3650 5271 147
6490 877 895
6690 7353 519
7661 7032 403
607 4475 894
5013 4867 570
7614 8129 8
2256 3778 429
2601 7972 464
8294 8772 489
5452 3603 257
9736 6096 550
9864 4771 855
698 9756 609
4888 3589 312
2062 3436 452
8411 4501 643
3514 8830 381
3418 2710 285
4805 6453 647
8615 6337 336
6670 9391 133
8916 6691 680
5356 3927 238
4089 1231 748
4798 8852 675
7088 370 278
1632 7761 765
6609 512 837
3837 832 876
1705 5892 166
4974 6600 617
1012 1855 436
2057 5574 685
7980 1813 254
9689 6530 741
9079 4728 652
4380 9124 159
3598 8742 237
374 8529 675
6499 3461 153
4948 1477 300
2261 8021 921
2594 1771 149
7241 5457 351
8995 2578 836
8464 4232 988
2192 5456 672
6574 9971 168
3529 67 923
9275 9532 810
7536 8673 918
6767 9569 644
5771 6173 387
725 2316 382
5249 7530 463
4331 2535 626
7399 2185 939
6831 9878 603
1671 8956 519
8416 3548 695
5710 658 344
7586 974 808
5474 4409 603
3519 6408 214
2479 2797 883
6629 8199 596
308 6188 222
797 685 569
7731 1690 369
2422 7895 28
4353 2803 950
1208 9770 109
3896 6559 798
6961 2370 122
6488 6220 872
9037 983 34
1939 4498 180
5976 9317 618
3675 5977 128
5601 5955 841
174 184 716
1205 7988 256
1787 7213 670
2766 937 556
983 9967 858
3929 6816 288
3590 8235 347
7595 2662 753
3149 7317 939
9178 9478 202
5564 2179 655
7371 6015 110
2819 4894 856
3791 6996 252
2248 9732 743
4089 4776 839
5729 5683 433
7994 4648 946
2584 1205 883
7325 4844 794
431 687 690
272 4053 429
4415 2587 128
9253 5616 279
9732 4470 453
4422 2952 708
6978 1380 985
5639 2288 420
8013 7326 263
7086 8016 689
3933 6604 149
4642 1024 700
5028 6187 15
173 6029 518
4997 881 986
2835 3613 62
3846 2227 297
233 7722 266
9936 5621 396
5004 3916 16
9599 6295 50
5095 2467 793
5659 2516 665
4136 9663 353
6086 4255 895
5232 9130 110
8211 799 241
1401 7539 325
9993 7427 267
625 1566 71
3762 8231 3
9713 714 37
8116 335 227
4877 1482 198
4845 7733 2
2104 8982 243
5268 3862 159
6079 5878 608
2488 1047 396
8751 2907 19
4379 9391 463
3035 330 714
3409 5059 291
8561 5587 923
5206 5029 46
3696 4440 641
1630 7392 805
4929 3876 109
1932 7758 643
848 9852 500
229 5758 272
8602 4771 564
5519 2592 125
219 3144 799
4110 6710 248
7856 9164 480
1462 7424 517
8437 9423 310
9537 7914 577
3790 7662 492
412 1711 213
158 956 875
8340 818 949
859 2416 971
6550 8781 941
6465 4659 580
4463 809 640
8241 8585 210
5058 3474 100
2414 2390 153
6959 9620 739
2815 7481 235
7983 9827 654
3157 5133 62
832 3063 663
5308 3387 392
1288 2221 838
8 8271 55
5097 3475 943
5187 5656 897
2018 1850 473
1721 9162 86
7060 8948 299
5013 4483 160
7934 7369 489
3401 777 895
4837 5995 777
7291 2671 908
3302 6247 527
7973 6837 952
6763 1990 78
8358 1297 488
7772 499 844
9650 7225 760
3552 6738 905
959 8186 852
7638 4760 944
2575 2767 570
9950 2210 620
1888 7401 51
1327 5581 994
2474 880 914
1172 2243 87
2851 7423 454
4724 9474 546
8262 4072 586
111 9585 286
1291 8991 224
5541 1524 514
9378 7527 305
5862 8896 807
1741 9520 775
8116 6092 169
9834 6861 936
3608 2082 338
7283 4301 169
3033 8338 82
4723 4371 961
1424 7449 676
8669 5328 878
1351 8083 884
5305 3181 460
9568 9922 15
7413 3494 743
1108 7091 973
4184 7504 703
5944 2915 21
3281 2789 487
1889 7751 465
9866 3572 714
5265 7690 612
5908 7708 669
9316 1323 263
2255 4938 963
757 7826 736
4524 3881 940
2235 6867 655
1810 4825 842
3359 3190 203
6155 6790 54
41 2337 896
1114 6125 469
7113 362 487
8969 5028 277
8968 5890 715
572 2197 100
8287 1505 974
3644 1679 495
6222 9661 864
1143 4898 804
2275 2248 14
732 5024 811
5125 3415 518
195 9877 195
2992 5771 636
476 9559 356
5376 7873 237
2773 6811 32
4135 686 387
580 6480 326
8257 7100 131
6051 997 722
2055 5903 253
8516 3278 41
8668 950 195
8020 9889 135
5170 5378 292
1336 6970 384
8522 1624 379
5286 620 152
8596 2135 964
6090 293 107
9938 5666 636
7970 1234 788
7230 5411 1
8019 6465 826
1933 2876 339
8345 8468 787
5041 1565 638
5724 1694 615
2927 9320 44
8028 2278 410
801 4124 879
3620 9384 21
6411 2514 659
220 2052 435
3403 7670 157
5520 2678 649
1999 1867 594
3467 4459 261
714 250 241
3683 2270 227
7937 8859 460
513 9743 341
6484 1637 666
7190 3744 183
693 6506 193
9540 9421 465
6650 4052 918
3425 9161 131
3535 4197 612
5870 7971 664
4318 9071 283
6290 5501 441
1198 5257 95
9039 4274 501
9104 8873 769
3680 1144 910
1931 7491 146
5013 3303 906
855 3774 765
4574 4941 591
5802 9401 906
8749 189 512
4552 5302 376
7450 7418 114
6129 8777 723
9424 7998 234
31 677 28
767 6767 402
9026 6910 416
4867 1103 407
6737 9761 935
6352 1471 162
3350 7568 943
9793 3332 468
6203 6659 594
414 1809 432
5085 3487 92
4583 8164 597
8448 7102 131
5185 7660 168
6213 8447 979
6794 8695 110
8585 8935 223
2930 9103 140
4521 2078 854
5135 2153 424
6916 7161 818
9470 5870 546
1229 7679 297
9005 3179 994
2380 4286 767
4839 421 6
2069 1093 505
9179 3192 718
2256 277 603
4419 9091 974
5774 5838 855
4119 9982 551
8217 8414 388
3884 8374 459
1847 8333 597
6621 1370 673
4598 6225 440
664 6470 249
1108 8932 252
7004 9006 938
1092 6268 984
1601 142 190
6424 6889 32
6294 8504 966
4956 7931 324
7834 2371 233
3455 9157 656
953 6387 835
965 999 724
2315 7728 368
4856 8043 212
7210 20 340
8062 1446 824
224 8717 787
5539 2784 739
885 8375 478
3443 8870 348
8065 9737 265
7432 6936 811
9662 6744 984
3272 7713 377
5453 1017 876
8680 2610 105
4486 1808 155
6841 8987 413
9681 7750 856
1300 8933 725
8984 3595 822
6903 8339 149
4492 7426 877
3458 6711 691
4622 2459 892
7538 4981 396
2304 6404 516
7746 1815 797
8830 9282 219
4320 381 235
412 7445 616
6627 5076 253
9820 6572 924
3153 9586 281
2058 9641 982
248 7252 562
7343 2982 89
7191 8001 62
2883 8661 682
4906 4475 95
5056 2556 363
7125 2977 93
998 6445 443
6644 1483 84
9407 7731 668
3093 5895 114
9777 7212 443
2745 9894 591
5298 7197 463
290 3791 259
8392 772 920
8826 6243 618
4728 2413 775
2014 5206 787
791 9797 807
9798 4111 317
3413 4621 732
6429 5219 902
1360 6144 443
5622 6944 900
442 985 539
5200 2914 503
9367 6836 961
8293 6872 486
7548 8117 561
7862 9236 240
3179 6940 434
1167 5653 157
8033 9809 967
2025 8663 89
5355 485 470
7919 1106 664
5005 6001 851
8635 3495 950
404 7845 398
3898 5210 958
8079 8833 344
2867 6853 125
6750 9810 552
781 3702 768
8729 3945 375
6509 6011 491
7425 5130 264
5637 9429 873
2809 6448 484
1325 6161 930
9551 2753 731
3822 3854 21
5595 7718 544
2503 8404 811
4555 9406 270
4080 5818 753
1407 7753 843
8172 6340 303
6951 5970 763
9885 1074 805
6862 9645 821
4506 7344 451
1552 1404 714
6273 641 789
4397 8836 160
9844 6674 455
9726 3875 700
9183 3062 510
7453 4833 401
517 3268 840
6099 17 837
4213 7654 551
8311 600 422
6218 8913 37
6224 6237 209
6486 1030 228
7816 5178 234
6011 3728 564
5331 5256 438
8823 1167 583
7818 7288 46
6287 1578 143
2377 4196 93
5359 6045 856
102 1150 134
5270 8918 458
8077 141 566
6637 9476 299
2344 8386 229
439 169 622
8743 9401 805
1010 6547 326
2051 2112 713
9842 8230 163
5525 2533 149
3075 948 791
7642 804 131
4878 9245 409
5446 9110 896
1272 7089 861
5274 5172 178
5563 5053 210
3568 9192 710
1647 6271 93
2369 1022 204
6993 7026 997
9306 2584 443
585 5070 517
3405 4967 699
6209 9329 114
1641 6333 323
8568 5655 823
8289 6330 381
8995 3329 280
487 6133 532
5207 5163 317
5120 2614 530
6368 381 291
5237 307 189
7630 6584 312
5734 480 855
2962 9320 127
886 5180 835
4929 7752 204
9381 7808 228
6991 987 68
2338 2672 235
1924 936 592
7012 1639 668
1136 1374 512
2888 952 178
8782 1618 846
516 9741 435
6481 3229 908
9949 8297 109
4768 5891 59
6445 1475 269
8841 1995 396
9877 3293 42
4994 6045 26
7498 7446 279
4061 1885 501
7316 526 642
7982 9402 890
692 7707 598
603 5774 266
8767 4554 564
2057 1769 588
8424 3917 361
6448 9216 13
1513 6673 754
2766 4494 198
3916 6782 122
3427 9697 383
3594 3212 355
9956 3021 268
6475 2719 880
5518 768 217
9150 6096 172
565 570 25
5866 8439 447
4703 4868 150
2791 2655 116
945 261 309
3500 5184 310
5905 7876 721
1221 2398 995
8721 6775 666
9617 5858 105
2147 3006 523
6018 397 863
537 6546 148
7319 3694 578
7781 8649 390
4626 6213 915
7521 917 645
4741 9798 226
957 7676 698
8756 7130 124
6383 4125 180
2636 6106 322
4684 2606 118
6168 8968 22
1769 6224 671
6159 7193 149
6579 6617 791
6040 3312 765
954 1723 665
871 8511 976
26 8086 203
1137 4612 519
8656 591 862
9712 7881 870
2280 968 246
5945 1980 932
6369 184 345
8082 1551 504
2221 4761 43
7177 8839 536
7065 1935 899
2781 9952 773
3764 9391 440
8437 4652 732
6162 1110 835
787 4586 75
8143 59 799
4454 4966 639
3222 4672 652
5786 5489 262
2612 260 101
5008 9099 886
7382 8213 346
7121 3905 1000
3764 8614 660
660 8345 591
232 1407 539
6345 8295 812
4041 14 353
9455 2252 295
8193 7736 42
756 7919 379
4347 9103 563
6379 132 875
9505 3407 920
4336 3026 778
816 5815 10
5659 9084 84
6844 1903 287
2904 8990 699
9746 686 849
2466 2049 998
3898 525 715
2946 275 994
3263 8626 329
5658 2863 394
1157 3907 333
2104 7388 65
2487 6493 44
8527 2751 234
3828 2345 631
4669 4912 108
93 649 937
4441 9464 593
6447 5715 108
6679 5110 135
4161 694 908
4760 6636 2
6049 5548 614
765 6293 857
2232 4674 748
9609 7123 919
297 574 177
2204 2585 784
4683 5811 843
1378 9155 306
7914 4130 143
7487 4626 533
3707 6457 440
998 9669 802
9113 8023 5
5092 2179 499
5845 7947 574
2493 1475 717
2031 5913 57
6320 5197 745
4544 5195 790
6019 9606 574
6820 5068 298
9700 36 406
9654 3545 991
6402 1691 341
2627 837 184
2071 9959 228
3105 9637 214
646 8887 262
3873 3524 859
6654 9649 5
8495 8080 256
6801 2424 32
1949 7582 636
3723 1604 457
4591 1248 778
4013 5071 906
879 7566 46
4074 3021 99
717 2933 957
4931 6903 796
4908 2341 302
8500 9142 68
4196 6967 993
7325 1895 488
5469 6605 140
50 3405 798
846 5266 461
6249 865 319
7153 4011 531
3502 9967 911
8344 1518 426
4669 5910 941
2265 7847 602
1938 410 935
4404 7648 236
1365 936 343
7679 2004 691
7532 6853 911
1752 6163 927
9638 7001 663
5854 143 723
770 7511 159
3212 361 767
2101 9324 660
8618 5723 21
8211 2145 615
3021 6846 886
8929 8084 230
5496 182 262
6635 9379 19
1338 8348 911
4216 3640 120
3653 3122 401
9545 2047 369
2111 4381 906
16 4409 42
7522 7854 85
1784 8487 443
2884 6176 405
6884 4801 211
1768 9467 654
8289 3387 353
7424 5840 551
4661 7114 903
7573 608 197
2563 4546 900
7911 173 339
1474 9553 812
6803 2488 731
5425 1852 396
434 214 869
9195 8048 474
3050 65 282
3204 990 685
7234 3025 728
8877 9858 640
6389 4141 706
9259 2402 929
9587 1613 415
7088 9030 216
4283 6044 567
4589 518 233
4318 2991 678
2987 2190 694
9669 7634 992
3142 2681 608
1265 8902 292
4943 1313 12
135 216 633
8790 3657 197
6416 8545 846
7511 4448 375
9041 2921 737
5599 4726 34
5978 294 820
1350 678 54
6468 5633 857
5909 5586 577
4436 3833 936
4801 6828 747
1448 2064 306
9926 4760 326
6623 1689 565
2426 6440 805
460 604 740
1348 6359 713
4274 9848 679
560 8054 500
7713 4926 375
8459 8289 33
5090 6061 486
3094 3352 909
2686 7080 83
6518 3136 586
2651 3054 277
3581 8774 635
9276 3047 583
7768 6214 820
5078 1148 771
4591 3851 634
9562 7 426
4610 3848 455
430 8869 703
8779 4723 611
7810 516 999
6563 1739 598
8097 3236 311
9443 3596 987
273 4491 116
8646 6049 269
2523 6722 325
4234 3059 909
9204 199 880
3633 2584 30
4677 3350 942
5733 1053 304
2362 3090 789
7187 1056 466
80 2140 556
349 6931 755
2259 2244 258
5268 142 47
6651 2573 369
753 4216 610
4474 7400 767
7408 8530 670
7389 803 70
3355 1014 425
8070 8540 84
8926 5339 534
429 2236 15
6915 7947 690
2270 9657 702
4200 9877 566
8709 119 748
5057 9467 650
4614 5727 327
6919 4675 29
7539 6990 552
430 1031 204
7812 8370 221
4151 9987 934
1978 6097 487
5331 8174 989
4864 2461 985
4713 5645 590
344 3200 518
8997 5932 642
6843 4166 719
7977 4895 405
2997 9313 333
3892 7508 992
2007 1453 976
1043 7583 14
9949 924 697
6302 9308 70
6506 9686 258
5533 6613 482
6156 8495 636
9416 356 992
6463 6563 891
5579 3876 328
5007 4035 204
7087 3722 826
845 2983 426
7813 8833 751
2944 5391 91
6701 1698 492
1103 4617 790
6689 3423 52
6329 8161 626
6425 8293 535
3479 2035 255
7730 8532 625
7681 38 147
1914 4387 521
289 8317 831
7995 971 860
7355 3311 332
5439 9536 12
6520 7552 730
9977 1408 936
4603 3299 823
5286 3498 935
9217 1248 157
5118 8274 329
8991 8690 5
6211 9666 41
5170 1872 996
3795 7147 439
6599 7613 157
2697 2427 652
8347 1000 780
6474 5587 731
1579 2735 14
5483 8310 154
3273 4772 673
225 4855 930
6636 5276 525
4573 2594 849
604 971 127
8358 3221 211
6082 5019 956
7306 9077 191
1642 123 163
3981 6684 947
5921 4075 958
5606 3738 893
2204 9299 258
5761 5853 987
886 405 537
8916 6560 439
1258 1161 90
702 9239 996
9398 5096 28
8398 2050 769
1308 860 363
5607 5907 700
9859 9584 426
1392 9351 555
3716 6782 403
2071 9341 3
9448 4722 628
1991 7066 248
6695 5598 293
4840 795 254
2661 6624 828
6667 8663 602
6910 2005 865
684 6071 253
4476 9541 206
2201 9611 729
1663 4637 303
2849 5366 575
5927 3224 40
1715 3013 432
1097 3610 661
1244 6576 120
4442 8478 880
4280 2785 199
3790 1841 992
6638 6066 322
3059 4288 326
9823 4824 834
2716 6441 537
1500 7358 777
7834 1792 748
8817 412 436
4908 2860 828
6354 2981 752
45 1348 133
3942 6871 172
4473 5485 323
7014 6339 768
4292 2078 832
4575 5736 539
7696 9717 342
8314 5918 24
8211 1744 878
6976 5643 79
3277 4824 627
4553 6543 718
7220 4038 235
5521 1391 626
3274 1252 344
7107 6472 90
1244 232 409
1560 4903 798
1996 3585 121
7263 7563 244
8433 5707 827
5602 1088 634
1683 802 341
2372 2374 557
3892 651 637
1748 5620 168
2742 5313 607
108 8489 125
9599 3316 385
5823 6239 957
3163 232 922
1914 6301 353
4965 934 988
5461 2503 54
5558 4110 158
6429 4807 303
927 2169 369
9695 8168 27
5181 4611 848
795 717 653
9268 1160 849
8374 4809 495
8038 2684 594
7070 7072 128
740 2749 108
1004 8945 265
8935 4117 941
3572 6618 286
783 1839 262
3064 38 394
9653 1056 223
3286 3593 406
7690 3983 565
2912 9974 156
1845 6262 177
3887 1709 417
2463 4269 262
1696 4626 461
5139 8784 919
5108 7724 112
5236 1686 985
1089 3704 853
1275 5375 926
3381 3057 85
6456 7491 491
6595 8644 765
573 2389 900
2638 6847 224
1482 6306 239
2336 702 891
66 2907 484
3460 9927 999
3909 5613 443
3199 9054 21
4908 2065 666
8272 1463 131
9213 7462 762
8547 29 83
9170 4800 958
5907 8605 511
4182 5085 430
5422 6344 731
6372 8818 688
8585 845 558
1837 5369 380
4875 1347 449
4710 2736 720
6596 8783 452
7708 6564 602
8082 9358 454
3320 1225 698
6889 1928 513
2786 2392 362
1256 6768 333
5909 5896 552
3224 3200 571
1015 1099 837
7735 545 33
7954 2452 257
1822 8910 285
914 7628 446
6405 7774 311
6697 1955 806
9429 4728 665
2372 4947 127
1105 8767 887
9594 1597 439
6498 3620 434
2963 2071 485
331 8988 647
1930 9226 400
7175 4227 531
8467 8000 669
6370 1185 813
8146 1720 834
18 3358 137
7981 8214 11
492 4868 340
8800 6148 81
7039 5734 241
2790 980 200
109 3139 689
982 1622 796
9332 2098 911
6217 1165 579
8370 8269 385
2244 1717 219
2112 2918 117
6577 9097 181
942 7793 425
1026 6880 19
4260 6060 921
3346 2600 242
3261 1255 936
485 4864 458
6980 307 93
8999 5490 821
9135 9767 573
4091 5277 532
7321 6766 728
9828 8577 766
58 1891 624
8778 8642 672
1747 1375 196
1493 2825 593
3884 1532 88
6993 1823 574
4089 1174 675
7861 6512 455
9475 7332 857
1684 2950 463
765 5827 214
8937 4194 715
8921 8607 137
6413 4663 617
255 1033 780
6773 4430 416
1684 7258 417
1501 432 947
9516 9464 815
3489 406 626
8978 3516 444
5159 294 241
5656 4635 442
1596 8277 241
9440 9445 985
9329 515 140
4465 3176 500
1619 3223 897
7791 4694 43
2161 4521 910
4278 7794 624
4081 9899 115
9699 9735 56
5841 6756 656
17 4307 109
8353 698 446
9004 8152 137
485 2600 755
147 9460 91
9885 8000 185
4311 333 761
4837 4717 354
4167 1029 265
4968 1145 49
6508 4733 364
8056 3431 679
752 9392 555
1393 1923 864
163 4281 11
9229 5469 75
235 4238 550
880 3718 620
379 506 815
9255 5424 231
7549 8827 314
275 5989 68
6099 8623 966
2067 6463 130
122 1939 344
3348 6988 968
4644 2461 305
3515 7135 972
1246 4338 645
1972 2362 799
3822 6558 504
6705 743 923
9912 3179 848
1164 985 179
6479 1713 105
5223 5208 896
9922 1271 980
1160 6691 704
6756 3611 120
4158 744 582
4150 7237 495
8541 897 705
5348 7290 855
9800 281 942
6727 441 275
8890 4872 190
526 1191 371
8084 7349 16
9316 6636 598
8355 9347 639
3575 9381 812
2886 9301 535
3417 1220 811
6424 375 724
399 1273 921
7193 6320 876
2224 8896 519
4164 1104 635
7853 3807 426
5698 5407 25
2952 4123 541
7476 6938 78
1752 8696 74
2836 3032 317
5443 536 610
6917 3300 657
4021 9191 905
5906 4174 247
5807 8089 43
3431 363 84
8123 7238 379
1724 2911 511
3133 4928 536
1723 8269 911
1215 7402 504
4918 3120 740
5074 2043 891
4720 9961 96
7361 6318 403
3892 7547 978
2075 6954 408
4044 2905 55
7083 6408 478
3139 905 666
7038 5194 470
8668 4000 208
858 1394 121
1139 8021 412
8861 2880 635
4959 5240 318
3084 5867 190
2555 732 513
3224 4422 456
6174 7989 522
1605 6919 346
3843 921 435
3056 5152 849
8642 9501 465
5769 9902 854
2949 2319 830
4556 8550 607
8837 1432 416
1037 6284 396
4112 9732 214
4943 398 152
5098 4609 954
4995 8822 63
8089 1447 30
7157 9049 231
9103 5161 909
5561 8961 409
7040 5473 694
2416 4077 6
9346 917 426
962 1105 583
6682 3301 718
456 2136 323
3785 4541 659
8111 3075 935
3824 3431 699
8842 7506 672
7712 1212 592
6892 7083 84
1880 9005 402
6871 9464 533
3160 9190 792
5962 5262 73
8054 3347 311
8792 4333 151
2259 3718 833
4524 4926 215
615 394 811
9001 4153 522
1079 3469 538
9428 2183 143
1293 9197 604
114 5021 910
6510 9376 120
5081 8834 160
4870 3472 912
2775 4686 995
9936 8465 467
9168 1750 341
8376 5914 478
8887 3607 602
4286 4648 152
9144 5439 370
5918 381 434
1222 5397 218
8162 1925 591
6304 5179 489
2974 3663 308
8132 2226 328
5480 6625 707
249 5235 832
4812 1378 403
6347 6868 447
7154 5395 697
4586 6769 92
2241 2403 28
8419 8707 491
844 860 249
3079 5595 369
3333 5418 69
9108 1578 93
6130 9598 590
9639 2086 332
2093 4146 678
4224 6567 320
5512 8758 273
2578 4365 735
2725 2957 958
3063 1589 36
8218 1763 173
5551 1919 267
4526 2720 212
2225 8480 276
1926 7992 192
7372 6826 556
7754 155 526
7790 3615 331
5688 4610 513
5860 699 707
5717 6286 828
4751 1904 802
7046 7158 93
5176 437 577
9016 2146 357
4566 8922 400
8984 3769 650
7022 7142 463
7247 6570 706
2800 5362 505
8650 9009 746
6584 229 282
19 6570 685
9107 3618 592
7260 3621 525
9531 1307 679
1138 8615 905
5817 296 715
3121 2974 578
5439 7381 507
7752 7931 698
4073 254 211
1581 9813 651
7300 2128 143
643 9052 362
1823 9702 496
9663 3740 494
4887 660 974
1871 2078 874
9750 5185 60
2710 9919 750
6855 2041 419
7610 6929 243
7826 2406 216
6391 4690 847
681 956 201
9156 1921 520
7084 6454 141
1240 4289 52
7391 7830 762
1989 8388 281
8591 1897 975
4521 3322 106
4886 9886 180
9349 1584 371
4933 9906 151
445 8705 115
1313 2403 73
1501 9205 460
3195 8849 700
8709 3172 579
9403 3445 785
1009 4113 967
633 3123 385
8494 3263 36
9259 5404 949
5313 5959 355
953 1187 47
4665 8994 573
3724 3405 448
6798 3167 720
9476 4144 972
7884 7858 820
5680 1476 723
7762 8691 790
6277 2026 468
7277 2349 226
8074 8534 690
1281 1138 586
3568 1665 571
181 3403 161
3101 157 201
3507 9607 426
8409 2547 406
7152 7059 51
6141 3175 47
9456 437 683
6335 119 97
8221 6964 667
5524 2956 500
5540 4654 31
9206 8750 721
9890 4355 190
4879 6035 392
6079 250 363
6878 3195 870
3989 8841 346
6088 5981 983
2295 1223 885
2774 867 715
8602 8534 351
9158 2392 619
9578 9535 495
7918 3096 736
7920 5406 347
4757 3869 869
8139 5847 551
2429 1274 140
2942 2736 481
8453 1021 763
6826 9499 250
3817 2897 459
8498 8983 496
1908 6208 800
9112 7011 763
1010 540 324
7233 1119 465
8207 5202 447
5555 1140 855
1758 2991 757
5872 4521 469
3612 2024 722
3399 775 959
9240 2286 693
749 7828 446
200 5065 747
6428 3298 332
8557 2711 18
1323 656 81
1616 1765 785
3440 9880 839
343 3456 791
7698 8178 245
1376 2331 94
7581 2704 636
4616 7493 55
8236 7631 845
3782 1082 970
7060 8806 808
5788 6733 763
5467 8377 995
91 8269 744
4282 9891 541
1709 936 555
6465 2045 411
4786 1508 635
7583 6851 247
2110 6392 793
7447 7214 792
4044 8069 689
3223 811 758
5527 3112 987
9829 7601 922
3917 8278 264
5179 6401 103
1970 5792 645
2879 1959 35
247 4985 753
9992 5349 435
3539 1878 844
1707 7803 152
8430 2488 393
4276 6817 296
2255 6617 326
2669 4101 880
2453 8078 938
3515 6020 846
6127 3164 17
6921 3427 50
1062 58 269
9060 8061 635
8713 9954 139
4323 506 923
6637 4871 278
4320 6712 334
5910 1632 446
1345 5827 18
7731 9665 328
6614 4051 186
8541 3153 311
3767 4448 604
8596 9789 480
7686 972 285
4980 9613 65
6574 7535 432
7893 3499 321
145 3314 42
4941 9818 494
8437 8466 51
4861 6232 1
41 2114 347
8984 9367 995
7133 3967 80
4075 721 6
7787 2283 960
8772 6396 530
3036 537 143
1556 1297 420
9400 9941 391
4062 9727 740
1431 6907 931
5716 1529 410
47 1328 610
2459 5848 948
9576 8980 994
5734 8164 185
1574 7589 706
8075 5318 14
110 864 859
1287 4026 13
2135 4534 142
7255 9826 246
5033 3964 376
818 3555 950
243 4807 655
3389 9869 132
3056 8210 814
2117 7154 639
325 8386 957
9483 1367 865
6356 5080 512
8376 3411 355
8143 4005 276
7900 8734 969
3342 8661 701
7559 9569 656
2884 6954 466
2660 4649 625
2057 3601 637
9706 8334 11
744 9039 662
2596 2589 906
8149 3522 967
9560 8421 783
5731 4531 122
3230 8847 792
821 9962 605
4910 5149 315
1030 8835 125
3245 8989 686
6344 7812 74
4993 8774 424
8204 7749 245
5131 17 972
3993 1084 992
8274 8388 824
4739 9202 234
3150 4221 943
6328 5038 929
7490 223 125
7578 7496 436
7163 9629 64
2185 7202 433
3523 5323 228
8087 6267 332
634 6139 843
5713 8260 115
6009 7296 329
2719 8380 809
5515 5444 641
5085 8666 814
4648 358 233
1582 8733 206
4834 4365 868
6793 8385 923
3321 4599 561
1253 6982 621
4635 8533 124
3650 179 361
1042 4097 832
414 1191 419
7894 302 563
4986 8511 290
3379 1546 381
6763 1146 594
980 4314 203
1662 841 826
2533 580 931
6569 3153 463
6523 2569 824
6306 4350 954
5921 302 735
5185 3727 832
6957 4603 640
9016 7224 870
1531 3487 656
4723 3581 200
3255 8594 568
726 965 985
3632 1382 390
9438 9053 285
7561 4515 46
7841 7833 787
5036 2364 387
3839 7420 58
4534 7001 724
9842 9170 467
9870 4632 668
3663 8349 286
4379 7522 579
148 4055 235
7944 2253 769
762 6226 312
7717 1509 224
4613 7964 495
5250 6962 336
7674 8850 935
8023 982 822
5779 5964 160
8850 2002 900
5481 8610 844
9082 2368 789
1929 1992 55
1323 6408 920
504 2005 696
4770 39 526
7608 8253 148
6849 8589 151
3000 9556 256
2279 6292 634
5646 4339 427
2237 6725 794
5143 1565 905
4236 3670 409
3346 4832 799
8996 4736 378
6718 6379 515
8614 7247 116
6993 160 237
4511 7465 496
740 9976 777
1718 7277 81
1219 4803 279
7898 6430 738
1260 5083 138
4062 2858 69
8257 5631 779
2284 2875 938
609 8034 289
658 4321 489
2904 2161 187
4472 4514 379
2595 4401 569
5842 828 149
4201 9341 104
7544 791 513
8965 2903 173
4858 8478 637
9494 324 418
1704 4050 249
7789 7926 324
8676 2835 346
8954 8524 766
5950 2571 930
6397 9011 402
3736 1372 271
2807 634 844
854 674 571
8161 26 145
7286 161 916
3660 1541 417
3074 9035 667
7897 6352 455
1106 9416 464
7669 4378 167
8570 2759 370
2050 8889 817
7446 9352 468
680 6758 396
6549 7871 813
9464 1093 411
2827 2014 319
9889 8621 346
6336 8024 31
452 521 97
703 122 72
65 3812 355
1276 2341 699
389 295 924
3790 2769 842
9781 1379 413
7546 957 637
6767 5169 717
4898 2803 680
8466 7750 129
8609 391 508
4578 5543 927
8875 2717 134
2016 5952 561
6157 5598 645
2963 285 409
9209 1337 660
6177 658 691
254 7769 234
2469 8381 201
8666 9041 135
6651 2089 483
9099 142 55
1427 4553 728
8288 4614 172
1641 722 71
1590 6983 10
453 1741 588
9489 3107 706
8652 8156 741
2527 4311 505
8072 8246 168
7170 7277 3
8533 2417 664
9360 2550 860
7866 8679 240
9961 2840 653
9397 5873 587
5837 4210 577
9871 6707 120
4625 1746 273
3684 4308 221
8790 8954 1
2575 2034 607
6967 6686 626
3418 1809 738
4161 8987 62
9057 9992 99
4435 5336 713
2217 4573 669
6197 7208 603
7539 9583 16
9188 7865 938
6252 2423 15
8974 4034 241
8815 2408 830
5947 9923 12
7969 2272 292
3705 1163 879
6136 4643 311
6970 672 495
3514 9255 907
9820 6290 294
6884 3747 207
3694 8193 668
8918 9750 65
9530 8761 500
4421 7652 792
7038 2564 784
1266 2816 172
252 9826 800
905 2495 305
9627 1682 380
6037 3129 571
6413 4428 241
2867 862 811
8074 3918 271
5832 648 250
38 6045 334
9162 6366 307
2634 9226 137
9280 6293 671
9795 4178 997
9802 7469 377
4274 5842 645
3832 8791 276
7797 2582 680
8879 6509 565
2201 5275 857
6041 5956 99
8701 257 23
2807 8086 487
1631 6303 544
9132 482 829
6573 3085 146
9667 450 149
5709 8776 583
5655 2173 590
3003 3629 176
7215 1590 282
5940 9446 43
3336 3101 370
1842 4396 300
2987 9346 227
8396 6496 235
556 3190 494
4417 2946 602
9210 3064 94
6714 3938 832
5003 2204 695
7885 859 876
1128 3241 942
5087 4430 858
7089 1469 531
5130 229 232
4207 4212 792
8854 1119 475
3577 2190 661
304 5161 154
6444 615 503
3301 1086 940
2293 8739 232
9212 8330 142
7235 8167 138
9641 671 539
6327 4029 626
6922 444 412
735 1437 752
1519 2714 890
7971 7160 509
7940 7433 162
1039 3487 310
980 2794 701
1438 2763 555
6055 6884 812
801 880 160
3447 4176 24
5297 3446 847
4135 675 711
2973 1716 812
3862 9560 479
9249 5709 284
9069 8947 967
7903 880 489
3602 8669 169
5731 4906 734
6969 901 456
7651 8579 504
2982 1321 89
9319 2547 444
8775 7936 945
9644 7592 413
4488 4766 428
6972 722 467
1846 5834 306
9031 6317 743
7644 3697 716
1534 3099 922
2820 7778 679
7757 9026 382
2398 3581 787
582 8813 135
2885 6228 908
1699 522 130
3141 4602 580
2559 3891 474
4252 5144 427
2765 7291 987
9000 6844 353
2539 3277 251
9137 7139 129
3180 9051 523
3489 4922 576
6200 7573 25
3994 2680 249
790 9912 712
7308 5636 877
3356 767 389
6909 5398 936
3766 4919 440
8486 4667 540
3245 9410 191
2667 1053 213
5603 4426 271
6906 4331 536
4462 7691 647
125 4338 451
6586 4673 25
9655 9895 655
8872 3720 206
1638 4934 799
5485 1676 782
8802 3816 498
9003 2667 878
9756 4758 542
817 9536 105
3763 82 285
6736 9286 356
2602 4283 168
9078 8085 356
740 2492 559
2999 5145 519
1414 7706 542
5940 190 193
4554 2309 732
1500 5154 475
1005 9766 932
2319 2417 438
2369 8773 544
3355 3751 94
9028 2631 497
6537 8718 930
8273 2332 396
6855 8743 838
6554 4403 44
3708 5929 921
3142 4577 989
2226 2890 644
7118 7863 297
3454 7705 676
3109 5393 22
320 7199 257
9396 620 380
6536 8894 921
9627 159 562
2463 4156 930
9539 3928 716
5601 4644 803
2531 8511 305
8633 3982 17
7623 2000 769
3735 287 346
1879 8319 637
9211 9233 230
5398 3972 161
7990 5388 270
9784 8458 128
5338 1587 718
3358 3646 550
1650 1141 47
7868 1146 584
5685 2337 260
1998 9509 20
8832 7952 859
4077 1975 675
562 4071 315
9983 8864 29
8031 1587 847
3722 3925 73
3157 4332 876
4944 1963 60
4006 7409 512
6025 1215 149
7359 8937 345
1832 1399 856
9943 4053 645
3052 8095 677
1190 5204 52
6304 3912 977
7231 1996 803
5743 6384 398
317 7116 188
4502 3521 459
6734 5137 155
1096 3261 415
9540 8586 802
6916 4171 126
8735 7787 409
3546 7976 358
7810 8154 640
7264 670 491
4200 7423 638
9618 7169 929
2384 8818 790
2689 5315 838
3203 2040 847
9903 6354 608
6625 9878 586
1073 797 143
75 2441 780
7368 522 68
2113 3078 478
8612 670 304
4809 5647 731
9608 8055 948
2101 5481 543
9967 8430 975
4074 4365 744
7656 536 720
6889 7947 255
4220 6404 259
9228 3896 894
9999 8965 633
6088 9433 352
5645 6648 785
7854 145 724
180 4986 349
6056 9979 210
8649 2816 82
4214 9055 193
2394 4756 302
2097 293 911
2487 6008 670
7517 324 91
3762 6927 118
334 9309 99
8772 3129 273
2831 8557 952
9257 9459 728
1192 6533 951
5197 8655 507
620 2391 65
910 844 410
8911 4455 140
5323 8246 122
9755 6904 892
3262 4403 537
5044 4451 312
7036 9509 940
5843 7990 706
6771 8408 131
273 8496 558
9738 1525 233
4836 1695 518
3786 7094 719
3225 8871 445
1737 6932 38
97 3203 775
4372 7140 287
631 9307 130
9827 6554 388
2469 2902 690
2692 2312 858
5182 5940 956
2024 100 324
3992 8619 881
3383 6900 842
2440 8808 866
68 3825 733
1581 5450 823
4121 2852 744
9316 2150 808
3916 417 873
9195 6930 686
9267 4819 417
4133 4276 784
5696 4488 499
2369 7054 762
4994 9993 900
3162 4121 339
9613 3484 792
5564 3819 603
2714 1634 168
6722 9065 521
6318 3599 807
5335 1799 124
8354 3655 185
4272 6563 902
9210 6309 695
5637 7730 905
8594 659 984
4397 8325 6
2985 5388 446
5421 6860 4
9477 2531 515
421 3468 666
3653 8008 292
9606 8328 820
8132 1701 826
4829 552 277
1890 2020 145
1874 7841 256
8739 550 503
5827 4910 873
4565 7207 291
8692 1543 449
1580 5674 547
6940 9292 381
3240 812 713
3715 4227 949
5595 7600 651
6667 3051 746
5254 9165 903
7460 2856 957
2901 7287 873
1163 3362 23
1171 2161 70
7852 7847 641
2953 6079 327
8714 3447 15
4564 6186 948
688 6742 687
57 6974 116
2388 474 683
7341 499 342
1751 8328 362
993 812 175
2671 2992 576
3639 1153 120
1140 959 465
6500 4292 974
953 5534 405
3248 8331 876
6691 1115 136
3583 3897 841
1717 6669 943
4826 4593 9
8505 1153 18
2217 1984 993
7853 7768 916
8219 931 53
464 9279 675
4250 2224 361
3115 3234 753
2917 3325 408
2490 6624 931
8657 986 199
7078 4815 648
736 2644 346
7437 8325 283
9192 2335 585
8379 6305 196
5476 9371 115
8864 6675 212
4264 4870 360
2060 2974 831
4252 2643 64
1520 1402 841
1836 569 165
509 3988 70
8589 1591 893
5729 7808 434
9966 3849 18
5382 9057 670
155 936 423
3384 8931 956
6 9855 547
6732 9594 820
1154 1378 498
716 3762 481
1290 3769 147
5755 6853 700
2467 3639 509
5282 5586 719
2010 6851 964
1008 7535 817
5773 9634 449
8502 9911 706
5057 5049 572
3492 6707 801
227 9550 422
5330 4828 665
7721 4965 404
7638 3851 971
790 6780 559
3765 7060 470
124 2999 257
6577 7793 975
1767 3267 642
2256 9841 449
5132 1268 982
5980 2513 247
6856 5022 446
8284 1964 206
9559 856 849
2433 9913 680
5247 5391 22
4883 5948 448
3610 1279 455
2168 3084 192
3433 3458 202
9550 3583 496
632 4532 628
6217 522 352
1230 7068 519
4179 2783 273
898 7106 70
8698 9827 211
2836 1939 201
2642 6308 584
7827 9901 435
6263 1406 714
9464 9346 863
4608 4316 521
1912 8663 458
9613 7621 974
3368 9432 66
6546 6262 842
3281 7524 842
766 9113 686
2757 6930 703
2807 985 46
8847 6571 517
5408 4822 265
8450 2617 617
1919 7744 403
5757 5277 906
1248 7472 360
9299 1635 428
9464 5342 356
7503 3595 139
3410 778 799
9948 1399 268
4635 7651 578
7101 5391 12
7790 7021 703
1632 967 417
1710 4090 605
1013 5609 283
4459 2832 83
2331 637 94
372 3426 169
534 6242 870
7527 5485 985
6945 4581 448
1716 6280 241
103 8763 358
1780 9425 49
8878 8116 512
6265 9141 511
1896 2590 931
8966 8197 974
210 4759 271
9198 1974 557
5408 1452 295
4899 7607 718
8021 9922 335
6536 6236 295
4107 812 661
1037 308 969
2141 2502 217
4804 9149 803
608 1564 711
4650 1940 435
4015 4736 453
5222 4956 463
1387 8932 664
2500 2021 117
5863 5202 318
4655 5608 232
3453 98 840
4596 3279 813
1926 4737 59
1470 1177 701
5285 2593 972
2279 8263 298
6056 2328 909
1323 9870 403
6627 6971 77
1418 1607 755
5952 5899 107
5457 5423 989
5400 1755 225
4377 3615 659
2141 4557 634
7468 8043 279
9184 3250 102
3833 5156 692
1737 185 201
1518 4302 188
5440 7720 300
4937 7564 955
9221 7002 137
135 2240 692
9211 3153 677
9557 2708 215
7780 6272 144
1095 8216 587
7437 1195 996
2938 1119 199
9729 7304 96
3246 3818 625
9821 4065 965
7170 4934 162
8343 3556 924
224 4527 400
1724 5826 169
1371 5486 841
862 4652 89
3640 6206 162
9795 5190 481
9507 5864 951
8524 9635 73
8532 3514 29
6179 5976 737
8000 1718 375
5800 5152 932
5622 5885 50
2107 368 633
6669 4888 362
5205 4856 123
3319 3722 569
3717 9113 279
9424 4421 790
8712 8219 746
1071 617 273
1190 2406 716
4143 6938 76
2444 5365 689
4572 6678 747
628 5712 454
377 8491 92
1007 5668 231
3668 3291 268
7216 1469 289
849 6374 43
779 5681 716
8258 7181 293
2304 7571 149
7356 9584 950
3510 59 589
2030 9049 677
2656 5982 33
7341 7657 80
1938 8975 970
3476 4713 101
7250 3385 917
9554 5415 215
1814 4275 626
4357 8650 899
8993 132 695
9569 7580 851
6285 5638 329
2468 5183 981
3442 9526 725
4756 7906 603
8497 6429 905
276 9606 355
6499 6002 132
259 3279 155
7643 845 979
2056 1173 132
2675 7989 430
5395 5803 154
9666 4259 52
6702 9153 299
3397 5338 991
9172 684 990
9330 1378 703
4866 7096 723
7005 9288 694
1857 8443 953
8641 5587 749
4274 6635 581
6786 4878 870
7556 4816 700
8466 325 572
937 3747 379
3139 3013 689
3563 7049 164
6990 4379 706
5341 9408 961
6683 6147 424
3683 2182 1000
7258 5019 934
3374 3058 373
5044 8509 702
2566 985 986
7306 1559 56
5871 2071 405
7734 7252 664
2462 9086 62
7655 9839 656
6970 5225 100
9148 9019 852
1861 3931 816
1053 2515 465
9829 5441 846
7056 5822 873
9177 4375 527
3881 802 928
9330 9416 961
2959 5221 121
5389 1412 307
2001 3606 408
3795 1395 122
4111 1940 379
7075 605 909
2014 7585 973
4396 5787 918
338 6415 584
1134 7066 831
4083 2611 551
8357 7383 355
3764 977 997
5964 1241 543
581 1064 92
406 8305 274
4752 5003 940
8921 7874 73
9725 2689 440
3935 4189 698
203 48 80
4168 639 26
3122 3991 134
1582 7572 397
7060 5288 745
8245 1903 325
4913 6383 990
2712 6604 218
8611 721 108
7939 4576 453
9859 8922 467
5377 1077 440
7787 2166 6
2829 3682 912
2423 4707 947
4000 2116 956
6706 1331 681
6127 3362 668
838 2285 289
6257 6525 387
6003 6218 244
4165 5859 678
9170 4982 510
4696 3611 760
1063 4855 716
1070 5125 864
8583 7584 398
9114 5511 500
9817 9624 814
2384 4186 779
2407 3719 350
6426 6833 761
9228 7509 107
4348 3090 888
5050 347 914
1528 5388 367
6264 1864 454
848 3559 374
2339 1163 69
501 5942 626
6354 293 139
3541 8910 623
6398 1378 95
4752 7228 74
8329 5633 483
383 3915 418
2286 181 910
1213 3097 323
3997 2568 397
1351 6714 924
2921 1913 833
6870 3079 272
2904 105 60
725 6246 320
1473 450 959
3888 7561 672
8851 4143 459
390 6222 393
692 1512 130
7910 3484 67
2691 6476 605
7082 3581 827
6853 680 764
6360 4296 278
8419 2006 477
8614 117 683
1136 4182 430
6842 9560 919
9515 4632 147
7538 7645 235
5946 6463 635
9168 4117 37
7855 9748 496
6385 3121 631
1411 3184 656
4626 1300 600
7426 8260 54
2394 5814 960
4617 1120 265
8759 3326 145
283 7723 131
1572 31 265
8561 5259 813
5389 3183 306
4071 5693 173
216 5153 813
4807 4524 712
8770 4100 469
5734 1278 746
4640 547 457
1163 9086 595
287 2161 566
9475 7589 33
9713 531 180
1585 4867 652
2489 7153 174
9409 3356 717
3455 5440 849
5706 4524 720
6499 6696 20
1785 6778 536
3066 725 681
2557 9333 586
1554 5001 579
7600 9334 195
30 4179 450
3992 3239 685
5922 9735 819
8557 2256 356
9935 9016 55
8970 3337 550
2185 4642 105
3504 2529 846
1763 8906 975
5995 4705 723
2536 2489 586
3281 4218 709
4540 3354 35
1572 902 916
3773 5030 558
5098 2529 13
5031 7812 242
6640 1815 64
7903 3761 109
397 9275 209
4494 770 780
3230 4287 51
4819 7455 594
9141 7376 992
2060 3588 90
9137 7134 569
490 6930 433
6245 1824 591
9476 6153 864
6740 1079 268
7531 7384 274
214 1919 368
4748 2649 961
8386 6660 146
6709 9087 480
8969 2108 66
3953 4739 803
7853 1682 150
7349 8789 493
2694 313 834
1714 6126 986
7234 9406 378
8527 2617 145
9536 9609 944
6597 7444 838
1278 1629 750
6948 8788 984
3186 6211 222
8904 4399 579
4773 950 538
328 953 907
7560 8502 109
8273 4267 729
2568 4607 72
2341 35 39
484 2110 1000
5401 6952 945
9503 505 926
9056 5010 457
8866 5676 614
2250 7008 183
3689 2242 274
4971 9584 57
7077 6336 227
4646 429 865
6181 9354 509
1199 5428 805
4871 1351 39
8880 3777 213
6533 6462 252
3220 4180 96
3076 592 870
1682 3398 494
9310 3744 334
9410 8259 356
3484 2788 798
1103 139 302
3291 4606 514
6549 37 332
2062 238 843
4245 4545 113
7551 4625 678
9563 3070 694
2468 5925 812
4596 3259 215
9006 4739 995
6062 8962 376
8128 9978 869
3504 5352 150
3760 1635 288
4001 616 519
3924 7703 702
6903 9996 704
1794 6458 389
6459 8198 252
2810 2191 124
6125 2860 390
6318 616 787
111 7461 241
1929 5828 335
5382 5968 324
5671 9494 152
4816 9083 299
5957 915 432
4813 6692 212
8501 9710 360
8408 8932 995
5782 6005 75
4394 2748 753
939 4905 110
4907 1861 736
3670 6229 298
2034 1536 640
9703 9509 265
5924 9697 880
7096 9003 832
415 2449 867
7092 308 47
3353 6851 843
9182 9213 720
8152 1940 88
8150 2623 276
1920 6221 592
3569 8138 649
1588 9971 5
6745 4655 659
5511 9027 677
4570 340 490
5312 9920 273
4260 7606 732
444 3454 889
3835 5061 707
9982 564 272
3612 1017 37
5672 2666 770
7654 66 198
7463 1072 723
5847 639 773
617 4558 169
8084 6591 396
4133 7393 847
955 1324 866
7826 7483 122
4672 5654 242
1930 490 92
6020 4226 47
896 9867 339
1581 3274 822
5054 5653 458
9876 3296 779
9646 7447 113
2913 6590 869
7900 8713 779
6011 9810 595
2680 8908 414
3224 5546 893
25 63 291
747 1562 131
3128 6582 539
4641 7169 183
9914 8222 408
3987 9608 314
7220 9643 144
8673 493 971
4949 9843 132
2057 6081 328
7156 1177 347
4375 6370 139
6683 4742 317
466 8959 43
6364 6680 557
8642 8902 473
157 9702 125
6518 1138 441
4711 5163 109
593 4543 562
6548 9693 397
5015 934 644
1087 1832 912
7552 3643 603
5712 6853 166
5213 8326 209
1649 6562 750
1315 6221 351
1614 3852 828
2334 8261 513
5798 7925 82
8818 7577 395
6255 2624 385
8425 9705 298
9764 1523 870
7131 1867 717
8218 2288 940
8335 3915 47
3650 9740 579
8844 4847 276
1684 238 927
6491 3388 337
1389 3495 859
5086 6592 673
6728 2993 671
9952 1960 707
9682 4867 680
6802 7846 79
3414 5178 866
5624 5098 426
8643 4941 155
492 2774 997
5987 9024 590
2793 1692 565
7568 3000 35
2900 3291 158
3802 5939 530
769 1983 246
8988 1920 936
4439 9754 140
3303 1836 485
4541 9268 943
1522 9530 430
365 2600 638
7440 2335 337
6890 2303 316
7519 5736 26
1138 4051 660
5216 4222 809
8561 4909 767
6762 58 604
9254 4716 253
6381 7014 747
594 1838 710
1748 4826 607
7319 3386 489
8750 4799 391
7508 2340 116
3252 223 595
8654 7083 809
49 4272 668
7945 8227 465
8544 2414 322
3455 4848 878
5013 5563 462
5791 9355 871
1290 1465 295
5034 2486 539
2280 6976 220
9662 5953 568
8248 4989 386
9433 4755 55
6449 327 95
7608 511 64
9257 2695 823
6738 9726 276
7090 1606 330
7236 4406 570
8537 6502 13
1883 7005 37
9837 7465 441
7990 6622 353
5119 8946 585
1642 1383 802
8098 5920 606
6310 5032 285
6364 383 289
9082 9308 120
2584 1736 179
4164 3595 140
5100 1750 428
5116 3169 266
3019 16 870
5924 7139 223
4106 2639 835
1571 1519 248
1867 8877 452
6780 713 607
3589 7259 199
4307 5666 52
5015 2235 513
8951 6810 354
6719 9856 554
3134 3725 1
7240 7023 241
7226 4231 137
5826 3429 477
519 288 72
3655 1099 651
7899 9164 110
9764 6124 937
2880 3474 317
6464 6107 307
9364 2701 148
4235 8595 517
6393 6021 73
3815 1111 940
3457 3136 110
4669 9742 152
3811 4734 309
5868 448 50
3511 4968 630
4237 2468 510
7335 4021 658
4955 7319 730
5250 6217 555
9303 3069 784
5153 9478 941
6680 3781 564
178 8600 589
9246 4322 189
6764 8484 830
2867 6585 762
66 368 204
6845 6023 1000
1559 1440 453
2140 3429 20
8453 9909 427
5985 9844 32
5308 6871 141
5691 9072 529
6504 4068 820
2367 1689 195
744 6194 950
1433 9078 311
5580 4560 241
7123 202 611
9179 7896 74
9180 2402 525
5471 7485 345
8483 982 539
5529 8482 398
3248 8344 33
6616 3557 408
7942 6653 217
9357 3092 855
4926 1825 345
2218 9412 915
4903 96 760
3244 8439 92
6483 4097 228
1486 896 118
9496 8147 266
3968 7954 772
9884 7508 88
90 5009 586
2367 9922 842
4087 5587 252
4638 8548 910
7410 7579 225
1391 2201 844
6986 3804 925
996 3503 201
3056 7035 631
9858 7065 819
622 568 333
7883 9480 211
8626 764 273
5357 2641 788
2507 5446 489
5258 6263 533
9855 8551 978
8445 3549 15
9202 3183 151
7995 6916 415
4055 6370 236
7232 5004 729
7023 1638 297
9744 1604 442
4808 8911 661
6320 6593 163
1246 3028 750
7170 8220 149
5142 6808 464
4176 1976 92
7677 2104 429
4910 5965 383
7214 6059 407
4795 3539 911
717 1086 974
3824 9644 528
2614 6982 177
9544 3194 628
380 1920 85
3795 7632 244
4293 5028 925
1557 5251 161
163 4383 314
5233 3357 529
6736 8566 352
4261 1709 391
7288 8136 593
4948 9078 755
1030 211 644
5823 8266 785
2874 9568 780
4376 2770 36
7968 906 834
2367 5401 526
9168 2876 725
167 7823 908
4762 7002 818
4866 886 481
5991 3041 857
1634 9016 364
5747 1008 993
2159 5135 441
705 4492 476
2402 1964 903
6054 5983 870
4742 6625 49
1234 3366 716
675 2086 329
4223 1205 89
2292 3983 998
4311 8246 370
2788 2942 807
4440 7066 628
9779 3767 106
2722 6921 937
9536 1150 373
1306 9067 275
9037 9155 339
6507 3128 112
5565 7661 818
5538 1956 941
3423 6132 326
4180 106 895
3472 5781 397
6584 3327 796
7730 8941 708
5096 964 360
9671 9962 330
5367 7153 292
8238 4832 920
2069 3616 486
4245 668 97
1753 1071 546
3295 8703 373
7950 4516 259
9147 7201 115
4898 7870 221
9204 7853 633
4581 8206 832
8676 1931 627
2811 5796 304
8302 3175 179
5051 1841 576
4761 1353 354
8041 4955 851
1319 6980 564
7453 528 602
1882 751 680
2964 7194 780
9455 1172 296
2711 8054 58
2005 8886 19
2125 1587 392
9180 8832 22
4574 728 763
7121 3880 221
8798 6721 326
8940 1420 553
5918 5299 805
5706 6454 803
5328 2405 300
9492 6642 88
4356 3034 71
1629 8566 13
7386 3897 578
4219 1619 802
2252 1659 428
8507 8956 305
8262 5457 725
7499 4123 896
8809 9090 877
8780 7389 494
4397 8172 302
5623 192 648
9629 3586 463
1750 4798 801
8318 947 598
3254 4727 259
9375 3119 173
4336 7179 91
7004 6926 954
6086 8005 898
761 1343 881
4644 8960 27
3895 4002 251
5356 7274 887
6332 8335 746
9929 7818 736
3164 4458 851
8401 8424 954
2196 1321 897
1333 375 739
6868 172 800
6855 6879 804
1429 5573 973
5633 5980 502
9197 8206 978
8531 558 12
5064 7624 557
5428 5239 377
4754 434 15
7208 7040 945
8342 585 404
6086 8701 457
20 7960 364
8881 2320 507
530 3311 376
4418 5012 950
7469 9749 34
1475 1483 556
8010 786 271
5516 8226 781
7356 7268 184
468 6893 718
4352 6947 259
1552 3868 613
2756 8230 112
736 8360 306
914 7647 355
8142 365 477
4089 6016 120
829 7972 959
7013 3649 346
7332 9050 35
9465 6872 222
6765 236 507
5863 9472 696
1305 7197 417
753 7229 167
7279 2272 260
7568 5481 265
4918 4107 73
2473 9095 147
6847 5806 759
1803 3390 963
5 3349 805
7990 4545 297
6624 2881 920
9353 4556 821
1550 7380 793
6787 6001 921
2404 2602 613
497 7917 265
2311 3962 511
962 2823 685
9290 9163 42
3134 834 204
8909 6154 932
505 4011 87
3839 4424 815
8827 8865 691
1344 5089 170
6764 5653 905
2765 624 780
5080 4975 408
5940 4119 643
5337 6146 524
9230 2947 951
9563 8936 651
1320 2095 139
9723 9672 607
2037 1773 202
2336 4568 831
3721 2132 330
9706 3767 660
3880 69 735
8202 1320 286
3363 7055 174
2746 1409 948
6413 1463 60
4431 8970 706
4044 6178 39
9454 2175 278
4598 7807 338
2623 2221 283
5754 873 597
8829 8082 157
9812 8012 718
6540 5915 331
2888 4986 651
2330 7398 377
7426 5484 501
5399 958 458
373 9149 35
4010 5783 16
1940 9954 731
6357 755 360
4468 9122 47
5649 6500 276
8344 3426 904
5166 5914 31
8322 5770 673
9589 9524 407
8025 7564 54
7067 9290 454
3090 9350 664
2315 2486 340
1204 6257 895
8031 1183 206
3014 2297 37
8848 3114 934
2059 9866 563
4841 1730 644
441 3514 717
6691 490 64
1121 6026 698
1212 3672 19
8430 9269 779
8691 9741 581
3600 6920 46
3178 8235 262
4269 5935 229
4289 4358 826
3706 8373 729
3948 4606 654
1004 7806 219
4002 4844 872
6417 2062 823
9405 97 844
1363 3912 938
2600 7804 611
859 2763 23
620 4353 35
9215 3871 285
7330 6844 775
2279 6108 733
8000 6181 284
96 4342 607
40 208 172
5577 9562 894
8819 5912 496
6024 9585 148
3625 1996 495
6338 1416 276
6951 4077 732
4080 6485 254
6618 9511 538
448 6990 965
4462 9574 88
2513 2973 651
3361 7043 264
6686 6347 700
4624 3076 908
7336 9933 20
7697 7383 818
9310 844 134
1114 8574 857
8805 7637 473
516 7693 651
1292 2833 640
3667 5829 662
8990 6841 174
8245 2182 813
1088 1716 906
8930 6968 420
5808 9832 739
7373 8780 818
3155 8101 821
2485 6355 875
8647 6932 799
1224 486 686
9703 3453 555
3493 6082 240
3863 7909 850
3521 5782 433
8753 4013 209
8501 2374 405
8336 6807 974
4341 2438 922
806 107 37
5572 4996 636
6097 718 630
1441 2891 20
957 8621 333
8865 4109 368
7095 3062 304
3730 3793 573
3400 367 400
1837 8075 55
3005 3456 244
6646 6065 10
1489 5130 726
2048 2063 800
3027 9369 459
4262 6016 649
1846 4925 795
7473 2776 405
2092 6547 166
4277 2397 340
3835 5065 84
1517 1643 939
3257 4719 734
6559 5715 382
9596 3290 259
5977 6355 314
1666 1723 750
2139 4277 635
5758 7036 694
2926 5620 394
6307 2968 501
7541 4747 761
9469 5116 294
184 1843 874
3803 5462 894
423 3876 303
4140 2497 98
7247 4498 247
9864 627 332
2708 4405 668
9632 1990 647
8273 2115 772
4123 844 563
1527 9787 773
3053 5024 301
6021 7807 831
1292 5558 714
9437 4077 948
7797 1816 365
3914 4298 279
4005 4066 364
3148 5329 769
918 4280 416
2925 6352 652
6579 3807 807
2820 3405 120
7322 9105 252
4703 1584 38
5745 2651 572
1523 1881 786
4536 3045 745
9886 5809 755
3665 9213 335
4255 4252 176
10 6537 473
6522 1179 948
2736 3218 443
1908 2689 516
1592 3195 83
9999 7807 981
6931 8209 147
7016 9191 462
5020 6316 161
3109 9574 434
69 2037 234
4991 8375 214
3167 1340 640
6028 8638 756
142 8635 36
154 9085 624
2457 9883 296
6790 1540 629
1179 5062 474
9267 3319 350
1692 6330 902
5061 4344 752
7368 2748 492
3765 7851 608
236 6111 351
1021 7822 632
4855 4590 38
7128 6192 165
1466 2255 99
9752 78 25
7169 7398 664
4659 2396 995
6946 9464 1
6221 8437 80
1404 4366 620
711 8663 918
2880 617 629
5011 173 7
2515 7802 38
1735 6311 605
3576 2693 875
6028 3059 52
1379 9093 694
4894 5162 891
8761 4873 275
7611 5477 412
1546 5296 567
9627 7563 847
3231 7326 593
1410 2276 106
5961 943 297
4906 7600 823
5716 1818 277
3553 801 589
2739 7599 322
7689 14 876
9732 9351 631
4630 8093 500
7510 6190 503
7163 8454 188
8608 5471 551
5455 3467 365
385 3785 609
6055 2887 883
5999 3707 119
4069 9819 748
9897 6953 856
2750 5435 612
5875 8673 904
2237 3883 962
8549 3647 839
1793 1952 609
2587 1032 843
6777 417 356
8082 3107 112
337 7739 815
5421 3337 18
2246 784 705
2021 8702 655
6187 7346 741
6867 9430 431
8132 82 68
7888 1721 51
7893 6107 142
8992 1892 165
4768 7726 843
4685 9225 377
1267 392 330
1497 5196 915
4780 4748 506
286 7418 395
7092 3411 662
7478 4142 368
2070 3023 33
6484 8740 393
4372 5924 586
8674 3111 557
1429 202 403
6198 2688 699
7313 8953 414
7350 880 270
5395 6213 579
4791 5519 556
8503 8583 392
1149 7713 606
792 5772 871
3837 2497 762
552 7128 496
3982 4573 382
1303 2798 189
5529 2132 330
4944 5608 487
4788 8100 398
6370 6921 412
1631 3438 97
8073 1880 548
1086 8690 512
9508 417 956
5926 5875 63
985 4715 398
3185 958 931
4929 1522 746
4059 1487 98
4806 8562 114
6867 2161 381
531 2515 556
2404 2999 101
767 4210 726
7141 7473 318
7729 9718 520
9472 7169 27
1852 9534 708
6399 5874 631
1111 9678 14
2040 5739 278
193 6276 360
2932 4353 574
1259 8840 380
6347 7974 216
4109 7445 843
4365 7877 736
4996 4469 861
9789 5924 75
4170 1177 627
6224 9347 742
4561 4514 584
1335 8801 772
8626 594 852
7366 4219 396
2230 1788 494
7975 4582 44
2472 4275 239
2918 9244 198
4048 5139 665
1263 8586 77
2348 9552 402
6281 4591 347
897 9555 995
1078 2878 127
1168 2943 200
8219 1576 597
3952 1148 954
7605 4074 268
2442 3279 728
5997 1907 122
3453 518 197
2697 7271 66
4764 6949 68
2767 315 513
6498 7516 280
5160 4590 614
9795 4204 953
2456 429 544
7135 2849 506
1322 3035 362
1450 8286 755
3956 2637 418
6458 2180 505
840 7021 916
1613 3161 903
5242 8609 161
2094 2727 25
3662 7546 69
7728 9154 623
6705 4096 496
476 4138 715
4860 3565 152
621 1342 521
257 3458 182
6261 8820 12
7797 7178 476
2375 5633 460
4997 9695 997
4043 3223 876
6917 7224 851
1144 5553 716
5776 620 406
6151 7865 61
2094 1144 891
5330 3871 178
5388 1401 556
8956 7564 946
3272 8575 155
6987 6747 106
6493 1724 252
8242 8059 289
5560 8186 365
5850 2511 99
7705 35 144
1410 6472 680
2161 7400 88
196 8090 839
1246 8902 830
61 2397 681
3259 3265 143
8882 6507 351
226 880 743
7053 7324 307
1248 2644 676
4784 7042 877
3647 4402 591
1210 9698 553
6862 1775 167
2511 2000 518
463 1085 408
4607 1070 119
9347 6787 457
9986 8958 475
6554 2492 393
5545 5326 864
8330 6580 376
7867 884 29
1542 2488 454
7735 1182 220
1638 379 716
2792 7785 371
8689 8699 219
4829 5608 689
3404 4624 310
8652 2934 506
2206 4204 997
401 1831 559
3796 928 439
8800 4408 775
9972 1820 969
8695 6447 369
6762 6724 753
9249 7344 867
2829 3569 893
5998 5453 436
2114 1385 234
1097 4597 659
6565 9296 653
8643 1624 178
7666 3512 23
1841 2987 988
4460 796 147
5495 8822 585
7194 8415 694
8280 974 691
6909 9768 784
2303 2829 920
4128 3473 8
1975 8675 87
4830 4415 998
3289 4774 582
2828 1797 652
7969 5673 307
3622 6415 532
6704 8113 737
8420 693 64
8568 5046 295
5540 6901 448
6120 2856 79
9481 9604 36
4662 8370 614
9167 8272 639
9469 4608 63
9133 7176 927
7894 5618 527
1093 8184 438
8587 9947 831
9714 5979 107
7162 272 382
6565 3053 271
8851 6740 139
689 4786 781
1497 6640 380
2854 841 614
7632 1469 470
1827 2020 740
955 1187 31
3398 5510 442
3326 1649 58
3944 8648 731
6211 2929 186
7432 827 612
6093 8136 861
538 4529 102
211 4194 860
5372 3225 600
8536 1024 578
5105 7421 378
4721 9658 115
4144 8810 484
5505 1725 55
713 9311 552
8787 4723 80
9324 8425 952
2137 5881 59
9632 7884 45
6309 4315 832
8050 7365 866
4916 8035 734
1813 7767 643
7580 6880 910
4420 4790 447
9235 4495 867
2014 6712 822
2981 3117 455
3897 8914 220
4527 6956 683
8779 9172 287
6449 3032 805
729 3529 793
8620 3015 331
8058 3754 741
2621 226 177
6556 2000 967
797 7217 826
4460 4166 672
7777 7913 393
1419 34 295
185 5587 581
696 6243 272
4346 2949 254
202 127 671
9169 2372 983
4143 8002 811
5158 9407 255
9693 2277 330
8114 4950 412
5571 4884 336
3697 6654 330
5284 6716 255
9557 4994 749
4902 6817 960
425 3883 533
1 7092 258
3016 5384 528
9884 2268 320
2872 8812 821
5 9550 204
6300 411 568
6119 6633 36
5668 9682 752
4799 2598 452
4410 4446 244
9172 4057 970
6629 1800 586
8994 5000 508
1278 9479 789
1955 9102 775
8199 8838 875
1398 1469 744
6993 3029 940
9347 6876 665
8008 4687 597
5185 7970 215
3573 5491 914
5545 9014 643
380 3069 359
348 8705 115
9042 8059 600
7424 86 194
6611 6970 642
6442 4630 934
4630 6483 642
7584 967 804
2991 6091 745
4856 4633 55
9001 5325 37
7775 3549 691
8807 7394 591
8174 1063 993
8251 455 485
3290 9204 429
6392 6323 977
7749 4173 114
7092 3256 1
5214 7689 388
9751 8331 441
5935 3347 730
84 208 917
9158 801 567
649 6803 258
8088 5877 304
8661 5904 722
458 6136 783
7193 6516 425
490 395 659
1251 3312 295
7768 1885 320
8600 5454 33
8976 2984 373
896 6717 516
5820 4775 656
8795 810 11
5419 9215 828
4325 7027 257
9698 9781 398
259 9162 928
8731 491 79
1168 9602 126
5662 1908 459
5514 5952 203
691 48 709
6118 6825 138
4049 5875 658
4765 6171 136
8912 1225 558
5365 6256 127
8705 9670 64
2899 2818 738
728 7038 171
3282 3851 152
8446 7713 304
9298 5264 405
358 831 291
2368 6417 679
3691 8973 446
1880 9910 493
4173 3307 933
9045 1336 167
8276 6877 638
2979 6872 798
497 5890 85
6420 992 811
5358 6061 650
3903 8617 409
6084 1186 573
7856 7147 699
9672 9657 111
9058 4737 663
6600 9287 486
2397 394 868
2787 5830 559
133 7232 847
6676 9122 427
9097 4700 534
2985 4790 214
3268 4849 646
8957 5958 489
3835 6416 822
6112 4479 744
5526 1357 764
9088 4129 668
7204 8190 725
8063 9387 946
5094 5666 816
2347 7198 288
2713 482 322
4101 9252 757
989 2563 499
3796 4849 648
4366 8310 977
498 7718 823
8019 3164 899
3117 3331 48
739 6353 774
1173 868 9
7173 3162 648
4707 5995 708
5125 8057 849
7962 6143 549
6350 3140 172
3454 181 853
2540 3490 561
1596 1213 630
5889 2075 659
6263 4822 709
3512 6636 874
8985 7008 830
2578 1722 859
3452 4360 652
9584 7067 277
5702 7382 225
3338 9377 143
2866 6641 773
6338 9374 625
5263 6591 815
3919 8791 628
9319 4178 493
4596 6926 812
5773 5918 995
2890 194 140
3603 7882 750
2525 3923 767
3746 7873 362
8253 8174 73
1401 1594 780
2990 6050 654
9497 2015 440
1571 9802 518
2331 5960 509
2160 9231 307
8205 9253 779
3945 1296 743
813 6696 513
2295 4694 5
3209 8 34
1828 6381 499
5390 4955 71
5542 860 788
5851 2550 29
8939 1594 311
7419 6339 769
4152 9737 213
4172 7846 294
8200 472 998
8458 6043 194
2945 5864 831
1714 8155 979
8039 7440 280
7053 2605 103
5123 3328 173
7316 396 37
5648 6107 572
3681 5776 166
9252 2232 439
7921 3484 444
2286 701 667
5490 1985 501
5971 278 596
868 9620 472
4394 2966 23
6991 7293 167
4071 2078 890
7739 6143 812
8667 2416 821
2065 5047 772
9121 400 270
7265 4840 709
994 1023 147
6140 1574 371
2380 3067 266
7264 1982 816
5684 9610 800
9776 3231 466
9140 2088 664
6710 5658 925
8856 6683 484
4751 1212 964
1964 2974 155
8965 2813 247
6789 3479 913
9586 1644 189
1270 2186 746
8853 5938 484
8486 5876 444
4275 3840 624
6596 3517 707
5999 1793 855
2177 3906 556
4509 2980 502
5346 1865 118
8278 5714 486
1691 438 631
8071 4594 828
8623 2752 465
4752 7502 741
2212 9233 226
4825 8208 634
4372 4219 961
4901 6008 895
5706 7454 642
4205 7654 253
7054 7488 264
678 2799 982
8138 5754 418
5843 3309 862
1899 2882 548
2006 3569 853
8718 1436 322
1923 3180 551
4460 2437 403
2821 7817 301
8526 5080 695
6396 6302 262
784 3300 200
3743 3291 337
913 5930 649
8417 4416 564
3629 7799 35
899 7320 647
6809 5812 540
3878 900 784
2073 9662 907
824 1035 361
1128 3413 364
3816 3999 366
4577 3720 249
2409 935 359
8060 7330 420
978 4813 539
2166 1886 682
3323 3467 578
8685 6011 429
3161 3720 916
2401 5169 44
8324 3875 420
4332 152 423
7627 52 186
9233 1234 120
8045 7995 350
3410 8540 754
51 401 599
5702 8777 582
8682 3428 537
3713 9633 966
9445 2683 277
5429 2874 723
2874 3441 290
3324 194 97
824 907 868
4322 9976 70
3495 4745 907
7028 681 58
8763 8946 956
3037 8859 455
979 390 955
7821 2996 76
6086 5599 105
3211 1973 38
8564 9390 464
2527 4873 631
1530 3580 742
1381 8233 325
215 9092 40
8868 4524 927
4606 1407 291
3684 7632 19
8810 8458 243
6455 8708 376
3456 3640 461
4281 4119 769
2828 5680 429
6486 5713 565
9274 1273 247
8406 9416 407
1540 766 478
9090 207 135
314 3383 166
6176 6508 156
8294 2295 825
4131 1590 271
2472 7847 53
5490 4834 276
3707 3643 150
2635 9531 929
7642 1404 923
2843 8670 805
2317 2133 270
3960 3995 274
3797 2318 820
1058 9035 313
3469 1159 812
134 748 889
7879 9578 353
5677 3938 903
1796 9608 838
4153 4428 325
6245 2518 474
9943 7447 454
7775 2561 693
8510 1069 883
2846 5109 457
5328 3364 791
266 6778 311
1911 1881 94
7339 7407 617
2429 2789 724
9141 6213 904
4794 7093 362
8970 2626 546
3970 4933 934
6821 4950 811
1370 1367 627
1952 2889 123
7251 6978 771
9900 597 210
4918 2189 448
9490 3898 924
8418 6406 519
983 2874 223
6711 8461 602
9832 4595 9
9535 1377 479
9070 4063 542
1872 4981 202
2718 1758 319
2513 9569 221
400 9124 710
6140 7802 557
6881 238 769
4433 3002 652
9474 5474 962
98 3481 362
8604 4870 434
2183 6557 840
1814 1619 178
8335 99 508
8794 6949 107
5703 3985 135
1385 4493 417
7128 4968 145
7403 5812 960
6145 9145 210
7733 3288 907
6850 7389 398
4384 4110 71
2701 8932 872
379 4430 599
4146 6195 504
7388 1011 331
6849 9092 540
8126 904 249
4466 4233 214
5208 8235 334
6300 1336 110
9809 6444 756
6451 5880 908
7734 7246 17
8786 6364 412
4668 6491 327
6210 5869 236
7118 2733 361
6622 1267 880
7968 4316 883
9968 3518 819
6277 344 335
8424 3535 852
1171 4129 476
975 8738 927
1712 3722 636
7316 3088 24
5653 1523 428
5882 8767 115
3796 1743 690
9946 384 391
5417 7507 155
2601 1158 898
6021 9631 419
2878 6029 373
4589 5091 682
8711 3818 110
3111 4071 855
4220 9853 86
9744 8349 134
4253 5433 908
8010 9562 804
380 8406 861
4993 9098 83
4298 5887 159
9686 7061 66
7572 6405 119
9033 8495 411
8215 5032 714
7402 2312 283
4925 6777 399
5856 7915 468
2923 5410 350
5401 8319 971
2445 2435 376
7993 5168 708
8714 368 800
7949 2543 91
1502 700 525
8064 7132 445
6276 3359 801
4492 5547 537
7181 4357 338
9161 5457 180
86 3689 972
9350 6496 556
1009 9043 778
2471 1778 723
6432 2935 922
102 368 342
5527 5975 823
686 7262 25
5448 7187 455
7286 3579 906
908 6873 830
5498 3937 338
6474 62 694
8277 8789 285
4385 302 593
3244 7724 147
4764 4423 155
7073 1245 247
3282 265 318
8687 1315 678
7407 2903 603
8030 7319 411
198 8820 467
9532 9092 966
356 8433 897
4866 3372 227
8589 7902 325
5601 1427 90
5648 5850 701
1087 639 733
748 9873 38
7767 8974 437
5242 4679 785
4434 9753 118
4810 1101 365
9019 9717 274
4027 1933 542
6417 8373 458
3142 6111 183
4855 5295 4
409 8076 995
5037 4428 693
1145 9552 464
6392 8546 236
575 1319 79
6410 1003 30
1106 4355 178
2344 1358 661
2293 9368 24
1192 4775 567
1410 1501 694
4933 3688 221
4554 3950 466
8018 5150 670
3837 8971 932
4191 5858 262
3200 2011 2
7994 9616 965
3676 1016 687
3857 6167 419
9582 4875 170
3234 7959 572
2728 9769 259
3281 3699 335
5613 7592 872
6301 161 373
2642 5167 816
9909 9182 452
959 2386 674
2103 2191 19
9215 8883 470
5756 8186 294
6494 4145 468
5898 2989 595
4952 2097 752
529 5299 710
394 2704 408
3228 243 46
8755 2118 981
29 7610 483
3778 1811 30
7126 7237 890
4111 4310 553
4552 5038 637
4386 9750 203
9026 1260 377
21 7318 327
2430 2681 6
1068 6443 469
8413 7753 774
4144 2832 248
7382 6889 598
4447 7021 411
1708 460 962
3604 3132 699
7193 5325 200
3648 338 705
2437 459 894
2459 473 334
7826 910 103
9205 5621 707
8385 5038 68
2609 8282 876
6773 2986 306
3836 3607 248
4517 2597 906
377 5637 443
2226 7950 553
8791 8805 457
6930 1531 660
4704 2979 411
5036 1568 51
2500 1109 218
6742 8816 930
3217 6939 661
8689 1238 897
8915 6418 239
5802 4395 370
2635 211 780
7764 4442 598
8365 5533 504
9737 9501 528
7529 3288 950
9892 3747 258
514 3246 313
5319 2023 316
4759 9849 994
2117 50 587
6900 7045 607
832 5034 449
5098 5970 960
4655 2934 14
7295 9246 325
4298 8655 113
8642 7891 636
1253 8333 756
8841 6985 400
1980 388 964
9786 2790 358
4780 8453 547
856 6969 777
7552 6638 24
7062 4413 79
4892 9960 90
1352 2694 458
2519 3698 116
3772 526 668
5515 2992 239
954 3193 4
9820 4684 988
9075 7557 232
6028 8232 736
2144 5016 92
4729 1298 134
4239 4647 916
6753 9270 913
7623 9605 466
2283 7867 227
6308 5292 146
4547 8779 981
5606 541 976
1276 6673 557
5473 8558 173
8120 5488 900
3074 8466 470
2301 6331 865
3373 8124 142
2718 2055 343
2201 2525 202
4938 7816 957
5410 612 284
445 7149 780
5165 240 958
4860 7180 961
9548 531 823
2916 3272 743
3085 8444 106
9443 965 923
7376 1711 263
7661 6466 137
9274 8072 830
9853 4822 474
7111 4249 105
3752 5004 674
5772 7023 847
3560 5106 650
7382 192 527
4618 9904 550
3355 7759 265
6136 4917 346
1104 5966 330
6850 522 750
2078 4468 533
8680 4029 425
9653 6043 823
125 7655 336
6947 3946 861
1935 292 891
1278 3060 416
9038 2238 533
8962 5497 388
3178 1312 29
7450 672 145
4191 351 490
7736 5070 181
5806 2178 221
4908 3717 581
5456 322 652
5058 8797 196
3175 8369 439
8871 2044 705
380 5669 677
8749 5410 951
1517 7033 403
8352 8888 493
1239 4008 519
8448 6261 82
452 9143 572
9326 2346 73
5141 5980 348
9080 6280 351
3927 7165 673
6729 5431 518
5451 5867 322
8647 8496 667
5828 3249 194
971 484 932
1443 9826 505
2098 1896 859
2052 8005 277
9608 10 714
1755 4015 329
4072 3442 139
7085 1015 635
2333 3628 18
871 8308 418
5518 4353 942
6332 396 216
2505 6795 469
5564 8523 787
8030 2569 831
7246 6104 27
2111 4252 303
5210 210 378
4646 4711 863
7275 3277 408
4148 8231 813
2438 526 14
9426 7182 158
5987 9061 985
3232 6206 151
8123 3602 45
9994 4678 117
2676 1336 21
9089 9527 669
7466 5467 154
9897 9604 878
2772 32 836
8258 676 128
9275 1995 832
6265 673 172
3728 2863 586
1049 8505 926
221 2648 246
5622 2601 108
5782 901 272
2843 6043 635
1120 1785 568
7775 1148 590
4706 6593 476
5169 7755 242
7098 4988 933
8346 2970 937
7793 8300 609
9334 1123 835
1288 7852 137
6055 1735 246
5704 6918 101
5394 3305 112
9013 6496 58
1720 5003 58
8210 3115 520
9709 6254 539
8508 8108 877
3033 5300 422
312 7908 344
1245 7754 293
3749 6213 828
3249 266 505
9806 3697 794
6009 1869 452
8814 9672 996
1593 4178 820
1840 4144 609
1043 8287 791
6610 0 689
2168 8293 778
3200 5024 561
2758 2454 851
6608 1858 837
2206 3067 788
3209 2235 347
7040 2658 636
5318 1916 740
2083 6120 145
2254 6532 808
2133 5297 534
3640 1815 648
8319 4690 844
4299 7360 380
7260 9611 9
4102 3097 169
3699 1920 287
9397 9085 480
8345 3779 844
5716 4620 677
8494 7087 572
8126 1060 278
7505 9395 101
3219 1923 126
479 8525 443
8528 6809 267
1564 3239 68
7569 8541 2
4272 6913 179
8424 9165 228
3337 4382 606
6273 4396 534
6199 5967 335
6575 2500 437
3117 5912 171
9270 6818 254
8555 9601 813
4810 7610 988
6965 4279 72
1043 817 342
87 4536 759
8646 8043 138
3065 5486 594
6582 6170 205
8198 9369 910
1379 4753 992
8011 8610 106
6551 6756 453
4951 772 839
951 538 838
7218 6404 201
4132 5637 940
6995 8180 174
2192 7056 748
9003 2892 6
1413 4681 1
3424 3332 305
1023 6432 200
8568 573 782
3817 1860 347
4843 2949 665
2931 1080 622
8836 3052 940
340 7166 609
2980 5103 319
6317 91 612
87 6043 611
3028 7209 255
7315 1589 741
3072 2987 803
6839 1244 787
4520 5789 808
6829 3712 393
4547 6351 143
835 8699 889
1444 2168 417
2757 5377 380
6844 9615 87
4395 9737 897
7405 1502 732
4671 4418 363
4168 4824 991
4503 6387 693
2693 4948 946
1703 3528 333
6736 5160 309
3136 1591 640
3221 4256 133
9135 2259 371
7735 8654 119
1226 9016 86
2093 9375 381
7518 5560 853
6503 2740 485
6909 678 6
5073 5083 756
3558 4565 89
9392 3965 551
6552 8190 980
5679 4308 918
6439 737 760
1057 2597 233
7365 704 544
4789 319 813
8146 5477 773
900 2308 637
8269 8031 449
2556 9527 816
2513 7938 7
191 350 216
3559 2999 178
3530 6423 992
7637 1859 817
4722 8099 940
7955 736 819
401 2573 255
2366 6724 772
4703 6644 712
4127 9231 60
6655 5784 633
2303 8173 433
9714 198 403
7746 2867 31
5113 4279 212
7788 3910 776
5381 7570 503
4266 8782 926
2008 1602 784
1518 4198 437
1957 6608 85
6094 2445 184
8687 7663 380
424 6347 442
773 3612 750
3155 1829 63
4855 4845 26
5083 4000 908
6717 6599 195
5261 4534 123
3859 5533 971
5086 3564 188
9155 5282 608
5273 4873 17
9372 3270 144
9040 3300 32
1015 8405 139
1875 3450 803
8200 9583 574
2317 4059 822
7187 6252 5
7959 225 552
9764 2697 759
9621 9513 637
2986 6628 840
3382 4581 317
915 870 498
4255 2694 815
966 6638 363
8397 9166 214
3872 9779 263
5042 1985 713
5109 3574 427
7691 7857 344
2505 1500 990
8121 258 928
4697 8638 795
2546 3808 781
6799 2590 809
6993 6406 309
4289 4527 550
9126 7689 806
2265 825 505
51 8111 619
7629 303 602
1410 1093 528
9410 9554 703
8742 323 526
2988 6004 565
68 1375 97
9968 2810 301
2384 3420 18
3252 9985 432
973 5235 547
2450 6960 596
8491 7244 555
415 6118 192
7761 806 504
6441 2108 440
9922 6458 649
4598 8646 181
8312 8962 364
5195 2151 473
4826 5415 542
5030 4854 276
4399 8089 956
7397 83 457
5958 6619 847
6640 9777 582
5922 4084 469
6540 9505 363
236 8115 352
5289 1627 67
2538 5444 791
5859 5264 925
1362 6940 50
4858 9864 654
4659 5645 340
9307 3349 523
928 4134 833
7973 5581 513
4391 3391 544
8365 3011 735
9765 437 308
5326 588 973
9764 5731 132
5536 1156 656
3901 3427 810
7051 7432 458
5000 159 972
729 448 249
1591 5762 843
1136 8916 101
7580 8800 47
9109 286 785
1474 1966 516
6108 1364 546
8099 3043 633
4139 3554 507
1203 8136 382
319 9191 533
8869 5318 408
6590 3795 1
4504 8113 176
2397 2798 874
2218 1334 973
4542 291 433
7091 3731 987
7890 1144 635
1113 3557 601
8387 4271 195
3233 9777 982
6781 6423 546
6275 6983 378
5025 8191 237
3639 5611 835
5087 500 667
3805 744 706
2051 1754 289
1000 4277 228
2200 7808 593
4780 5976 947
1133 8342 347
9106 7379 374
150 254 170
1245 4577 719
4889 4011 749
2601 4723 12
3085 3098 655
2284 8217 433
4508 4939 327
8306 9021 245
2162 3308 438
2626 9968 421
8659 1132 292
1691 3051 988
2671 4575 764
7419 8531 8
2295 7391 812
361 6038 444
9794 8548 748
505 6954 833
8084 8280 600
2510 8210 158
8362 1248 126
62 9943 775
6799 4143 73
9814 7700 787
9843 4934 169
9111 6155 986
8017 3041 264
6784 8482 180
4544 7704 11
6293 4815 454
7611 3298 92
1013 3681 144
1103 8839 298
9782 6640 465
4376 6294 981
2672 3863 804
1799 7736 651
248 8259 736
7708 6382 486
494 8378 558
4400 3428 242
6706 1730 802
7991 104 655
8995 605 761
3496 591 32
2419 5062 747
5635 5020 161
1499 9034 345
2561 2585 170
1100 340 424
2834 6077 96
2840 8625 764
1867 5747 890
8424 1156 406
5219 8075 241
816 2488 333
7825 9210 799
7949 8338 3
89 2304 206
8633 8633 278
352 5464 827
718 1686 622
7692 7699 399
5704 2678 773
8022 5481 712
4708 8634 182
4047 543 198
4627 785 762
5422 6108 235
2061 6893 761
6180 8392 544
6306 5121 201
7998 1324 957
9819 3334 791
5993 3132 985
2074 3960 917
7468 9976 365
1255 7413 751
8060 9390 612
215 7713 110
5528 8145 60
4229 5716 240
6168 7019 479
6944 2512 181
2036 1676 66
2845 3296 90
9043 2415 858
9180 3804 506
8299 1837 762
8762 6673 725
7667 432 952
3756 8654 863
3108 8324 383
1847 9987 534
5227 3765 221
9241 5620 377
6945 1305 940
5298 6105 764
1514 2935 798
3572 3159 446
8947 6061 372
2121 3624 894
9465 6986 903
6309 62 439
5436 6046 917
7111 8324 145
5202 1599 965
9425 7982 191
3344 88 591
9033 1732 239
946 7121 707
686 5126 589
1273 9435 250
3735 8586 102
6322 1088 511
8608 5706 462
1493 5689 773
7361 8817 702
299 2995 110
5503 8290 282
4350 2046 316
8050 8845 267
9490 3598 720
4510 4878 193
1148 3984 526
9841 7384 739
3610 6598 920
7563 5577 846
7007 9625 817
3327 8668 316
127 1852 801
5526 1112 343
2304 8811 900
8905 2821 653
9587 4852 800
7004 4443 671
944 9021 929
337 6044 102
6139 2898 244
5767 2678 927
7445 1443 719
9254 6860 522
6634 2321 499
1939 9941 920
5612 3324 898
9849 937 505
5017 7538 159
2003 802 112
2498 6539 465
2610 6148 946
7173 8338 732
9799 5181 429
8850 7128 11
202 608 96
3337 2208 90
4750 7980 840
7463 9554 100
683 926 743
7512 9049 374
2214 5 236
9734 7604 712
6877 1963 49
5186 7128 432
9055 3186 514
6103 7631 964
5275 8260 420
2480 525 405
5607 4167 735
6095 9985 705
903 8858 157
2223 4180 343
6527 4688 613
6937 5445 25
6262 7314 265
9999 8523 84
248 3630 750
8953 2808 189
8499 8131 637
7901 6428 409
1190 2548 241
6235 72 903
5243 5022 756
3523 6809 634
8453 1853 462
2872 2768 228
1888 7696 710
4739 4485 38
8697 3876 342
3799 1996 43
2323 1411 251
4839 2953 398
5580 5524 866
2147 4511 209
3504 2961 168
1712 2500 203
6674 1786 97
9934 9572 461
122 305 647
7982 4049 195
7613 2456 912
7731 3877 648
7787 6836 905
2932 1732 690
7976 7197 145
7734 3378 358
7369 166 560
8566 9156 193
5214 6954 621
5909 5812 53
7827 3593 66
7047 9489 181
5152 7815 637
9745 7103 941
4470 2714 838
189 7464 170
6145 3363 545
4763 7322 201
2458 676 907
3313 303 220
1215 8107 808
2774 8135 771
6597 1506 766
7320 8772 82
4558 5010 557
9031 2418 856
8264 7176 229
5259 7710 591
3839 6569 736
2417 9482 962
4937 6374 604
1731 7459 706
1762 177 345
6344 5721 621
231 599 464
7826 9847 897
2294 7712 742
5271 5410 913
8617 2945 982
9188 8732 523
7861 5030 744
8983 6968 405
1508 2892 511
6721 3013 417
5396 9706 183
1883 1146 650
1676 153 289
569 5444 979
9888 9982 979
6561 8132 669
8241 7863 126
6510 7260 262
1649 2124 933
2479 5068 940
106 44 610
4590 4752 290
352 3670 79
6883 6182 581
8827 564 181
988 5227 814
2902 7415 94
1946 9606 503
757 4122 976
2618 5306 750
755 6014 116
7548 907 455
9184 4911 533
1844 4158 593
173 7176 356
7266 3873 524
1372 5170 831
8535 8805 498
1174 3969 361
3274 8846 118
8681 3823 199
7283 803 353
2699 5682 982
8026 2798 366
3215 9844 743
5441 8157 354
2049 9257 571
3094 3876 327
9642 1210 677
2298 9838 421
1183 9481 431
2041 2955 111
2043 5330 88
2371 3044 585
9083 3291 995
7163 5351 470
1343 4530 321
8772 5109 561
4316 3705 981
6592 30 732
1768 1638 998
2015 4704 466
5479 5836 297
7891 8319 598
9423 8531 695
8774 2011 140
6280 6657 23
5283 2897 690
6896 6070 402
9446 5144 629
5413 9448 527
6469 4607 889
9108 3499 403
8417 8767 59
5533 7928 629
6240 6493 191
661 535 157
7684 1320 595
3049 6857 182
4248 5249 616
5010 5047 863
9969 3885 34
1024 4308 290
2320 759 146
5162 7076 270
198 2208 673
9097 4079 631
7038 8654 968
327 6067 581
5148 3419 414
2467 3223 129
722 740 771
6461 1971 550
7929 5403 298
2911 1172 494
2168 8028 573
9637 3264 132
871 4343 881
4342 5928 379
220 6149 773
3890 5133 936
7025 4195 410
5851 4263 305
7513 9711 250
7392 1780 50
6607 3488 224
39 7863 206
7472 3200 876
9440 9130 593
2129 1665 815
143 1014 716
1300 3793 130
1191 6476 853
2877 1155 519
7767 4492 283
5203 2826 473
5043 2516 114
3380 2056 431
4646 1973 69
741 2218 209
5491 8876 591
6877 1050 465
9385 8814 280
8207 7604 906
6157 3106 835
7377 4801 824
2592 9627 709
117 5961 28
9074 3006 717
9193 2902 272
4173 6351 286
3526 2308 594
578 5935 127
5635 1685 773
8997 3407 185
789 21 887
6980 5699 360
8846 4875 361
6687 8788 785
9101 1655 525
5697 2991 549
8783 3441 595
4992 9393 465
6426 2833 785
3888 2463 220
8661 2479 203
559 2479 205
3830 5421 106
5151 8258 767
7879 123 850
335 6287 656
6684 3708 225
7986 8018 60
1280 3994 581
7241 8107 376
7874 481 145
9924 2804 959
8272 7517 216
547 8042 160
3460 4118 714
3485 3157 613
179 2987 447
6377 817 870
2549 2217 792
3878 1109 30
2868 5626 575
6284 1988 312
4959 3242 140
1596 4858 155
9659 2568 788
9284 4077 452
9934 4647 562
5163 5555 854
454 9438 999
9039 6971 705
7379 8564 65
4142 1530 49
8261 7900 97
5491 2600 218
9724 6879 739
4216 4295 3
1415 4178 797
4359 9629 972
4691 4890 554
610 3195 534
9063 4528 241
124 7925 610
3259 3216 800
5994 5814 452
4051 8428 33
7778 1195 667
7553 9112 271
7574 7664 55
1287 2525 991
8682 9979 264
777 4695 195
2636 6405 708
905 9364 912
8328 8752 204
4236 7301 770
9747 111 175
8014 6527 208
5150 9182 830
6762 2941 906
1418 1826 125
2664 8312 95
6408 6306 481
9589 7849 490
2513 3285 239
7025 1651 55
9534 7616 540
1682 80 861
3631 4462 230
26 2013 402
9376 8480 696
5727 2982 457
2924 6554 712
6933 1231 987
6252 3695 844
2139 9003 452
7851 5245 580
1513 8203 422
9508 9589 157
6472 6699 403
6423 4815 842
2250 2826 645
2048 7769 106
8193 9483 456
4293 2057 837
3790 3957 359
2158 3201 647
2116 6983 256
7642 7892 210
1361 2598 782
1746 835 570
184 3324 234
66 6086 508
236 148 476
8185 6708 372
2471 5010 134
1871 7039 724
7625 7685 985
2777 802 430
142 2304 416
9869 4127 948
5846 7863 485
1348 9167 718
7353 8294 118
3826 9942 950
939 1482 79
1075 4319 389
4424 9303 993
6458 6273 358
3289 4359 496
2239 1975 303
3880 4490 373
165 4750 220
5778 3453 67
8414 7967 427
74 4761 985
2227 7280 465
6393 4715 461
2976 3631 114
7735 8200 455
7421 2511 292
8623 7774 312
9041 3151 192
8393 1652 610
5280 3339 745
2187 3572 195
2057 6888 726
2886 3019 568
917 536 95
4264 8664 320
4318 1894 686
5166 5931 937
9486 1912 283
6059 1523 581
0 2016 485
1404 9265 307
8799 5584 242
2410 9833 661
4840 6921 278
2503 3373 951
191 2166 664
6810 8014 550
561 1492 432
7080 3708 444
731 9089 557
4373 6691 215
9189 3942 180
8204 3423 68
1835 6952 977
3559 9944 398
7353 8157 952
4501 2585 596
8185 8539 547
8754 6750 188
1071 7197 459
465 3269 897
4854 5697 564
7714 898 911
8488 9428 272
9743 4494 85
9734 7598 501
9036 1629 445
4332 316 838
6054 1780 878
8251 3973 86
9978 6238 344
1270 5771 69
7601 1520 627
9868 3170 780
2822 2637 134
5499 7139 986
3708 1581 161
8356 932 300
3966 2529 364
2972 6285 137
524 9495 171
7258 6370 751
6330 5690 318
4586 1175 855
4251 4253 572
3510 1783 781
8817 1271 306
8797 9689 78
5797 94 386
2509 1700 575
1781 8838 299
2167 2367 884
6235 4484 119
6797 259 477
3110 7866 597
6254 3366 953
9602 7392 541
9313 5122 440
9932 3091 79
4262 874 632
5887 6022 582
5488 3797 571
1660 3479 369
7984 6967 377
9573 8469 847
4236 9471 418
850 2563 801
7345 7228 813
8812 4744 389
2524 1045 154
1986 312 813
8425 9049 237
412 7281 869
244 7822 181
2302 7346 777
406 5435 316
1276 3202 767
9766 5383 163
4581 6894 811
625 6127 92
2696 4373 299
7817 2536 115
2873 3797 972
4876 4056 328
4805 2816 398
7363 9548 429
2514 6160 622
5814 8280 733
3247 6956 930
6560 7053 940
1140 3628 882
1045 8624 162
4477 8486 266
3252 9977 389
8256 8541 843
2396 4015 630
4102 9605 645
74 9298 823
4297 7629 140
52 1794 205
848 9252 374
3975 298 346
8488 4293 406
6015 6912 463
7847 2937 831
6774 1788 190
9612 5547 154
5643 6164 886
5916 6945 193
954 441 490
5951 1617 138
9346 2812 666
7557 4113 381
3035 4489 571
9631 1568 917
3997 9589 336
7462 5816 762
4523 3736 802
2094 8575 467
7955 2836 879
5015 633 478
3259 7956 704
1082 5768 436
4894 370 452
5902 4559 511
6032 1073 623
9216 9572 393
4703 9325 466
7846 7838 634
8186 8039 688
9125 8391 741
1446 1066 878
4256 6602 200
5985 1351 506
5241 7129 368
6200 6893 151
9292 8336 666
2746 7545 166
5005 7349 39
8507 3212 490
5749 7821 32
4658 4948 174
9959 3280 724
7037 4261 147
3239 2501 624
293 8046 451
8284 9534 146
6112 1548 404
5089 5969 118
1483 643 862
2085 7608 418
9638 6243 190
3322 2528 81
8437 8308 596
1559 1122 103
1303 5862 283
2046 5439 978
82 291 514
2202 5656 213
3193 2567 503
2231 5697 37
6427 4310 262
1221 4699 904
4365 3751 842
1414 9067 754
182 9322 770
4077 7513 700
6574 4452 667
8011 7403 985
6474 3136 216
7701 2613 747
1767 7017 832
9483 3917 310
4505 6687 917
2123 9430 878
9702 4853 585
7716 6208 392
8429 2040 243
6007 2849 549
1233 4877 378
5211 7000 403
3980 816 798
1547 5607 36
6256 9064 590
9940 2105 969
5280 7713 575
9346 1057 821
9356 1037 290
7317 3243 217
2326 4575 894
3734 6743 414
981 754 204
8284 8047 7
620 5463 167
2549 4646 144
6542 5158 409
9802 532 674
2547 2383 957
1136 4532 559
1990 1713 558
8681 3895 697
4217 5944 124
848 5242 363
4139 6315 441
5391 4074 506
8284 8602 342
5663 5137 687
2618 4354 482
8561 1739 904
7255 5567 530
3194 6655 804
7991 2605 988
4339 2533 998
4847 4681 792
3578 4103 196
9067 7853 742
471 9425 931
8670 4029 159
7219 1126 694
6943 4269 669
4378 7192 127
4308 4639 247
6968 5618 756
4934 5358 550
2344 1086 412
9588 182 994
1322 8006 227
904 4830 920
9409 9223 221
503 5037 412
2239 5109 148
3401 9793 546
1006 8003 177
2334 2741 172
5011 5925 128
5870 9324 178
1101 9145 874
9370 4687 989
6506 2629 856
2940 1938 341
4644 5883 539
3411 4230 391
6829 9270 82
924 509 360
4394 4971 143
6950 5742 884
8974 2218 225
8756 7384 940
979 4353 681
4847 1046 336
5537 7484 239
5386 9243 639
4102 6236 340
9089 2308 315
865 417 367
3440 998 759
6317 7405 84
1829 3466 228
1420 4724 676
6053 6287 353
2312 5942 721
5765 7467 974
4527 4627 543
6879 7006 12
5537 1220 799
1826 3482 226
315 2571 842
4236 6948 718
8023 5256 943
3950 8488 582
2250 7909 350
7962 9184 645
8726 4531 692
3536 1003 303
1370 4625 207
8681 1393 846
8071 5834 932
1436 2160 993
4125 2841 869
502 8266 841
251 8801 596
8205 2957 31
5961 6786 708
8480 9664 834
9229 5178 429
4771 9280 963
7217 7837 540
6803 1215 41
7277 9383 831
7696 4607 882
8553 7205 228
8480 2777 967
3892 4205 364
7397 535 527
9591 1226 739
6582 9967 340
8485 7784 655
1618 5926 610
3594 5137 342
1560 2653 576
304 6086 206
7789 4858 409
4653 8662 835
542 9437 425
706 6011 738
6639 5220 615
8727 8096 942
5829 3896 667
7624 4024 679
5193 8803 786
707 2345 166
7722 5872 925
7395 8302 650
2163 4829 216
582 1681 510
4086 3977 314
6717 8481 466
6573 4384 648
4420 167 55
4576 4890 301
8446 8328 224
7530 9682 145
1654 792 778
6426 2284 395
7675 7142 68
360 2410 504
7058 9496 168
2966 9767 607
3288 4921 878
1649 694 533
3732 5225 366
4625 8815 828
7330 6031 239
1361 4560 220
2806 5708 446
561 13 792
2162 1802 358
2491 8565 615
6020 7413 768
8181 8109 573
723 7249 183
6789 9318 429
589 8555 197
3004 2247 389
3805 1546 524
8250 8297 360
8383 5854 220
5867 4320 280
9728 9529 936
4122 314 777
5975 8223 211
9032 2653 963
4318 9616 519
3007 4365 933
4222 2930 503
7862 8379 775
8554 9014 139
3688 2022 284
7943 3431 218
5303 6298 62
6488 9214 946
824 6285 63
3396 5563 490
260 3829 112
5987 2139 755
3470 2618 15
9190 9316 466
3791 8311 865
5694 4205 456
6323 1837 718
4911 4543 227
5237 5094 989
576 7089 486
7616 8434 659
1246 4457 213
2915 9671 951
1597 3506 25
6744 4461 486
5325 1791 116
4604 7949 223
12 251 908
3171 6495 680
9980 3604 24
7058 6540 771
5471 4337 887
3782 4051 644
5382 2088 990
514 3903 170
1102 8526 731
6628 4772 630
4653 3904 381
2332 9236 631
4962 6518 496
8949 206 277
1886 672 759
4231 9198 378
1190 5937 229
7236 3749 646
8634 7779 78
9388 2585 7
4805 2454 393
1807 5535 236
4765 3156 185
1644 7467 195
3002 1634 864
5804 7945 527
9443 125 589
7224 6894 145
7617 3263 52
5996 1120 915
5346 1562 749
9717 2718 244
5766 2393 84
3799 2085 219
5062 4167 254
7771 7749 612
9494 4327 139
7511 4540 438
8515 3997 926
831 4002 761
3101 3614 761
9928 7614 201
6587 2507 932
7135 3935 984
2431 8331 17
9314 1828 206
6472 2740 430
8813 7932 493
8228 2562 52
7357 393 887
6706 4128 973
8682 5770 708
9716 4883 705
4123 7284 972
3552 195 491
3519 8626 504
21 580 15
5052 557 480
364 1228 966
4671 8103 27
6430 108 351
2965 1105 912
7203 9320 741
2504 7245 313
3663 5165 611
7209 5132 601
9425 7509 373
45 3894 368
3234 6780 761
3649 6953 379
9969 3143 384
654 5279 530
9860 9124 835
3736 261 245
386 70 146
7860 1637 109
733 5365 471
4417 4196 403
6790 5935 798
1369 3695 680
2381 981 777
1434 2380 816
4923 5016 251
1544 5762 131
3074 3791 653
8476 6281 1000
2359 4484 760
1801 1062 112
1365 7838 575
8866 2817 701
7931 3221 559
6158 8529 406
8406 3170 315
1679 3915 226
3730 3602 735
2239 3225 851
7293 1765 508
5349 1708 505
7255 2101 432
3571 7001 775
7593 8184 667
2510 4113 985
8780 6338 881
7130 9888 360
5799 3579 423
3999 2283 831
6404 9593 675
5541 9519 824
4454 2491 309
8420 7875 481
4734 2836 398
1155 8435 831
2371 1624 409
8728 1835 995
8840 8431 509
2365 716 145
5875 4117 197
9326 3728 401
6545 2933 425
1485 345 442
4156 5534 469
32 6298 760
8193 7163 15
9958 982 457
5987 9156 628
8519 6169 584
3473 9547 292
9853 9667 411
3306 9115 193
2338 1231 26
7802 5043 831
3439 3667 812
7889 5280 257
732 9429 159
3291 8707 755
8512 4705 855
704 90 863
8510 2470 917
2751 5167 748
244 5097 807
2161 7603 825
5996 7523 280
7945 4942 964
8066 432 258
5840 2140 710
6123 6792 322
1607 4517 424
4634 1028 615
4858 8007 577
7405 3482 126
9358 1732 609
5756 2203 143
2481 8607 916
6967 4380 395
8926 5319 344
8127 1891 137
5833 8931 417
7433 6959 948
6034 3873 218
834 2684 438
1539 8954 90
7525 103 25
9437 7593 861
9855 327 450
5926 1779 739
7097 3190 114
723 3100 912
2425 6028 378
213 4324 809
8283 4505 619
5174 8947 853
6407 3153 497
3970 2516 42
6539 7104 125
6683 4047 150
7484 8607 776
1821 2763 266
8741 9902 733
1233 4978 11
1003 7745 338
7363 6769 107
6704 853 407
1964 925 955
2061 6264 775
6471 4702 121
8923 5844 389
3602 1328 673
5750 9954 689
3583 5484 124
7540 6305 135
7738 5575 595
8711 2690 306
7286 2743 656
106 2536 244
9390 6231 375
5330 8536 217
5640 5323 211
2452 7841 589
2894 1013 665
713 930 258
1245 2890 512
7709 1091 572
6004 2562 642
7276 9417 486
1217 5161 671
9390 4648 31
6287 9080 305
1349 4004 351
6890 5125 505
6003 3945 710
7794 9580 908
7573 1196 857
7830 6704 872
660 1774 624
2044 2200 429
253 1936 420
8197 6427 352
5171 2032 2
7915 3395 239
128 116 633
3755 7610 108
4012 3317 351
6106 2488 673
299 7563 558
1643 1968 280
9991 8424 122
659 743 754
9568 9028 527
3925 7202 522
5912 8850 60
8731 6552 934
7465 7408 715
2236 8807 325
1335 6970 871
817 7427 276
9995 4912 717
9563 971 899
6224 5559 511
5688 1126 357
8490 9102 876
1221 6662 250
1337 8284 462
7476 4517 533
1069 1055 952
4245 7565 872
4706 4154 768
3557 8750 554
5061 5902 888
4104 2786 499
9291 757 106
1291 5776 766
9662 519 237
4072 8577 468
3866 7189 192
3480 8723 73
1727 9179 408
8977 6075 589
7850 2406 968
1991 7696 958
6575 1238 713
1115 917 839
6113 9318 728
960 735 870
9763 8242 714
9546 140 291
3470 8119 823
358 7971 915
4916 2683 948
4833 3039 72
2568 6403 899
265 4375 832
9041 5639 661
2002 4051 362
5024 7713 130
5796 8585 243
9276 6091 932
6357 1369 937
7752 4130 770
75 3851 240
4158 4727 522
5254 7751 895
5709 5711 93
887 6211 37
1154 1502 17
4087 3262 609
7037 114 646
2979 7391 571
986 3845 377
734 8354 309
8876 7480 177
7574 9228 860
7418 589 382
8046 2666 838
4586 4968 135
2658 2681 51
5394 8397 667
3310 8029 23
9163 138 997
1261 1912 940
9805 5889 594
7205 5064 178
9827 69 793
4423 4269 683
5645 4416 349
4992 5285 10
4959 677 712
7820 7047 491
9324 3687 301
4125 3086 348
2790 9519 265
5479 3667 174
2386 6053 960
8742 9006 992
7826 7941 209
8294 9614 774
6886 2807 57
3094 6179 133
6356 2254 626
4750 9224 75
9664 5591 771
4127 7884 948
4556 4213 177
9342 8707 576
7109 5050 411
5990 4998 954
7181 5502 371
8154 1622 352
828 9846 824
6247 974 771
4168 6633 46
6524 9746 198
1229 2333 231
6570 8590 229
3961 5840 40
1982 8483 846
834 4549 483
5711 1346 879
2480 6649 84
6097 875 622
9204 6543 767
5145 5355 392
7517 5669 693
1879 3126 381
5201 573 564
2951 191 423
6610 240 677
3172 831 317
8318 3683 709
8876 3009 406
6090 5892 28
9669 1168 297
3045 6057 163
5668 3168 65
1896 3056 842
2948 4469 471
3285 8301 896
8480 5500 106
5553 3953 686
6781 318 522
6844 9394 200
8826 8953 927
5245 5938 668
8567 6757 777
7359 1194 622
677 9347 155
3664 8388 216
9950 3246 939
3166 3424 48
9643 8535 671
3353 3434 319
5964 7128 47
4454 617 110
7403 2510 533
9691 3593 149
6642 6277 866
4849 1996 131
8220 1884 967
2429 3350 339
7167 6660 276
9179 4361 193
5873 9113 502
1058 7738 720
8674 2694 567
6767 452 144
3078 1285 460
7298 8967 505
9225 1620 117
5390 5794 367
3696 5847 787
9231 2222 645
2242 4350 412
7311 3154 10
6948 6035 843
9378 6927 3
5833 6324 876
7300 5786 786
3661 5213 779
8852 8900 7
9410 767 526
4780 7586 364
8721 333 855
7086 3398 571
888 5958 641
8330 8433 863
6094 6421 428
7118 3972 826
951 4696 81
8844 4945 16
598 7696 673
8877 9700 2
6974 4408 332
7364 9612 569
52 9115 858
7185 5349 648
5618 4186 558
5692 476 140
8706 6153 160
4448 2832 276
5380 5193 178
4473 7258 15
4599 3559 614
3180 1818 407
4945 1391 723
5382 9702 744
6030 3509 201
8399 4097 835
5746 5405 753
5194 3425 854
365 6367 890
2254 2420 524
6151 5360 9
9035 640 445
9534 6257 619
9860 1773 911
9411 6236 315
2038 4521 568
4214 3113 546
6630 8548 126
2438 7825 525
9891 525 659
7826 8580 181
1311 5648 524
5995 6972 923
3847 2193 447
3177 4526 831
5804 8604 263
4394 585 881
1085 7554 858
404 1884 513
3527 4927 93
801 9766 12
4434 62 816
5282 2634 25
6919 2883 419
6145 5996 733
3538 2768 293
9715 3345 623
1917 2934 684
5110 8379 673
801 5901 846
8943 2897 721
6228 5607 581
1529 2420 947
9152 3359 852
9648 4013 659
2064 264 667
8331 131 960
9353 7912 497
514 2411 905
3198 9163 318
8697 730 580
1598 2536 44
1339 9232 295
1766 6501 275
7912 6275 247
7897 2831 66
2160 142 338
6446 2318 909
1017 4069 475
4666 9873 383
7497 4900 468
4147 4935 121
7519 9052 279
5963 4579 188
3792 504 784
999 705 72
2584 9017 451
819 6815 676
2924 639 540
4791 5700 284
645 2639 580
9410 3036 582
9337 8108 331
3942 4717 194
5611 4667 969
4765 6558 95
2517 8549 187
8199 7304 214
8305 2742 686
7004 8377 553
7456 4847 422
9192 8916 630
4102 4106 88
714 749 714
1390 9791 553
9712 3596 907
2384 4645 154
8024 5737 804
7195 7499 700
4640 4409 111
7253 9579 484
603 6807 947
5757 8299 355
3896 9324 294
9212 3161 885
1076 5079 974
7065 7772 825
355 547 668
7269 6612 226
2565 9935 7
18 2664 80
8062 3491 400
5864 7476 914
3439 3511 487
7264 6252 501
3489 3512 98
9673 5374 926
6389 2364 25
3495 3267 683
7578 845 20
6172 9620 705
3410 8001 429
32 2703 820
0 1142 813
2702 2998 732
7997 3644 83
8291 3271 110
5443 2489 22
7704 8922 12
3002 1006 324
8503 8917 498
4776 4700 987
2047 9299 5
9594 4828 226
286 5904 652
4180 3453 92
5263 9485 778
9480 7412 550
1981 9142 178
8536 7243 333
2630 3309 540
2826 8301 697
3941 5039 17
8324 1517 222
8588 2407 167
8496 9163 729
7450 6693 424
4614 7308 338
4841 3360 281
5858 9094 841
3896 443 580
2714 9700 215
5016 4946 517
3929 194 593
8171 6520 170
7512 9430 346
5547 6979 206
2845 4530 296
7482 4698 6
5494 8650 202
2206 3340 964
5078 8403 552
2474 4065 367
8904 5739 564
7691 177 751
5768 448 397
3400 5908 14
4512 7600 442
8768 6473 573
3729 9771 201
2522 2685 70
5866 3961 750
9558 7138 346
1933 9617 892
7977 6138 966
9909 614 559
1549 1975 217
9990 3072 169
7398 5457 896
2705 6056 770
2647 1811 260
1783 1971 477
5620 6470 46
681 4658 747
7000 8196 66
6692 2483 646
5138 9066 42
9576 3559 319
4899 6893 416
4166 6202 400
9843 3780 767
7607 5356 336
9327 842 477
6430 5702 915
6423 2959 418
5649 6124 875
6498 7361 563
6512 1560 813
1809 7548 280
439 5480 32
5546 1627 333
9264 8578 852
716 3780 869
2959 1197 584
4868 9154 425
1364 4001 625
4010 5863 569
7414 3257 69
6302 8085 161
5341 6891 378
7972 1103 99
7163 5540 70
6856 5943 548
6642 757 243
2270 9361 743
6936 2700 153
7590 8500 908
6010 8770 556
3760 6134 970
4556 3052 168
5132 2956 917
6597 6328 462
6083 9184 602
122 7173 840
5684 3578 181
4172 7089 564
6051 4565 456
3639 5920 703
4062 4183 906
3692 3080 584
9356 5281 257
2408 981 363
5610 4631 2
3667 832 51
8582 4373 401
3067 1522 235
5528 5398 328
1242 7138 633
7162 1417 573
3473 3038 57
3024 7743 149
4148 2896 658
2768 4671 301
217 3787 813
4104 5240 311
8404 4833 258
715 8286 799
5710 7794 475
1831 8239 507
8541 9334 825
3253 5899 384
6572 7148 433
4181 5854 485
8814 1322 217
6705 7502 259
9589 4854 13
4005 6555 566
1658 1358 966
6077 9481 507
8004 1411 693
197 3290 317
3336 9597 845
1992 6464 29
3214 5702 126
406 7140 607
2681 3715 100
5809 4015 523
5479 5386 892
1089 3552 192
1900 5263 717
1933 2088 249
4718 8520 969
3309 5079 378
4343 2206 860
7519 1238 415
4895 6859 198
9718 9878 586
4310 9804 244
3378 5852 210
4611 4490 48
9401 7287 467
5338 9999 529
9025 9513 258
8172 1280 572
7163 873 641
7191 8137 29
7774 2079 458
7223 7172 511
4464 8153 696
8497 9058 393
779 9242 515
4694 9598 128
2163 7174 391
5382 4354 568
7497 7690 694
105 4690 386
7871 5511 974
9877 5834 826
5801 1265 233
3739 5188 899
4960 7944 398
231 3801 3
2008 3534 625
7755 521 10
5000 9258 813
2398 4899 209
9921 5286 313
3185 8164 847
6563 8802 908
8332 3961 268
8 1311 93
6535 2281 881
1812 1267 132
6216 1277 690
3684 2065 171
5587 1988 476
6772 7227 128
4239 2161 789
1499 5863 456
5551 9987 170
7823 573 490
9018 7462 854
1834 7065 804
9275 2257 22
6369 2851 902
1281 872 442
6124 6373 383
4928 7351 135
2343 8185 563
9205 8365 223
882 9415 889
2580 8775 746
3741 407 577
8749 9608 355
7981 1575 390
7878 2300 585
8695 4135 656
3351 5301 518
7140 5176 201
873 171 572
1378 5728 631
299 5272 114
1582 1147 427
8171 8435 216
3639 3115 291
2975 9265 960
8972 2662 496
9630 6983 78
2988 730 791
2287 1495 505
1885 2685 81
347 7092 65
2492 2838 631
1496 6625 255
7228 6457 842
8239 6953 211
2076 6988 627
87 5690 758
3252 6693 504
1261 9807 252
5797 3807 589
4320 9233 158
934 6691 86
4294 3885 821
5115 2516 470
5002 9843 428
945 7012 257
5518 5635 619
7010 9645 370
7908 5972 563
5493 4634 870
2952 7583 351
9038 8804 533
8875 6554 825
5021 6725 106
8328 5994 83
2806 6957 390
2025 908 114
5605 3105 512
5129 8869 19
5515 6242 555
6612 2224 966
8374 7456 739
8416 2302 280
2595 550 449
6075 7818 46
329 697 860
7634 2238 431
6676 1591 309
5908 3871 500
1296 597 808
1038 3805 784
2104 7353 646
6581 6484 349
5897 9860 117
3710 8877 799
8092 9244 684
4292 5751 252
344 6967 77
9216 2110 888
8206 8115 817
9315 8291 181
1682 9272 952
9365 4234 276
2457 3327 636
2417 8334 696
7957 3017 676
8562 3808 417
6216 5708 132
560 7088 137
5603 4130 815
4465 8072 614
5635 1305 388
6282 4491 570
1973 8997 175
6134 7275 826
710 1549 436
438 2480 553
5350 8645 141
1123 7953 251
5687 2519 428
4296 3491 977
3456 4601 118
9625 1068 723
8762 9960 735
3442 6470 968
4202 5725 971
9428 5827 786
9269 3725 47
7987 4662 331
3408 7950 848
1263 3095 826
7853 2685 706
2370 6134 651
8046 2992 32
1306 5536 558
2863 4247 60
173 3793 158
2714 212 975
1339 9524 731
3700 5140 733
545 8347 800
5431 9814 976
7922 5851 697
5590 1776 361
2553 7960 544
9600 9349 136
6375 5783 192
6602 1294 518
2157 7828 291
1970 2116 749
2137 6710 786
4670 8780 210
9784 8342 655
3215 7782 355
4425 9218 347
9055 9588 159
4413 3655 47
312 8177 121
7386 5442 868
7350 7924 47
7578 7448 98
774 3942 709
8830 8330 596
3533 593 217
2064 8283 388
9726 9185 383
843 3983 980
3064 6050 892
8470 3374 788
9354 8119 77
5434 3577 878
5671 4864 477
5747 9366 109
9492 2538 92
1073 7193 561
139 6308 533
7416 7400 860
7853 9333 116
7317 4128 509
3896 4278 258
1770 1803 123
4799 1587 428
2152 9587 914
2674 7009 877
7820 9426 552
7522 2257 859
1928 1172 199
7197 3206 231
5560 1465 301
2201 3301 277
7682 7411 344
8102 6454 218
2098 2080 910
6381 3160 674
1972 2473 57
6044 7277 3
5563 4278 920
8482 1915 945
2767 2555 659
2157 7845 722
8149 9614 87
3824 9011 118
2771 2594 879
2337 6584 731
6722 2010 141
8524 2702 530
8459 6445 984
9797 9680 11
9750 471 224
7848 5813 36
3383 8013 703
9044 6915 5
4086 2587 788
1739 3990 487
9756 680 750
1888 4421 1000
3935 3925 730
7751 3394 845
8637 3822 299
7925 9776 730
2501 595 49
1918 1426 834
8751 4039 284
6188 1128 730
7269 6058 488
6342 7987 75
3462 3339 761
6345 3590 329
7555 2019 89
9515 5634 194
5527 2791 550
5185 7771 347
6604 2796 161
1640 3700 331
8937 8010 311
8134 4084 586
463 7657 228
4935 1910 46
3629 4878 17
1108 3871 706
3318 5330 348
8344 1087 646
4131 6865 660
4528 1543 965
1866 777 332
5529 8362 650
5766 2939 560
7172 6022 74
7148 4793 975
3754 5132 274
1484 9708 895
6566 8356 896
5182 2997 427
2079 5460 795
429 2934 451
5759 5745 31
7329 3540 523
7050 6943 153
7919 1681 854
3874 7807 550
9751 364 779
2267 5768 157
4377 8814 223
5265 1143 685
1843 3757 648
317 3188 618
9308 2310 811
6112 2894 841
3890 1567 163
7831 8063 723
1708 7170 946
5606 1906 764
2149 271 529
7867 7527 339
7910 8042 851
2423 9371 744
843 6506 582
4338 1193 560
9778 5717 875
3487 8416 522
2136 7555 282
2905 8639 739
1434 4222 498
4193 1676 380
9598 3521 306
6684 6773 987
3108 5735 899
1363 3213 903
2133 5381 791
5879 543 368
7228 4362 268
7129 4332 490
3397 6348 350
6435 7773 683
4472 2109 677
8223 3298 296
8732 1787 737
1365 2108 638
1779 6662 339
6880 8554 586
7334 2350 337
813 1355 177
7008 7443 714
2522 5940 813
4539 6834 585
713 2699 608
5221 5041 136
9888 2215 915
2437 4824 721
2240 9361 233
6037 4005 439
3011 1788 668
4440 4985 768
5674 5078 846
4911 711 396
1416 2126 389
4120 3975 738
7389 8582 796
8238 7985 266
7272 9914 233
1298 5907 650
8598 9317 187
9771 9951 737
1140 4498 400
8471 9841 632
3553 4141 745
5939 9063 453
2297 2388 827
8540 4182 518
1143 6419 9
6169 2913 250
3018 9011 727
3132 7310 38
9880 4252 48
4954 6220 162
2532 1023 131
3472 1357 384
6054 9315 136
5140 6546 964
9049 2130 862
2829 115 386
2872 5813 613
6327 365 463
2358 9575 567
7933 9187 393
7811 1915 513
1484 9709 573
2914 5262 723
6800 1105 80
8944 2981 971
2364 60 450
7477 7361 990
3814 6739 144
4140 5930 564
2001 5228 314
4612 9949 899
3351 5957 504
6259 8355 43
7015 6005 422
2583 1587 148
4160 5856 167
2547 7905 550
5270 2967 399
6587 5633 634
6492 6619 748
8357 1094 5
6910 1027 763
7282 3129 949
1980 8407 667
5136 9561 397
9626 574 967
3104 4567 300
439 8177 958
251 7740 868
9583 3860 191
7513 1411 150
2582 6253 659
9917 6948 444
4853 1614 796
1664 3524 465
5983 379 164
7648 2827 168
2564 5701 285
822 1878 914
4800 16 918
6850 9884 793
5522 2567 214
1708 5358 80
5906 7439 308
5085 9698 853
2196 959 757
3046 4411 768
3878 2185 37
5364 3464 21
8818 7754 39
1988 5588 249
9993 880 853
360 4790 254
9926 4578 441
3236 3239 795
6018 1788 598
417 2883 496
4657 4659 684
111 9052 348
1361 9710 651
845 188 831
4252 6621 643
5317 3655 705
3867 1235 242
8968 1366 59
9961 9826 430
5077 5250 86
6559 9596 895
2705 7737 486
7300 851 838
7024 2775 987
1601 8825 596
1489 4329 317
9657 4918 947
1660 9116 974
2125 4781 625
6023 7421 486
8178 7844 66
5071 7476 206
2830 9027 665
7365 5841 598
5733 6828 410
4368 7027 692
7499 1362 974
3838 2129 900
8118 4027 210
243 8390 684
1078 8642 914
5146 9241 807
4391 6361 313
5739 8893 439
1523 170 868
7448 1651 102
3180 9142 712
2948 7476 537
984 6532 233
7241 7520 464
4493 3698 606
1256 1922 165
5631 655 164
5048 480 262
7906 5506 178
3211 3063 891
8525 1445 486
7463 987 458
2175 3586 733
625 1983 493
9573 1027 1000
7735 5620 298
6211 4151 501
2256 7688 997
9503 1696 18
5498 495 993
1913 7647 873
2766 9761 841
1325 137 314
5043 6226 322
1363 8587 137
2081 6042 671
7091 4132 596
4055 7674 78
9700 784 722
9121 8193 435
8457 2012 968
7120 8607 447
1365 457 171
3448 7530 184
6855 8751 349
8938 251 169
835 2339 141
2962 7999 153
122 560 444
5111 2290 269
7451 4495 867
7121 8640 885
8818 2526 775
6420 1059 139
5260 9794 188
277 4859 838
8662 2269 771
5844 9252 225
2798 1866 417
5026 6887 93
9438 4416 882
7168 2532 831
2038 10 913
4141 88 265
2969 5355 711
5700 1095 678
8839 359 695
640 9358 285
218 9781 777
7401 9266 366
8000 4955 285
5777 2045 412
5046 365 364
8748 4743 801
8850 7240 476
8993 6282 353
5690 8043 330
2450 7993 177
4524 321 493
2563 4562 326
3327 8836 549
6882 1438 268
8995 7985 618
6744 1723 290
5472 2351 115
2137 7899 84
6479 450 956
8746 6668 397
7531 6775 543
7675 5463 101
9655 1377 351
5852 4815 548
8876 5558 780
3801 9154 104
7029 2589 550
4632 2698 1000
9102 8189 464
2222 1195 465
4253 2865 983
8854 8770 847
9829 7578 814
6895 1568 232
5667 9852 9
12 7898 720
2191 9671 44
698 3759 279
9790 1354 580
6452 8162 159
8958 2971 470
5744 4273 71
197 7230 359
978 5428 887
6478 2562 946
6550 5629 888
6201 6956 500
5986 4212 408
8445 4081 138
8219 1213 786
3116 9878 983
7655 3217 595
4509 8602 270
39 5175 988
1986 351 911
70 9816 191
2157 8258 72
4155 4120 143
1705 9865 825
7486 5114 238
6904 4867 873
608 4515 408
5063 1290 610
1770 3670 846
2997 4168 856
4429 8574 49
8033 5078 18
9686 1595 399
970 6301 422
7009 773 655
1036 6020 167
2977 4163 87
6993 5752 690
9099 6312 522
5281 2528 680
4571 7168 95
6478 3045 613
7800 7525 746
8335 9665 888
6940 8046 92
3714 1922 76
5742 6316 271
6452 1823 207
932 7105 742
9808 1176 709
4711 2376 972
5830 2943 756
3884 2934 73
2028 2888 735
2284 8249 188
7802 7921 926
6305 9540 976
1899 8901 298
8398 4591 267
3766 2750 643
994 339 999
9811 2213 602
3723 4811 725
5306 5258 622
5425 1452 544
9655 6644 853
8880 2044 644
7805 7876 427
7168 4630 988
9857 8566 173
8372 406 643
2613 7662 713
169 9178 663
5304 481 977
896 2808 1
5243 27 878
4212 7495 459
2667 5609 746
367 3465 171
1761 9502 817
8347 5481 291
8453 3237 506
2491 6999 650
2920 7921 705
6335 8636 385
3950 740 214
8620 545 576
9537 4089 13
3943 8056 433
104 848 130
8227 1940 29
9696 2634 516
8720 7673 572
2255 7501 208
7003 893 537
5326 7489 71
1262 4333 655
7321 3419 309
3753 6387 890
2288 3089 726
1085 6165 863
5555 8765 350
838 6711 138
4904 9915 548
7767 5471 992
1839 8072 921
1839 1123 864
1785 7689 560
956 1852 870
8855 9064 868
6530 8386 267
4442 7731 943
4004 7029 516
3176 4218 325
8396 47 828
7649 1034 911
867 8324 782
9080 8892 751
726 2840 101
7256 6176 125
3464 4651 298
2927 3948 345
5457 9328 840
1152 4575 93
4677 6196 192
4846 1910 877
8486 1861 537
1577 4672 816
1812 5256 598
9469 9577 83
7988 9094 605
6588 9777 225
5329 6574 639
3788 6139 668
2034 6642 544
6431 151 273
7214 1905 694
1818 6780 331
5903 7656 351
8760 8138 759
5549 1976 448
9301 215 641
9350 9159 945
8151 29 916
2218 2539 193
9700 6695 291
144 8692 784
7223 2170 891
3584 3416 10
9274 1389 429
5194 4893 257
6134 5842 231
6308 9874 318
5597 3754 347
9526 2926 643
3577 5267 94
2820 9005 616
3933 6651 45
6330 7751 886
7634 3436 767
1192 1668 512
3011 4836 812
9991 5402 500
8863 3308 443
4552 2125 63
6241 6816 919
1469 8180 15
7666 8758 620
4594 7172 217
7947 3885 392
7614 5042 486
6778 232 4
659 667 419
3243 6884 929
809 3580 215
523 4034 486
9932 1673 255
3309 2655 867
2078 8088 428
9471 6972 428
6344 7005 622
3163 2848 457
2834 4272 493
8156 5169 169
5682 6016 764
9566 2196 781
6569 9149 118
3147 1992 896
9094 464 209
1461 4082 757
934 88 980
2266 7340 791
1383 5973 350
3718 4760 600
2613 3144 200
8081 1884 104
3527 7283 319
7466 3869 512
7264 9045 767
39 824 699
3078 5678 803
1046 1585 26
1062 8104 276
4022 7836 619
6141 1398 918
9559 6764 318
6212 5629 255
5584 3707 649
8932 8344 119
3379 1296 293
4921 3030 251
7441 4989 734
760 8755 347
7142 2376 97
1628 9674 716
4263 7901 605
5623 2115 266
1290 9058 398
2772 7082 904
4929 7583 723
9712 3228 38
6301 9313 401
473 6682 219
1919 5934 97
168 4824 938
5649 9868 978
3710 5927 927
140 4643 179
5994 5897 299
2716 2371 980
7067 4272 774
9125 9220 492
1748 4025 920
3142 2604 849
3358 2940 943
5363 4827 246
5030 153 659
404 9923 232
1546 1644 907
5550 2239 130
851 3464 640
1688 882 373
1821 9765 395
860 8559 585
1290 3560 967
8071 3422 991
3139 7385 690
1172 1598 79
840 2359 317
8032 7344 410
1270 9008 250
1171 1363 182
6728 3228 151
5069 8904 313
2054 9177 22
2183 1977 935
88 7301 533
995 7901 506
7854 9222 356
5099 336 512
1600 7735 204
3684 343 845
4230 2279 70
4499 3630 996
9002 6455 851
5569 3048 32
6356 2361 427
3921 9892 822
1405 9519 172
9259 7559 533
9807 3407 264
7557 1866 304
5697 9228 22
4105 601 519
3837 8093 776
2664 2498 324
817 7902 104
946 7326 91
6330 404 586
8226 2583 609
7700 4557 440
936 6034 901
3976 1266 924
4343 9504 882
630 174 194
5758 7671 451
8127 8383 518
776 1703 305
9591 5846 642
3723 926 739
1354 2318 448
8833 7940 605
6001 7414 996
67 4994 973
5841 2580 356
8472 8315 621
6619 2023 302
7058 837 589
2398 6181 163
4313 9751 317
7408 9053 817
7200 616 33
3008 3397 102
1487 961 125
8106 4214 676
7100 1659 467
4200 193 308
2380 868 164
6834 900 602
8453 9294 256
7644 6971 717
5543 2996 678
7903 1762 154
525 7540 287
9447 7829 5
3047 9356 586
70 6146 890
6149 6448 17
2150 306 824
8321 5568 126
7843 7259 310
5413 903 702
7051 1203 240
3484 8509 751
93 9219 899
8731 5554 4
2881 8788 675
4542 3184 679
6054 6124 457
5623 2897 422
7606 1493 287
4912 6296 994
6331 4974 250
9236 6726 498
1264 1524 797
6023 9774 556
9887 6342 955
9978 5161 4
256 4656 451
6483 7300 182
1414 1923 969
7772 1709 681
6589 2632 336
439 9197 607
9863 9323 794
3555 700 91
249 9189 863
1075 8347 912
6613 1278 15
1787 8184 535
4202 5855 766
3327 6641 947
1475 6697 267
9210 1758 221
7419 895 687
9801 3255 447
3951 2857 105
1230 7134 247
6385 3253 86
6651 5681 471
5276 3697 145
5327 2140 240
5154 9212 88
2302 3684 11
4261 9021 274
9162 9806 216
5959 9257 779
7162 5738 378
8747 4643 53
418 8301 932
8346 8240 951
129 9206 775
7506 4225 513
2487 7577 559
8612 3513 414
8530 8321 161
2089 3796 484
8824 6492 48
852 1997 171
1732 2440 471
4428 7778 457
8405 6578 861
6511 7428 876
7523 4663 993
3936 4056 533
101 7681 457
8015 6086 930
5575 1877 574
6814 5366 835
5321 7160 265
4191 1463 699
7949 4185 782
7263 7570 104
1714 357 988
4050 47 923
9623 4393 644
1884 3436 938
2064 9910 496
6701 3300 234
1611 3609 624
2894 8071 500
1475 4395 223
8309 700 249
3294 7488 967
1048 3756 740
482 363 185
4171 757 19
4415 6659 343
2650 9642 339
1793 2021 669
2291 5346 960
7986 1877 935
9877 6838 585
1086 2100 530
1430 302 159
8582 6470 677
7447 500 557
287 5462 918
1289 8006 105
2961 4432 280
8864 2751 371
6323 8879 287
9354 982 962
258 3585 430
5732 4248 177
3247 386 406
6852 8080 242
7667 5741 289
1615 2702 679
1652 1413 54
2241 9442 686
9444 3804 2
1161 4763 531
969 3743 742
6653 5197 863
5412 355 669
9750 2078 282
2744 4083 655
4033 5924 875
137 156 552
3777 8089 163
3131 242 89
6355 113 993
9258 3062 729
9993 4558 968
4563 4363 537
6781 5208 731
171 6369 346
4367 1197 392
5962 872 888
8064 3961 403
7788 7014 867
102 6498 698
3126 9432 68
9710 8161 678
7997 2660 702
8402 5999 171
3907 4170 698
6324 3764 5
1970 6254 580
2420 7610 19
4071 2575 680
3843 9717 771
2213 8509 143
3353 8983 470
4498 3782 681
859 557 979
989 8357 388
885 5632 832
1593 7327 658
3794 3374 413
496 8246 744
2397 2112 343
4511 2219 885
1489 7055 313
731 7137 468
6783 6784 179
5635 4211 85
3022 2765 667
8903 3043 855
8131 9187 840
1792 9190 353
6190 8266 122
9055 4365 554
3233 9077 50
8832 6635 920
9008 5604 956
3127 3914 84
6628 6492 654
9898 6455 908
9615 7872 322
7454 7166 24
9303 7277 464
2588 5858 707
8952 1166 888
3781 4913 741
8424 3946 651
910 2912 619
6327 2198 862
9904 8154 72
1217 4442 855
6669 9758 629
8284 7126 87
1867 6580 543
5859 730 79
3787 2517 829
9531 668 265
9511 6906 814
167 7461 579
2558 1307 718
377 7259 668
821 3651 146
3188 4141 583
4782 5034 859
6707 4475 22
9907 3742 241
5313 547 398
9465 5332 6
1160 4495 216
3761 4281 262
352 43 320
5441 8972 369
8657 948 182
6606 2180 30
8786 6836 353
6068 1863 808
1832 687 140
9231 5258 207
6428 8763 314
878 2078 487
8011 9394 858
7923 4393 20
3794 798 421
5605 3080 715
2179 2063 175
3507 7405 894
109 3704 947
1726 8155 943
4944 5673 837
575 2478 78
207 8634 509
2556 828 23
5223 899 67
501 9412 362
2340 4452 932
8863 9227 336
5384 3490 864
9519 4077 345
4395 8273 579
9971 1399 971
8706 1977 372
7376 6083 379
3009 4352 93
9720 9387 306
7299 8076 145
6557 2685 836
5152 9567 897
1252 2311 3
9136 3230 846
8882 4535 930
4540 101 436
2908 1399 951
8398 4954 725
124 7963 700
7460 8731 427
9739 8568 150
3321 1408 738
8875 2275 631
3808 8242 500
1449 6940 717
2859 4104 968
2219 7359 564
2536 2126 193
5695 1140 580
4945 8853 167
152 6380 609
5031 2158 283
6238 753 46
6062 4707 131
8986 8625 454
5483 6401 214
6351 905 723
6525 6366 741
3789 6742 788
2180 1213 894
3354 1328 117
7223 1945 201
621 2551 357
2072 9491 282
6893 3780 560
2290 42 697
3625 8757 704
3355 1602 301
8078 7354 858
8124 5409 665
3189 8657 992
887 4497 655
1820 5634 40
9343 755 749
8959 8693 475
4503 8182 993
9491 4695 714
1904 7693 876
948 3370 702
9390 8734 147
6226 4607 235
6755 9721 483
2617 530 282
6885 8058 841
8976 7972 688
3413 9136 393
8958 7117 645
2593 7468 108
9418 7044 346
7376 7693 482
1563 5243 175
9295 9906 72
1038 433 687
7348 7298 956
859 227 916
9759 4953 888
5365 5117 133
5721 7707 93
9553 2103 369
946 6202 40
4158 5818 420
2856 224 9
2357 6066 3
5684 3579 187
9833 824 511
7202 5675 989
752 3433 37
291 3885 387
9641 3474 598
5885 5039 619
3998 8166 759
4913 6573 269
8032 3718 421
3438 3439 311
2427 8453 991
2992 5009 766
7321 5228 518
2298 935 928
8942 1578 671
9874 2059 168
8411 202 333
3953 4105 145
5104 7892 951
6939 9714 292
65 2768 171
6936 283 591
2828 1107 108
8667 1138 533
3450 8994 571
2797 6787 196
2672 3802 274
4528 9605 605
9524 297 236
8962 5134 961
6535 6512 539
7842 3300 204
5162 7624 615
7799 213 354
5496 5365 37
7716 2662 987
2037 6576 524
37 6384 563
9581 4461 750
4531 4492 675
6074 7735 816
2126 8287 258
3627 3510 543
3776 4327 857
9926 6881 946
7782 1561 319
6742 6704 7
6272 9839 106
8194 842 453
1756 6082 157
4483 3536 586
6036 7452 19
9629 4149 788
2624 7555 435
2843 6741 95
6763 8943 804
7761 4467 198
7322 8782 295
8306 9173 718
7386 5411 886
5732 3656 327
2154 1158 589
131 8210 120
2241 6429 52
6060 5945 442
5650 8048 811
3986 2089 864
1157 132 848
8293 9969 730
9946 7959 661
8430 5429 100
7009 9708 814
828 4332 22
8868 1271 778
9868 3155 31
2842 708 124
4866 5114 936
9095 6109 737
4062 5070 311
6018 5664 33
9216 6243 537
5176 936 189
6012 4143 224
651 9791 498
7936 7486 895
8965 7711 942
7238 6629 705
1083 622 584
1808 5393 711
2950 4289 86
9234 471 510
2967 3677 519
4306 1826 88
133 1264 708
3118 974 70
7885 2147 811
4839 1439 262
9800 5674 603
2598 2437 787
3487 1115 204
5249 1798 644
1280 9093 749
9126 4329 457
9927 8809 143
8751 617 804
815 1044 792
4945 8858 577
927 1935 923
4529 529 116
5035 4643 346
1975 5851 591
393 6744 41
496 6659 621
5390 1775 243
3672 2235 277
4929 6841 324
2450 7228 821
306 9119 986
1620 8920 261
8543 8931 173
9215 1637 66
9430 1987 411
2969 9072 192
3563 9785 297
8728 9637 855
9349 2718 351
1113 5716 179
900 6689 776
1232 9315 359
3696 5367 861
4195 7299 173
5588 6469 330
874 2912 801
283 5455 584
3774 8400 749
8931 49 679
7103 7655 248
8068 5899 698
928 4443 152
5190 3607 196
6643 322 505
7753 6517 231
8407 2594 835
9492 3461 631
3360 5498 811
4747 9057 341
2880 2724 99
7398 6984 576
6922 1797 684
3427 4947 632
3634 8531 154
3751 1330 1000
7377 8899 599
587 8900 538
8569 136 382
7931 5176 218
5784 6957 550
7652 3247 215
454 7715 438
3790 5942 217
9410 7538 344
2375 8296 440
6580 4580 563
256 3910 516
4242 5518 394
1785 5520 454
4925 708 906
1927 1544 481
7888 286 462
5263 8819 474
4769 9951 608
8015 642 781
3557 5269 937
17 6374 367
5933 8918 714
6504 70 557
5495 6556 290
9852 5188 247
2814 2497 269
7629 5322 685
3708 2881 136
8035 3887 87
6809 9437 453
2617 2905 953
5838 8414 135
7762 9278 764
8338 2599 421
4509 8267 62
5153 464 123
3839 2512 469
4693 82 969
4328 3667 652
6174 1243 219
1632 6857 803
6690 1211 928
9238 7399 647
400 4705 483
4710 2999 445
1277 66 130
4431 1951 540
2547 8255 689
5904 592 386
5625 9519 351
872 459 2
6709 5963 909
1514 6538 855
6159 7292 554
6185 7431 899
7237 3644 531
299 9385 173
9040 3322 291
8039 7994 635
2234 6110 188
7903 2263 6
9823 4748 752
310 2824 430
3835 9309 509
1746 9799 801
80 3342 553
4906 80 430
7779 5929 226
4510 4933 523
7366 4282 755
4764 1276 678
5301 369 703
4137 5374 268
3176 2495 605
947 748 294
9347 7260 110
461 711 869
1406 893 641
3348 648 713
3312 1716 583
9932 3503 150
9295 7020 993
6632 3179 112
9729 4412 17
6056 1115 997
4844 3144 678
6354 791 497
5336 12 549
2082 7933 552
3986 9072 430
4108 6894 81
1798 7657 574
2801 6555 583
9931 2975 499
6234 8667 71
6208 3254 301
1975 3364 916
4556 229 920
8061 5773 647
9933 1893 669
178 2292 918
4118 5420 146
8214 2570 375
1821 3845 316
8285 3638 992
3578 95 787
7983 4658 43
2019 7784 442
2493 9885 455
7420 8370 285
7314 3752 281
1346 3657 232
547 4177 320
7297 6329 822
4615 7200 587
3285 9810 260
5527 1677 780
6708 7328 196
3408 4123 595
9052 339 153
855 1063 58
6766 5679 366
1059 7089 621
1579 6195 882
9123 1990 87
3544 934 217
7405 5119 674
8688 7542 326
2348 5388 710
2781 7535 449
1530 4088 988
5616 5588 198
8026 1438 215
4381 5278 192
4014 7339 867
7514 9301 775
5177 3186 104
5497 8761 14
7974 8925 211
1945 5659 925
188 8269 662
9004 8132 788
4984 2077 458
9298 913 879
2508 2571 644
824 9502 315
3848 803 608
186 1000 345
8868 5336 431
8324 720 689
9096 132 13
5017 5600 345
6208 3525 3
8932 3594 765
9834 7078 345
1762 1423 773
2472 5553 618
1603 1817 98
6663 9024 455
7976 5722 714
8827 2561 910
37 1553 82
3674 7333 959
4689 4606 184
8445 2190 391
5864 9373 593
8100 7963 886
7057 6351 337
5743 6199 16
8558 3274 382
6124 8117 329
7690 7069 153
6209 8606 117
3104 8277 7
7020 2108 110
1821 5681 322
8538 2104 322
9420 2992 288
5568 4053 391
3849 4562 316
4203 7690 131
4224 5263 918
2612 8449 728
593 9974 421
2215 7530 925
6884 3636 251
6598 286 201
9839 8675 559
8344 9976 741
4531 4537 366
9945 4881 395
4043 8462 752
8041 5683 74
9373 3286 778
2017 8092 37
8373 8695 920
7818 3321 591
6685 100 745
9895 7352 185
961 8994 540
3081 4001 185
5332 5844 490
3262 2613 749
4161 6143 559
7142 4447 47
5587 4638 447
6894 514 206
8855 6091 719
7449 9710 717
4419 4249 152
6405 3448 158
9911 4006 469
2991 2511 672
8787 6982 528
1966 3364 650
9722 561 963
1934 2578 448
4898 3383 623
7687 6520 778
5270 2640 539
178 2512 515
3297 1307 776
6340 9425 500
1728 8165 486
706 3896 979
4232 2930 375
8954 9284 6
8829 9507 846
6042 2500 322
3636 1874 293
1811 3393 295
8808 8978 28
4146 4140 900
1827 9074 264
2687 4551 230
735 9950 433
5070 3214 35
8332 374 772
1023 1922 224
5013 6119 659
4409 5296 710
1435 9689 454
152 9242 86
5044 7909 309
4012 808 354
1697 5308 410
8110 6211 174
1980 3540 982
798 5008 549
1242 3287 847
9932 147 894
5197 330 804
1250 7070 943
1765 4112 299
6389 5186 597
2353 7933 95
639 2696 884
6803 6384 507
349 1387 30
2393 8837 149
1546 7902 450
8444 9685 840
5648 4843 90
1074 3387 884
8155 8942 804
8584 4736 54
2217 2352 569
2382 5764 704
7673 904 585
1609 1850 757
3234 6810 149
5846 1328 687
1869 6318 510
2526 7511 511
7407 2902 930
2750 4461 137
1390 605 384
3407 7741 730
6559 7155 548
5054 5946 98
1789 7789 914
9876 7567 857
4904 1501 783
3010 8127 603
7334 3493 394
8722 6137 62
5317 6070 698
8895 9022 449
9947 1237 693
6673 4928 569
662 602 653
8729 2782 639
9397 8571 115
610 6677 532
629 4878 177
6059 1830 805
8446 4442 60
8901 1782 274
1553 2996 31
8358 5970 713
4420 7811 714
3919 4299 43
2123 4991 971
961 9174 343
2018 8138 277
8782 4388 922
8770 7931 690
9050 9844 507
5960 6509 629
9002 1076 449
8005 7709 831
3507 3149 943
3829 5637 343
1110 4408 501
4791 3706 777
3613 7878 644
2943 5723 525
7525 9021 534
2143 2462 618
1718 5732 753
9506 6051 710
8197 6717 776
1553 5873 70
3215 4782 676
7802 3940 239
9705 2464 165
3390 6394 693
1655 4048 415
7612 8954 461
7508 11 633
6287 5326 291
242 3450 723
7416 7802 973
720 7399 352
3431 4537 365
5463 9798 148
2709 4274 879
8719 1316 545
7460 3772 396
6537 3515 594
1604 6205 593
1627 7204 228
7468 870 338
6667 1177 615
8118 2728 836
2431 7779 845
2795 4112 186
422 2321 764
762 885 264
5054 848 770
8703 1593 450
7895 5123 663
8028 4488 832
319 5934 261
8148 1304 857
4149 8587 410
5815 2863 687
2076 8902 25
2824 9119 768
8288 3629 438
9714 8102 672
3244 9637 8
2823 5012 493
6314 3031 236
8601 5754 114
2687 5877 75
6144 6090 82
9761 3465 110
3455 4423 955
9344 7907 736
9262 3491 764
4534 3145 670
2710 5911 990
3887 4136 274
3838 7764 881
1716 9616 264
5675 3981 846
1183 930 678
8512 4492 469
2807 844 331
5759 7319 347
228 6447 897
4021 4134 435
4862 1840 493
8806 9486 220
5005 5949 856
1583 6667 423
6293 2404 617
2326 1384 552
8515 1564 842
2922 8461 2
9482 9162 398
3642 6290 261
4600 1217 903
6458 7409 258
8097 6806 493
5392 722 635
6816 2178 936
39 1246 458
5279 6061 552
2621 850 354
1895 7065 420
7571 2728 573
922 6671 868
5199 2555 3
6169 4056 264
1622 7122 391
3340 5504 641
2382 1717 367
1085 5971 325
602 3464 900
160 9954 447
9745 6358 117
7684 6005 998
3550 78 688
40 2758 168
1983 9387 561
9260 3053 974
5522 6931 656
9523 1232 539
6681 9972 558
5558 1545 108
4450 9450 692
7151 2668 398
4397 4967 243
4812 9935 519
2055 2689 371
4082 5922 39
8148 849 899
3150 3671 642
9492 4486 842
610 6071 604
3337 6157 966
6095 7182 979
7465 7390 875
6271 4677 474
5890 9623 588
4495 2267 789
2050 6510 658
6922 3854 48
372 606 785
7040 170 702
3715 9372 844
3670 8585 827
8073 3698 228
6377 4744 286
6369 3309 564
4552 2412 815
8471 3297 70
1365 2823 911
3218 613 960
3043 4077 656
4122 6407 417
4320 6629 739
1158 1536 722
1113 1552 735
726 8069 863
709 5432 595
7308 6263 324
1360 6115 295
4259 6089 373
8839 1322 316
2211 5749 941
3887 5431 913
8381 7735 861
6806 9661 992
7529 4182 73
5390 2018 530
6735 4393 291
5274 7246 300
3448 4878 780
7952 3820 875
2598 5387 972
2923 7336 480
2255 4450 906
4547 8511 697
2532 4556 174
8571 4448 971
9010 6158 450
9205 5627 66
8974 1774 317
2482 8552 990
1608 3629 73
8995 7266 24
9183 8048 732
6591 6258 39
6740 5339 651
4212 2583 295
1516 9170 397
5682 3281 235
3717 4509 415
3871 3989 463
2651 1788 108
2403 4430 369
657 2491 240
3184 3311 312
4953 1742 774
3767 6622 531
8491 4363 481
5964 2505 15
1719 3997 899
4020 3894 48
9649 8943 808
6373 5050 113
6825 1502 753
4147 4393 336
9647 7749 376
9355 8185 491
858 4898 753
847 1483 381
1441 1824 174
1591 5373 591
7927 3108 680
7306 400 109
9988 7894 806
2578 310 921
7015 708 323
4801 7809 530
5776 6413 496
2458 6698 437
6924 5241 725
3353 985 260
7837 8791 728
5737 282 678
1465 6639 654
4153 1223 438
7784 8375 881
2836 9643 699
7178 3925 876
6513 7487 838
1998 3118 702
6096 964 445
832 4283 791
7973 7752 289
6055 1137 245
8745 5663 72
9540 7584 608
669 23 490
5917 1243 289
1424 8590 70
2074 9221 715
3726 1778 915
2748 8640 323
6337 6131 208
7685 3776 84
4601 5680 682
7187 5429 296
286 3600 666
9810 82 34
5069 2493 484
7715 8041 480
1742 9006 91
7243 5012 725
9502 2681 218
6255 3389 96
5961 2621 463
5540 639 572
3825 350 791
7148 6794 955
9588 7324 475
4683 6726 300
570 9942 367
1147 1113 419
5501 3224 739
9631 8586 148
1623 9172 228
3826 2217 121
3110 359 141
4220 2891 882
9264 3325 949
5390 4402 58
2632 152 454
8400 9555 974
6896 9348 457
8072 5255 847
6414 9154 244
7281 616 495
9316 4367 448
7935 8638 308
474 117 869
4794 390 190
4632 9212 10
9418 6538 210
2498 3608 909
4958 3429 558
3618 2375 34
1565 3026 840
5599 5970 940
2116 2397 335
5347 3819 314
5766 670 987
1688 6099 218
417 2070 918
8515 9100 640
122 2120 140
1963 2590 798
1307 5338 300
2155 7695 418
3750 7610 898
2176 1343 42
7345 9707 688
2698 5130 449
5204 4144 75
3055 6774 66
2879 5970 489
9952 6378 736
984 5635 548
7000 3850 537
8134 9414 464
3935 3491 502
6712 6365 328
7728 7913 734
9192 5274 522
3433 9831 864
1284 3760 59
9745 5357 659
1934 3650 537
6342 766 265
1853 3604 653
3116 2270 58
6341 920 184
6870 6840 932
7607 9499 806
6837 399 843
3620 7648 779
5593 64 272
845 7093 500
5100 234 640
2991 6072 637
3314 3971 132
2029 5849 534
6548 6999 909
9538 8126 714
5261 7188 437
2743 2689 392
3092 826 971
7025 7990 244
5739 9148 17
2734 5740 779
2712 9715 293
8478 7450 917
8505 8494 283
3550 2319 226
9115 307 216
7243 4407 467
1398 2643 564
5278 8474 1
5484 6081 946
9817 494 563
5453 8432 348
4224 3767 403
4447 9892 171
4118 5927 265
7645 7362 526
8965 7707 266
1112 3035 581
5455 9972 143
7569 3125 794
6546 7727 529
2664 6366 604
2214 4595 439
9916 5499 154
2868 4149 663
618 1444 277
7625 9908 157
511 2932 949
9091 8961 730
6857 643 49
7608 9163 968
1889 996 97
3718 3884 975
4664 9611 465
829 5359 11
7121 6627 196
7154 8274 795
7541 3249 488
289 5794 955
2948 4059 910
5236 5825 594
1776 920 252
8009 3820 189
3109 4913 131
198 7847 514
1795 7188 977
6073 8464 85
8930 9181 291
3447 8472 224
7170 9052 928
408 8356 24
286 5693 144
6211 7526 145
4631 5225 338
2303 1347 299
1406 7999 525
6439 3069 256
390 1925 368
4110 9754 918
9648 4659 181
7445 1613 682
4476 9345 636
883 7459 714
5393 6609 16
4165 6888 593
9938 7605 906
5539 3338 498
7240 1916 334
1408 4484 581
4512 4588 258
4033 9394 155
4092 9143 611
7144 7654 157
6309 5863 419
7791 6353 431
1712 5478 804
3788 588 453
7882 9679 196
4695 7869 306
6876 3855 164
7322 2340 562
7957 5384 412
2919 6113 439
9627 9912 388
2691 5546 128
8065 5287 551
4808 4094 147
3028 1337 479
2739 9198 896
2465 1715 173
820 962 681
717 5894 491
8511 9136 34
8928 5374 957
998 3316 71
1000 9930 590
5336 6496 428
6474 7079 57
3565 5605 71
9257 6063 179
1418 1084 987
3327 5834 434
9705 3481 978
2333 7662 783
3040 9763 100
6480 6213 414
9944 6556 676
8700 3229 908
7911 5234 446
4892 9866 760
3398 2597 914
1423 3608 843
3545 5787 798
7026 5077 639
5150 4218 388
8751 2877 112
3822 4296 604
3886 5419 800
8392 1373 743
7016 6611 850
1570 6571 15
2900 1729 601
5727 5675 970
5786 500 821
9020 6263 438
2983 4083 325
3830 8635 768
4472 3918 80
5023 4090 308
9750 6255 236
8665 1981 212
5417 9176 890
9094 1680 664
6142 6288 910
6058 4741 264
3396 8431 863
4873 44 188
6774 2169 316
9366 8665 453
9736 969 199
976 2819 902
6178 3632 787
3599 1892 338
5818 6148 256
2480 1382 544
3650 7448 928
3902 9626 929
9395 9989 228
2398 8528 330
4445 9746 50
6187 9828 476
9170 5023 919
8552 5265 639
3470 7655 636
643 7466 379
1679 7016 382
386 456 888
33 9403 127
6815 5353 117
3213 7832 112
1450 8516 740
7149 1211 726
8947 2979 597
2346 8658 307
3515 8541 295
1078 837 493
2588 488 634
7501 2584 497
7304 374 631
7104 7890 521
4913 4443 862
7999 7044 611
3896 451 434
9923 7643 189
3881 1064 855
6973 2316 821
999 5703 344
7961 9116 579
3450 7165 7
4363 5515 573
6001 4699 399
8291 6366 841
3214 185 393
9981 4870 720
2598 1838 617
6095 6705 52
5089 5096 644
6113 7624 931
3542 210 720
3402 8400 299
6383 1398 749
1093 5362 954
4645 486 309
5460 2196 854
6439 5108 622
2870 9175 484
8136 7687 535
7 4957 157
7038 9829 383
543 3042 8
79 5654 259
2364 2332 57
3657 1828 140
1175 7616 282
896 5386 131
6527 1729 639
828 7081 183
8289 1522 714
2639 8691 491
3847 7498 26
5335 2627 797
5716 2463 522
8150 9883 609
1821 7381 410
169 861 263
3060 8033 5
4662 5252 787
8341 874 196
9632 4262 63
941 7528 286
3086 9862 327
6178 6489 890
6927 7727 62
928 5900 67
5606 6502 567
9738 4923 106
1599 1568 64
6122 9607 636
9826 8782 198
3091 9015 336
9136 7954 167
5108 243 410
3551 2524 526
9342 7956 506
4632 7493 117
7097 4282 329
9074 4411 800
2683 7299 685
861 8049 968
8706 9467 629
5696 4199 899
7569 8256 831
9043 5592 184
8046 1510 251
8904 9468 895
2706 6067 405
6234 1965 855
5361 4962 948
4756 8285 558
8184 1011 383
975 3949 887
3126 9138 456
583 1213 384
2044 4149 172
7967 7541 86
4168 9273 424
850 2324 68
3033 7541 432
6086 4890 924
6385 7810 701
7133 5919 716
4938 746 779
1308 917 527
2928 2418 662
4649 2033 61
8263 3635 733
8334 1376 49
1783 801 714
7707 8013 698
5101 7339 464
5036 6693 229
1288 7031 389
6702 6532 425
6079 3313 215
4985 692 687
4704 7189 127
7437 1398 800
335 1161 322
3676 7807 697
5730 3521 430
1721 4383 454
4840 5167 450
7992 8462 140
7653 4504 691
6755 1502 4
9211 5188 353
809 6619 331
2782 5611 287
6823 4277 507
3417 9212 626
5754 1929 575
3153 2043 547
9458 6179 517
2391 7787 119
8422 4892 120
3758 5365 943
2091 3994 916
7073 5729 862
8784 809 93
4393 2102 838
1728 9948 507
6080 407 698
7780 8626 538
1712 420 858
3821 8046 45
2476 2974 16
8001 4765 300
6441 4511 382
9156 210 984
1461 6975 260
6851 8441 764
6804 4017 60
3895 4172 206
6603 9327 31
5472 5984 135
3866 8792 302
9889 9909 934
7282 3757 444
9408 8604 796
857 8175 602
3002 674 496
6707 5846 122
3380 509 442
8862 3748 283
4780 6684 505
3682 6498 794
1724 5089 759
4544 2624 619
2124 9735 305
7712 2093 166
4461 561 422
7958 2039 834
6143 8407 751
6649 8365 399
2214 6775 93
2786 9516 760
707 7587 813
5420 2591 822
7589 5883 468
1338 1762 549
7770 4751 74
4645 1071 838
8211 2003 763
5145 6520 948
1863 8418 411
2651 538 650
9189 6038 408
2021 9537 669
3626 6547 946
7036 2848 51
4925 5455 479
8191 143 919
5972 6793 577
3800 3715 1000
6391 463 905
762 8719 893
2660 5954 684
3521 7535 843
3519 3274 578
3922 5988 821
4317 9790 852
2940 2868 307
1700 3294 932
904 2702 17
2527 366 335
5505 5371 598
3418 2467 748
5672 6517 815
5691 5395 561
1277 5672 296
3694 6513 246
2582 9792 449
4315 5925 122
8276 4379 169
4171 3261 814
4703 3037 783
6498 7062 835
7920 5551 960
7358 6722 74
5748 5320 616
1157 474 819
4422 2957 429
4111 5986 800
7512 5364 253
1204 491 28
8892 3061 987
331 9902 97
7465 3293 978
8265 9754 676
1078 8479 525
7086 1094 364
3092 2524 418
650 1897 831
8892 5114 539
1121 7788 292
2474 6866 536
2412 940 848
255 5662 695
3824 4196 998
1998 5394 983
4543 9559 948
8449 4699 666
8360 1698 211
2141 706 678
2047 4719 491
8110 1169 961
6169 5787 170
8746 4630 443
7449 1123 629
6283 7474 434
1420 3697 93
7694 5472 592
8324 3329 964
1201 2951 170
5226 5097 637
6510 8251 537
4195 5348 57
8072 4999 875
9710 6292 798
8311 3870 975
3728 8933 461
4764 7270 729
4990 1603 936
5655 4717 795
7471 5059 878
1601 6071 244
5963 1438 755
8587 942 272
1837 1493 934
5329 1133 334
162 3648 888
9185 3120 31
5778 643 234
2519 7805 612
4906 3649 982
5676 4000 755
643 2186 210
2445 2435 919
1485 1397 978
3619 4752 316
1732 2370 234
6799 610 272
990 8078 7
480 6356 543
7202 4628 45
6771 4392 281
9823 6150 845
3114 7121 972
163 9110 580
7438 3689 38
3829 5675 997
4893 5393 966
177 8984 81
5615 8503 95
6517 4419 367
3142 1817 498
7405 4078 476
131 2038 78
2462 6285 171
4840 9576 324
1598 2933 793
6806 9474 808
3907 5800 922
4260 8723 442
5795 5541 834
9019 1873 936
7007 9904 275
8604 2811 765
6729 9172 848
4442 5575 350
2878 1565 57
4976 9960 112
2187 7281 240
4472 1587 322
1186 3116 169
4842 5363 831
5919 8474 573
748 2288 954
3722 7164 584
7788 7575 843
6027 3103 121
3066 5719 78
6494 379 622
1228 6518 524
5381 8080 790
3796 9649 485
4820 4427 872
1142 869 727
6544 5777 352
3381 7754 31
8700 2218 690
7243 3303 693
8729 2381 113
3881 8465 181
5516 2697 523
349 5030 879
796 4033 651
338 2785 826
8688 7247 842
5338 461 175
9662 1307 117
6641 3652 126
7022 6896 102
4508 6893 322
4462 7908 58
7278 3490 812
3208 3181 757
3797 6364 744
4976 3417 396
1186 1666 865
8268 1467 698
7170 1418 2
1092 7993 449
1984 4970 490
8824 4080 975
385 3289 682
2517 8171 191
4469 1724 781
537 1882 287
8150 1478 366
8575 9474 450
6032 5131 526
2695 2737 396
8436 1384 877
5529 8658 744
2522 7313 849
6844 9871 265
8999 5494 28
1520 9236 632
5641 4280 130
5186 9755 996
839 3728 442
5395 1703 493
2772 1238 986
6372 492 965
7064 4944 303
7905 7194 314
1036 1433 281
5631 6279 863
5588 2879 787
8031 83 452
1675 7016 53
6750 1621 847
6714 2953 979
1536 7848 625
5436 8867 580
2167 3173 895
9860 8371 876
7828 920 24
797 6919 651
3419 2444 818
9280 2693 46
7389 3310 400
8905 7301 175
2377 2846 465
8673 5737 591
850 686 914
7667 9953 328
9920 4824 870
669 4604 179
4013 3287 364
8805 3370 942
5676 8811 129
1451 9322 951
4216 7670 389
1214 2031 330
5448 1184 231
3207 785 661
5599 8249 281
3734 6757 374
3412 6030 378
2916 6051 149
8939 7254 76
971 6817 683
2123 82 554
8257 1086 447
8876 8767 159
1543 1670 712
5974 9828 785
4186 34 353
6801 1985 268
6885 7969 269
741 5313 612
3618 1291 104
4068 7086 177
2577 7107 596
9261 7744 722
8695 9853 729
5280 5980 210
9484 6146 209
5368 1874 789
4483 8812 844
8570 1543 26
4808 3593 467
3383 494 513
873 9299 137
9720 739 358
3497 2536 333
2952 2190 358
6166 8894 272
3474 9297 123
5316 3750 579
7762 2447 244
5610 2169 316
5352 3855 382
4295 5393 944
2563 520 683
377 4482 23
2461 1441 65
7010 4671 47
7514 8456 992
6094 7362 137
7916 6651 564
1658 3948 487
7199 2049 473
7231 9557 466
2075 1540 343
9514 4311 155
3847 6732 509
394 6888 926
6838 7363 566
453 7733 983
2575 138 894
4519 2205 991
7925 3800 561
2474 5289 855
1679 1467 673
5189 6015 694
6602 2444 262
2267 8282 806
7816 424 781
5979 3518 123
3587 4553 636
6055 929 456
3982 2715 204
7216 5135 870
9553 2853 628
7401 6451 983
7817 8683 800
1890 4515 871
4033 766 913
912 2981 641
3202 2478 813
9871 472 270
5025 5179 433
4882 2200 350
5285 1014 437
2684 2410 603
9336 9013 394
7929 7513 538
4830 2223 213
3887 8516 118
1473 6371 746
7612 3593 915
4005 9742 919
6611 6873 398
9597 9515 852
6910 273 525
4503 7622 865
4720 9543 125
6392 5534 309
8867 359 851
2099 4173 141
8688 1645 813
1635 6272 992
6400 1491 438
1373 4162 539
7408 6814 47
5450 117 976
8322 9712 682
1658 2907 915
26 1145 899
7682 4996 708
7505 2709 352
7500 4777 846
6911 721 327
7375 1337 227
9242 3015 84
4011 492 178
9945 6556 387
8173 1103 367
8299 6397 140
1645 6783 749
2975 6191 587
9371 7178 758
6065 3637 395
5376 7803 911
1786 1793 310
9980 1611 445
8389 8171 806
8045 7916 272
8779 9208 462
5891 3889 873
7620 7891 624
4679 1949 961
8517 9752 952
3097 1539 294
4846 8007 335
3030 5417 536
3090 7783 614
1790 4464 299
2353 2607 959
8016 9056 494
2114 776 419
6342 4964 83
4632 1837 23
8574 2664 455
7377 1520 260
7343 9934 260
1219 5611 390
216 6272 911
9780 7579 479
1261 9103 507
3575 1119 286
1815 9779 747
8722 435 392
16 9270 67
9751 5844 152
9237 212 818
714 5856 165
2921 8788 313
5147 2067 435
994 9976 358
1699 5863 88
7116 1557 177
6132 8319 98
841 3113 292
816 2710 947
5295 8779 500
3424 8648 38
7425 5476 597
87 1264 710
6019 2486 195
5816 8218 955
4969 45 725
4771 5020 58
6233 8077 18
2958 4220 211
5791 9361 847
3077 9945 114
7370 2155 700
1990 8996 670
7260 236 144
1443 6426 789
4547 3750 698
3151 3093 813
9577 4095 678
3154 2029 695
547 7020 20
5224 5284 113
6530 3102 746
4868 2029 235
7499 7934 418
4919 3498 560
9504 2321 137
7012 3824 973
8913 8536 470
8808 9256 766
530 1115 229
7544 1831 616
2934 2252 927
7471 5297 618
323 9582 142
7652 2309 387
1912 3904 516
3290 69 591
9974 3909 506
1315 9745 862
6636 3622 577
5159 6979 655
2206 4941 49
2761 6862 335
6724 1194 503
7311 3101 129
2603 3463 730
289 7973 661
5284 277 717
658 7094 225
9285 3580 902
8508 7060 991
4031 9136 949
4865 6625 320
1759 390 288
2943 3912 288
6791 3776 105
3643 1089 490
667 671 525
5138 788 496
1227 3869 263
1644 5892 538
2375 3918 742
4534 5643 81
5593 9641 920
7748 5805 972
731 6509 116
3217 4249 917
8020 2102 155
6379 7454 344
6849 8369 720
6216 9025 725
9922 4517 269
7049 4482 625
84 1406 157
8089 4348 785
181 7733 575
6931 3918 201
8150 9205 292
9339 3688 630
3622 2052 298
3172 7100 256
8479 9566 859
5450 3909 999
108 8552 112
6598 6452 49
8258 8919 915
5023 307 488
4513 6427 899
3535 8141 295
4885 8395 607
8114 9273 19
5899 8687 217
5858 5504 233
4753 6041 288
3810 7466 333
8080 527 719
385 9198 750
8678 1662 47
7836 8339 734
5440 3520 662
2355 306 654
729 5317 562
5456 6880 743
8731 5513 999
6355 501 365
4190 969 133
1182 1949 675
904 5179 46
8065 1512 384
8121 2787 963
5304 2841 234
74 39 172
4275 1490 47
6607 9315 1000
2867 9787 776
1555 7582 411
362 5021 143
2016 8434 629
9068 8611 837
3901 9067 12
7674 2192 798
5386 1869 625
9859 8081 188
4985 2895 512
3542 8333 724
6838 5047 95
4305 3211 147
3907 4223 137
6455 1249 932
2346 5814 631
3754 2030 495
8783 871 506
1777 1313 489
7877 5305 442
369 4149 974
8608 5838 510
2727 8258 978
7515 5957 701
7710 6296 486
8535 4875 9
7127 3302 752
4287 2969 810
4182 9744 659
1159 2422 90
137 1029 905
5365 5389 136
1516 1389 525
2153 3181 671
1279 6118 19
1723 5332 714
2274 2987 645
5756 7299 657
8935 132 479
4798 2899 143
8838 8964 976
7010 859 993
7699 5210 589
2280 7325 909
4987 6344 760
7236 6650 889
7920 8259 474
1843 4680 440
3561 6596 401
751 8784 472
195 3258 281
9689 3566 701
8863 4749 905
4545 2054 108
9544 7507 919
9058 9654 830
1095 6380 926
7797 6298 71
5594 9052 405
7095 89 989
7452 3206 214
5192 4017 960
3602 8117 993
1657 3018 655
1579 8752 259
207 4144 377
9568 9195 286
2433 7237 322
8668 202 480
929 5760 965
5888 6305 237
8046 7561 866
9211 3822 555
8397 4911 243
6530 4315 490
4593 3737 559
1928 1235 332
8143 1517 965
3225 2717 564
4018 6848 32
2009 7850 637
4884 5636 756
3633 4986 500
4528 900 201
8726 4670 548
5396 168 613
6531 7027 420
4771 8715 235
7270 9071 19
9776 4821 844
9783 2854 479
9989 6003 819
8760 8020 289
6879 6635 149
202 5922 960
6498 2490 480
7599 7517 539
4915 3002 407
8475 9352 350
4687 6608 813
9975 199 516
5135 9806 374
1665 2231 551
8911 6270 563
5847 4164 572
9334 4367 217
5209 2069 648
604 6295 708
291 1040 390
5532 1439 684
6311 6770 203
2491 5281 230
3626 5298 121
8231 9540 998
6352 9654 656
5883 2408 404
9296 8452 81
4434 9023 940
96 6689 262
4473 9481 562
7059 2575 234
2567 1763 533
784 4769 98
1673 9343 173
5309 4859 250
3508 4839 276
8832 3064 768
2768 2671 81
8912 9942 298
2106 7442 277
1119 183 103
4005 3864 260
2359 1284 412
6749 9938 802
2930 5480 737
8167 1718 857
8193 1310 93
6198 1249 88
7075 8273 696
4834 9712 328
2656 455 559
518 936 207
2361 4879 948
4540 6132 4
9620 3667 167
6372 9712 116
4337 3273 716
5844 4562 650
5876 2425 46
8566 639 885
5241 7551 936
2718 104 294
9754 5012 93
3933 28 440
5967 9826 784
8060 7959 792
5490 3900 195
891 9153 821
5880 8918 486
2110 1242 78
5241 2377 194
2874 3857 628
5216 9760 122
3098 6643 521
4374 7484 870
7617 243 240
6476 8718 225
2998 1499 355
6717 5578 27
6539 3060 837
3155 8869 407
5150 9631 515
8180 3191 760
6503 7895 523
4970 407 852
768 5722 86
8997 7044 837
8779 9145 956
8964 4114 50
7205 7283 672
5189 2882 234
1097 7642 778
4512 7017 542
7198 4442 724
6878 3577 661
8869 8915 482
3966 4123 391
5397 4042 971
323 4947 849
9580 7153 168
2688 715 136
3232 3804 609
6205 7567 24
5731 6697 140
4727 5391 673
3601 997 902
5597 6148 313
861 6308 968
4777 1046 711
3889 927 622
2619 8606 80
446 4915 511
6660 8333 218
6743 7254 912
1396 8135 794
1442 1449 572
4801 1812 957
1051 3104 218
5699 742 650
7159 6523 643
2604 7846 573
7154 4331 270
7244 7485 302
2460 2389 121
5098 1699 85
3830 4001 108
9023 1229 1
3514 4962 207
9398 4840 146
8848 3853 285
9754 1777 304
6716 6313 144
8266 7260 859
6217 7378 674
2470 425 219
312 5150 955
8715 3667 66
8876 3172 582
5681 2539 11
5942 5033 275
2604 7167 455
9890 5626 699
9631 818 47
6545 4652 999
6537 7371 93
6037 2386 114
2829 9432 294
8337 7237 70
6207 4218 350
8356 3982 421
7113 6918 738
6361 3907 816
8932 6304 719
4950 8648 269
3042 864 851
7800 5852 672
1300 1516 712
3376 1826 465
4731 8010 30
459 7685 398
1268 1926 647
8599 6975 392
6683 645 799
5971 8874 823
6714 5431 38
4320 600 624
6385 1454 511
995 7598 196
8539 6517 294
1438 9645 635
5128 933 252
7197 3508 715
1722 1537 739
6309 1789 904
9489 5395 225
9808 3859 41
5078 2341 154
4825 9855 728
7116 6369 110
2052 210 675
2883 4745 234
1148 4431 934
6680 6062 447
1761 6504 635
6694 8471 211
2952 9044 382
3876 8655 661
754 2417 185
2352 3228 691
4311 6394 564
4573 8422 694
3930 6687 877
9612 6467 191
2156 2587 398
1888 1503 427
1100 9338 686
5997 2507 788
1138 6541 724
449 843 988
9179 7585 973
109 1367 486
936 589 24
2398 3049 997
1244 4815 241
6850 8201 884
4304 6446 27
7192 8571 459
6293 3770 864
78 2160 768
2257 2812 639
987 3939 80
2046 8435 667
9841 4364 529
614 8195 333
9284 939 684
1809 6810 481
1897 1591 975
3278 5965 80
8618 8875 465
422 2011 745
1560 9968 489
3659 3032 854
8839 916 455
9050 3722 390
3445 6489 222
3937 2050 430
3084 2358 25
9758 9336 473
9009 4624 891
5759 8726 956
7096 6610 395
4489 2039 483
4345 7523 187
5325 5795 32
1769 2685 750
4513 9627 139
6307 9990 451
1272 776 496
5744 3759 618
8886 5756 923
7018 3952 802
6714 8356 990
1778 9860 745
2313 7754 692
3866 1312 521
4143 105 592
1436 1986 637
7195 7452 779
9540 3522 884
5593 4525 300
7868 8325 100
8528 4671 176
2132 7909 744
7663 5088 51
1816 6667 592
5770 8773 497
8505 1516 886
8253 6056 345
4813 1387 546
8823 5267 153
4790 1833 442
4358 1412 276
4038 7927 26
5474 5928 524
4409 1001 170
8568 152 742
2319 2345 450
869 8497 568
7824 5056 475
8943 338 499
4423 1550 918
9382 7358 866
4253 4928 851
450 3835 98
5178 8214 497
8556 6688 882
3268 3382 831
1011 3547 190
7072 126 108
3710 3149 534
4565 1898 734
7719 364 675
3966 2227 254
8659 305 74
7702 5674 284
9053 5847 70
2001 6931 653
8646 624 798
6442 3073 682
2579 2160 386
1011 1666 175
2576 3893 21
1692 9508 600
3984 5128 41
3244 720 667
8913 1790 618
2776 7507 989
4736 7927 530
1548 6140 173
3597 8653 51
7467 9798 694
1013 9267 471
485 9353 203
3605 2771 800
1104 2235 89
6146 9623 852
9581 3434 416
8390 791 809
4486 7877 77
4914 8266 850
5282 4951 215
5432 4772 619
2893 688 926
3414 3523 596
8174 2016 385
7586 8354 859
340 5759 180
54 5948 922
4472 820 148
1787 4611 719
2080 1826 584
8282 4158 771
3375 9339 455
7743 7719 299
9018 959 149
960 9228 61
296 3185 506
1010 1903 48
3608 9015 996
5177 5322 809
1507 8600 143
8044 9348 997
9666 6931 160
2565 1611 319
7647 4577 948
9164 7753 779
5439 5557 616
5948 8982 259
6928 1853 834
6922 4819 442
9063 7946 80
4893 7075 278
6601 8036 296
8414 301 658
8263 2261 455
8577 1836 992
8259 2427 707
7443 7788 601
103 6054 29
5368 9349 400
7378 3199 938
4769 4212 600
3994 6956 679
457 4827 138
4296 5409 389
614 6930 846
759 9738 609
1976 1005 943
4735 6523 130
9857 8066 192
6855 9801 583
9643 1706 367
8151 9782 545
5581 2812 517
376 4153 931
5767 1569 338
505 1923 582
4216 5302 236
1039 9431 951
5824 8209 716
3166 2161 352
9218 7981 32
4920 7417 233
6024 2308 828
1911 6022 740
6569 9263 253
53 195 610
8878 1167 841
8561 166 327
2388 3316 459
8599 5926 953
281 9246 912
8514 6128 610
5144 3077 7
1150 8744 492
3646 5416 953
1408 3278 967
1957 4378 587
8514 5008 994
6498 7659 381
4512 6382 451
811 6124 569
9389 2123 729
3179 1203 612
89 2412 403
2534 5915 121
930 426 75
8233 6659 110
5443 8739 733
9537 4001 317
4570 5695 288
7370 4963 129
888 1652 621
7765 5222 116
6968 4652 458
659 6053 406
1890 6270 263
3364 9583 335
2988 2599 248
8290 9004 608
3636 1038 680
1133 3180 188
4201 2400 413
9109 3140 916
5675 7795 914
4741 8519 680
4543 7387 293
2778 786 492
2537 6822 36
8165 4448 43
9135 6722 475
9334 1317 348
5966 9353 461
3994 6967 635
3071 4630 389
2186 4340 604
9505 9436 465
4263 3586 934
4445 6906 229
6153 4161 165
449 3467 43
5880 2948 807
7950 1457 841
3542 2574 886
46 7972 194
3253 9281 899
7390 6694 162
3767 478 515
5812 6544 272
2216 9059 147
5892 8458 842
2757 419 234
2063 2909 43
7027 4352 634
8994 6409 19
8052 8881 13
1227 4897 695
833 825 609
6499 3306 335
7748 5997 918
6462 565 347
8145 2439 989
3718 6431 967
2591 5529 420
866 1291 508
7190 6950 241
9358 2837 227
7805 8459 444
1405 3777 388
9355 6712 336
4814 5014 778
4663 1404 277
4966 1909 11
2376 4224 217
7942 2035 104
5562 2488 997
8822 6412 313
1978 1443 52
9501 7530 5
5125 7202 106
9318 4373 252
2890 1456 711
9963 6318 762
6100 3001 492
2702 2489 309
8404 5135 627
8862 3122 767
587 5617 357
5910 8777 35
2277 5851 442
8971 5649 90
8587 3066 130
4799 4167 964
7065 9395 93
3836 5887 390
4456 7425 250
1536 9419 710
9768 5671 311
3019 7422 871
521 5826 421
6305 1286 817
2867 575 782
530 1564 218
3640 5536 656
5252 3008 238
6026 9904 950
5464 6899 538
1371 935 508
640 3996 138
605 3015 752
2773 8710 982
3677 8431 139
4469 2886 942
310 1382 469
9167 2611 8
2264 4773 612
2756 3870 700
3562 7356 845
6718 9882 85
2720 7579 5
9737 2667 72
9167 7931 323
3860 9767 524
7388 1263 355
298 7125 12
9273 796 947
5157 2369 434
2461 4159 594
5126 4777 363
2351 3528 693
993 5326 775
5659 8203 735
2228 2972 840
3723 7813 470
2243 526 478
9219 2925 90
1072 7777 938
7672 6868 179
537 5419 773
4013 6963 616
6615 3330 807
6933 1279 849
5782 7104 524
2436 213 231
49 868 62
8197 5395 193
8679 4446 872
113 864 779
982 6142 894
1026 9734 70
714 5211 591
7855 5360 879
6323 7008 906
3125 6355 463
4025 3892 206
7339 8708 676
7816 3740 661
273 38 810
3273 7400 785
1375 8200 260
2342 285 159
7586 5393 312
715 7496 527
2306 5856 727
1236 4150 864
9188 4533 992
6157 1641 98
613 2563 478
6691 5992 949
209 3151 197
4945 1907 488
2410 3624 99
2582 5652 200
465 5198 999
5889 6210 179
8445 6189 336
3275 6833 469
5791 2793 196
6930 423 511
5971 7933 320
1416 5369 624
977 6026 744
3357 2826 530
6924 6454 21
2001 7502 305
2246 6017 787
4962 614 556
5472 8841 589
1135 2882 794
1987 6394 209
8315 5196 778
8495 4476 939
5273 3877 590
8057 4606 101
2165 8627 194
2388 5298 570
2306 6603 840
524 6190 600
9515 5992 917
1276 6003 596
3826 5740 962
3779 9521 519
4509 6977 493
5324 280 930
854 7151 293
4544 2915 291
4569 1066 168
1181 7440 424
2573 9338 194
9524 3323 982
199 6358 455
3122 4337 412
1840 152 782
2285 9209 697
7798 8486 524
7840 1369 731
2939 2678 835
4337 1302 349
3483 5023 547
7675 5328 570
7632 8132 644
4808 5757 374
8947 6940 565
8847 9290 871
3421 2920 577
8941 2805 325
2680 523 917
1087 5077 465
8001 6734 565
3077 4928 211
524 759 382
1396 7295 710
1403 4786 584
7131 3179 872
2902 7489 279
5317 4298 731
5980 1572 256
1336 9066 363
9667 5832 78
2196 5266 471
4850 5954 764
6012 7225 222
8232 1234 973
3781 1859 268
7829 6605 314
6746 4750 18
2365 3988 650
3959 6032 413
3531 7165 853
3354 9177 112
706 5780 107
9779 3213 553
8112 9961 397
2154 5681 463
6129 3424 799
973 2498 637
3520 8459 736
5289 108 782
4280 5220 17
6393 3436 206
3976 9759 181
9784 2126 886
2058 1824 138
7404 3591 751
6975 6429 867
5676 8534 697
6653 9093 590
4065 2528 643
6750 800 466
8179 9008 709
8891 5508 950
49 4395 197
2166 120 288
3871 9597 941
8443 8854 706
6007 4595 759
3060 3674 212
5901 5510 673
5782 3511 401
3540 6472 885
330 1981 942
7031 9908 420
7332 5364 142
3728 1004 170
1956 130 698
4615 1246 908
1074 5151 267
9051 4034 17
6757 2790 930
555 5585 330
7351 8584 599
3204 5357 410
5494 3752 960
2962 7968 331
2952 1201 551
6715 3899 627
604 1869 6
1550 2761 896
8216 7682 769
4530 6543 516
8232 833 829
7747 8404 794
4878 1995 694
7475 830 972
1294 813 827
1821 7082 631
4697 463 821
723 215 12
1299 4188 344
4630 1177 765
130 1606 273
9512 7507 185
9768 90 504
8493 9400 285
8840 6432 251
8112 3662 173
3196 2118 425
3692 612 445
1432 3480 88
2467 3821 463
1423 5081 507
1986 4843 288
5647 1332 179
3805 2855 27
4856 8110 981
6896 5263 621
8601 2989 672
5774 7161 414
4108 6554 120
1284 1719 370
2893 1391 22
3728 8658 648
4989 1885 880
2479 6857 795
5436 5297 477
5671 7108 688
8923 6305 855
392 2960 705
5693 8794 611
9312 125 945
1703 3063 349
7688 2043 599
9044 3777 848
74 3649 547
1447 1012 543
4104 2558 345
779 587 358
1008 5837 359
9899 344 144
3378 550 272
756 5415 363
1292 6000 999
8226 1876 940
8532 9881 410
4511 4439 36
34 8501 76
2706 681 874
7560 8856 442
2339 8807 138
5021 9074 581
2285 7147 412
5174 198 641
2722 4479 989
3780 379 889
6317 5676 499
247 3252 969
9455 3964 674
6585 3022 804
1539 9864 408
9481 3498 642
589 5743 564
3973 8814 339
8827 3830 838
9565 1325 128
2083 7377 401
4198 6528 605
7416 32 225
4906 710 678
402 1276 828
3188 957 670
7427 3390 498
6920 456 84
9682 5399 730
5315 8209 142
1119 5100 600
8353 1604 899
482 4391 894
4111 1925 58
7173 3467 720
7703 6812 528
1639 7278 846
8511 8991 460
88 1957 192
6536 9430 436
5279 1219 189
5616 7770 56
4368 7269 761
6366 271 634
390 852 650
2897 4741 464
8752 6884 328
4177 7932 922
9787 3089 914
5563 7966 143
7473 7231 982
4715 8001 626
1288 1053 961
7978 414 339
5473 908 977
4043 9005 722
9843 1222 334
1008 5710 709
6186 6289 546
3190 2055 78
5427 8231 423
4034 4848 422
4529 8494 867
4653 4366 401
6523 4360 432
6421 1206 856
5108 5719 156
9594 9349 29
5884 3990 737
4159 2606 873
7534 6642 772
1870 7341 283
7051 8705 146
1064 4110 954
3426 2108 161
3195 7297 434
1067 4298 223
6372 9775 963
3164 5515 860
5590 8810 700
75 9533 301
2882 9921 15
6963 448 721
9003 3060 657
9878 7665 328
6917 6021 241
6771 2941 289
9391 8875 513
5589 8069 100
3263 4697 997
4614 172 546
7698 3468 172
1254 436 221
9916 7177 334
4772 4402 811
8800 7550 99
9173 4222 922
176 2871 696
4064 609 507
5049 9025 461
3702 4582 345
4558 7041 363
6791 2505 812
9466 4561 824
4026 1465 475
9093 9897 341
4311 9512 948
4290 9172 921
9796 6585 210
7333 1004 48
2124 8972 559
2155 2356 353
9577 5203 934
1438 4201 959
5547 3363 582
6381 8289 623
516 1236 371
1953 9888 713
2830 3679 785
1137 6474 759
1862 1553 145
5207 842 624
2165 9846 895
2926 8376 516
3407 6964 160
1896 3018 740
9761 6499 922
9071 1538 506
1867 3417 560
4698 665 419
2713 5943 530
736 4082 956
134 5659 852
269 9147 39
9054 2470 614
1885 3967 390
3299 5915 214
9246 6590 514
9438 6403 385
7022 6921 594
9250 6297 171
4310 4385 551
8767 3298 730
2590 4469 166
3846 4125 828
6001 7521 994
9584 8469 490
8841 5736 321
1953 2291 249
7584 1532 268
8797 4870 729
9179 7235 39
6991 3992 292
430 2915 532
9716 7676 475
3279 2138 543
4986 7318 24
6569 1010 959
315 2245 994
2931 2000 946
7492 8130 126
2348 6923 810
915 2032 117
389 671 912
195 5600 480
3719 9732 320
5788 797 584
73 1543 245
7659 7408 681
9199 6993 111
7832 6667 365
7049 5548 46
9499 9658 867
1311 7649 81
4768 5941 625
9376 9359 449
9263 7407 231
7380 4750 267
5249 4588 95
5684 2485 480
6851 9746 315
7593 1053 693
1623 3123 30
230 1795 533
5650 7552 289
4646 1081 694
1274 7277 808
7553 8337 127
4245 9679 361
3997 4184 225
8657 4933 324
1756 6252 655
3192 9509 351
7170 2127 661
7531 140 1
2732 4612 506
2303 5135 59
2676 223 99
5350 4230 41
9744 4862 590
4887 7449 864
5654 9041 286
6606 3122 7
8507 8840 261
3138 4908 58
1031 255 634
6121 5434 993
1087 5027 71
5147 7345 765
9001 7127 849
4991 115 752
2890 2639 274
6813 6440 168
3685 6487 373
102 6143 57
3757 8372 970
6885 4620 577
7408 5266 878
3296 3585 603
3243 1662 981
9848 8375 534
4813 5214 710
5476 502 828
5127 372 721
1404 1505 564
1411 7973 982
3457 6541 414
2745 7363 373
6617 9091 480
691 5475 786
5326 2248 470
1413 1035 110
4781 7332 415
9186 1628 758
7107 6686 114
2624 4448 196
3152 1519 765
3446 450 263
3496 3126 552
7955 6985 929
3882 7691 849
1134 5842 112
6322 2330 520
7945 1869 737
7427 4946 835
6758 9228 972
2938 8119 133
419 2686 983
3189 7194 40
1541 9951 42
5679 6861 598
8396 7363 108
8475 1273 885
2714 6834 3
7474 6714 641
6308 4815 537
4496 2294 158
8138 6266 157
7148 7784 235
3914 9198 696
1833 2959 975
2794 2053 947
2455 5386 969
1027 5474 717
1382 3982 675
4753 3291 50
5309 7013 429
1179 5914 470
3993 8693 705
5094 427 94
9924 6194 331
3161 457 262
6221 7701 7
118 889 262
5400 7224 879
551 7962 160
4907 3800 993
3899 3485 449
6106 3021 646
419 103 585
7223 2217 438
2553 8369 657
1791 814 144
7624 3559 94
9033 9378 485
5284 791 948
5670 9815 897
7092 5327 219
8816 9677 893
1879 2546 586
4881 3201 853
6411 9738 444
803 6566 305
1747 7210 748
175 9763 942
9635 8877 27
9498 3895 393
39 727 634
3440 8355 936
5321 926 163
4047 6636 316
9991 2981 666
1748 2589 512
4122 8443 358
2156 682 264
353 2727 439
46 8619 515
8735 8219 266
4369 9260 899
9573 6348 637
2194 2033 925
8967 4336 569
9758 9831 266
8731 5005 520
1683 8046 857
7277 7765 884
558 1734 854
9649 1107 310
1843 871 498
2883 146 622
9939 8959 618
796 5490 172
20 8756 138
4526 3904 558
4410 2172 968
5775 8758 70
2545 6201 418
5952 8967 411
2579 9180 834
5926 4357 756
8059 2967 236
9120 7039 285
9337 7952 359
9008 5360 18
373 8519 33
5013 5553 966
1412 4663 29
8103 8323 622
8689 4638 820
9801 326 716
7208 6460 583
1765 2591 800
4426 2344 625
5861 2508 37
873 9053 48
299 9566 87
3913 749 5
9805 714 893
2210 3557 823
5088 7487 403
179 6799 800
1643 1359 955
3796 6944 10
8643 8968 29
2433 8989 542
8205 3155 691
7446 5914 429
9415 2699 713
3463 8929 847
4655 5749 298
9841 1057 809
6905 9805 645
1543 7453 447
8108 6480 228
3088 2477 500
8449 9715 730
8808 2349 193
7998 2151 49
1082 2497 389
603 1549 840
4053 9727 805
3887 89 695
2736 8544 235
6567 4719 868
7915 4706 573
7039 5990 339
888 8220 256
4320 8804 53
5387 3451 964
3022 4029 755
4609 634 289
112 582 331
261 7666 731
166 605 434
7022 2666 429
6636 4014 244
9439 3381 586
6683 7732 10
1548 8775 191
4664 7091 696
7193 2197 607
5442 4552 405
5365 8489 915
8750 1957 931
1975 6112 523
9755 8443 543
6812 6607 712
1626 5237 928
6068 2774 49
7402 8904 139
7148 8904 731
5897 9733 300
6464 4577 725
5910 9730 729
9839 7764 501
9700 911 392
5338 1945 39
1721 3092 496
7708 8213 185
1067 6470 467
3827 6870 477
6158 9829 948
5151 833 40
2075 5648 957
7026 6644 607
5747 3736 906
5749 3797 112
1228 9180 363
4903 9309 548
9743 6606 419
9813 6002 396
2901 9576 170
6077 4467 552
399 8251 706
5987 7799 167
3806 8491 740
5114 6825 761
8799 6064 487
6333 3870 966
2418 7586 461
5200 2204 784
7301 5785 170
4509 908 363
610 6166 602
5895 2068 689
9408 3328 465
9586 1057 98
6246 4690 993
9498 2061 629
2471 5386 462
4053 6098 116
7298 4124 153
9590 7093 976
5235 3057 957
3351 5569 7
7761 4333 837
6311 5888 393
4271 9233 201
970 902 809
6919 1205 34
4474 951 529
5579 6113 958
1305 6927 121
4256 641 660
8172 9810 305
7271 83 600
4348 3272 458
8106 1653 843
9064 5363 329
2692 3296 730
5894 8766 975
7100 2536 367
7349 1607 983
1977 9653 590
6135 1470 257
8886 5184 711
6063 1209 601
1033 244 741
6078 940 721
7169 38 253
7737 7027 891
1800 7685 890
5623 511 553
8435 5157 914
765 1061 562
1638 8531 373
5829 1570 313
3955 5753 865
5668 1225 566
6783 164 105
9400 5033 329
7240 1514 102
5077 7013 861
4891 4022 505
4476 849 255
5106 3003 296
4578 5295 950
8615 6977 930
9250 4552 479
1618 3174 518
8603 2544 854
5748 2229 846
5434 7658 15
2559 4259 742
7317 9715 737
9945 8110 364
6331 7490 727
1745 5928 506
6202 8190 954
3262 7610 12
5324 6805 27
5178 6060 218
2879 4270 414
3051 258 410
7037 108 710
4983 6292 578
8606 3568 234
4628 324 832
2115 3355 757
3296 4847 561
4694 6209 504
6447 8581 309
591 1856 446
3215 8718 295
4388 6551 917
6518 5720 499
2207 7787 248
5811 7636 485
1221 3312 300
8188 1701 695
2469 2518 973
1660 6529 715
3507 1975 627
6147 115 443
7950 8133 471
8209 3984 170
9147 1907 984
4973 2262 128
7636 4675 398
7094 5857 979
7162 6628 839
5733 3802 807
4599 7645 383
5177 1729 606
5 8852 140
6216 6303 926
3109 6772 630
5296 5954 638
6339 3786 427
364 1706 953
6479 4029 150
4100 9713 358
3756 4545 278
93 7978 905
9227 4053 738
1771 804 384
3188 3628 504
1452 9018 810
6270 7155 383
8970 4705 21
3064 4833 953
9254 9895 722
7931 6846 619
7176 7505 634
357 8105 38
6772 451 391
4326 6763 572
7805 9760 720
6760 506 875
1944 4060 890
5516 204 910
6303 6849 403
5841 7205 599
3640 5429 860
3822 6659 560
792 1187 465
4922 9068 584
9010 7297 416
1670 8867 627
9105 2687 413
7162 6038 124
9236 1039 547
9352 7788 246
7729 154 925
4299 6454 332
5024 4039 108
6327 5863 595
6822 7384 676
9117 510 957
6843 6320 976
3887 5651 940
158 751 62
6904 7195 206
4466 8248 576
9835 7777 706
3990 13 525
608 6603 632
7287 9107 554
8879 7692 354
2696 1336 983
7166 6724 719
4027 3277 508
3289 5570 7
2895 6868 169
4563 935 89
2166 4359 213
7530 1364 945
7208 9409 198
2003 102 416
5015 1020 976
6840 1999 367
4803 6136 134
6217 2153 540
8389 9584 526
5604 9143 443
2704 3665 36
5403 272 604
259 7224 873
2730 9213 926
9676 5856 646
4301 3385 171
4597 9438 499
1349 1881 166
6285 6214 83
9742 6899 501
4291 6990 986
5801 6714 197
6315 6030 915
7217 9332 498
2672 8807 78
20 4792 565
7039 9020 499
2426 7259 227
7630 6199 333
2318 8344 573
6747 7555 765
2823 6872 715
8266 3649 807
2435 6623 442
7679 5535 491
2320 1423 803
4101 6996 864
7572 3057 82
7750 9766 869
9195 1500 493
7551 3065 623
9742 8052 484
6874 9110 507
521 1040 502
226 1969 161
698 5598 158
5904 922 809
6115 2268 55
4674 6512 104
4822 9613 952
4290 5383 621
2642 8960 117
4997 7809 74
5183 9946 529
5337 5974 97
9097 9795 731
4158 2156 906
1095 2630 631
1511 7799 607
8051 9273 498
8768 4325 793
8753 5232 246
8773 752 88
7627 818 859
6236 3073 134
995 3327 981
3893 3775 298
4278 5190 681
3994 7983 861
7569 7828 70
7245 2305 353
598 1672 421
2129 1243 707
3740 9971 942
5923 9444 37
5093 6334 966
2369 5652 835
3418 5265 650
6617 1391 493
3750 8990 758
1926 3577 857
4921 9989 945
3879 6785 426
3849 2680 903
2087 5705 229
9015 8212 209
6884 9245 869
7748 4092 230
8762 243 288
6510 6334 484
5967 3201 506
8157 455 249
7595 9555 129
9542 3287 992
8167 8562 816
7453 4428 702
21 6682 26
4273 3209 108
1599 167 165
8034 511 916
938 7281 135
6371 1087 108
1987 6268 853
7663 3385 758
5779 1041 272
9227 8600 928
2610 2844 557
3486 5865 647
9071 2269 732
8669 1510 415
2868 5894 886
1619 4667 695
6062 7198 619
6046 7977 507
2462 4598 510
8435 8668 691
6554 5706 719
8808 5655 266
8964 7073 837
1994 3220 161
474 4349 340
7379 7668 280
6729 214 93
1607 2606 708
3604 4844 665
3634 9106 190
2339 7607 817
937 653 265
7244 5536 832
7562 3527 921
5569 2119 134
6469 8642 760
9130 6118 383
3798 7289 274
5115 4685 213
7563 6111 550
6826 1339 918
2313 1397 21
3255 7767 402
3008 4027 721
8301 8341 820
5088 7691 997
1971 3492 402
5289 9380 15
6240 7353 21
6456 5519 204
1713 6346 830
2433 2204 285
3871 4176 43
6570 136 633
5596 4591 370
9581 8176 833
1788 2440 126
4613 9719 248
9075 3092 334
3215 8675 394
7827 8380 782
7236 3445 665
9414 2550 605
2390 174 209
5040 3730 466
5261 1746 568
4876 9344 917
3464 6650 95
7196 8695 689
1963 9399 548
9720 7003 980
4172 230 272
265 5697 771
5902 7343 808
4532 7004 126
3396 377 461
3288 1883 401
7108 696 418
1052 1160 404
7650 5801 86
1451 1300 467
7210 3911 118
9126 2444 941
6024 6575 850
9701 7011 908
2531 6704 87
9207 1481 53
3610 2974 293
4924 2353 338
2645 4891 5
6725 3657 778
6246 1056 278
8357 1971 734
351 9238 126
6063 4179 651
1726 3964 498
1539 3055 855
6457 6438 850
7518 3393 519
7175 6668 657
9501 9964 361
6116 5250 793
6658 7712 114
7781 3179 786
9140 4626 135
4820 440 97
2945 8440 537
1222 2547 767
2577 2559 377
4360 7240 573
5648 6000 709
5643 741 142
64 9082 385
5534 1348 600
5369 9162 715
4096 4143 834
265 8989 203
8759 2337 105
6168 1631 462
6211 6367 727
7735 8179 159
1339 3266 542
7269 5941 370
6511 3278 857
1684 2216 522
9181 7344 723
1032 5063 982
3578 6923 439
3297 3041 858
5856 3620 644
9508 4047 238
5041 1071 305
7729 6357 832
3693 6689 729
2766 2602 840
4368 5524 228
805 4384 227
6632 4125 369
9090 571 552
1499 558 214
1012 8725 604
7994 6122 252
2977 555 88
1354 3195 217
8303 6381 270
9091 4501 206
5660 1973 143
1695 1790 264
6803 4238 509
966 8437 495
6191 6294 352
5187 5590 299
2079 4334 792
9623 5218 308
7626 2815 735
7217 511 536
7119 2647 119
8302 4817 7
5839 9587 392
6304 8900 790
9809 895 318
2359 2313 35
7829 6542 317
3160 2078 415
9140 342 597
2827 7163 335
3363 7352 695
8683 9009 130
5512 5407 192
1288 3113 981
7173 1124 917
3873 444 512
8611 2820 473
5220 6991 328
8120 1705 311
5873 4113 280
5576 9751 513
5238 3248 176
6168 3949 492
5597 8606 829
622 5738 34
6310 5047 407
429 3101 863
8695 5810 425
4889 690 241
4142 1449 631
4000 5848 963
21 6322 448
4262 7770 641
3871 5086 414
5751 9336 157
6098 2343 977
4237 1110 323
8247 8585 292
9578 9672 150
341 2949 741
1510 8186 466
2688 6654 405
5406 6958 355
6697 2008 308
9650 5059 856
4199 8460 683
2292 5554 388
4219 8577 935
9203 2015 640
794 6020 275
6162 4524 422
1788 2533 546
8003 8016 565
7119 1392 95
9632 8966 210
2280 8933 437
2382 6612 940
2780 9873 280
2479 7121 978
7063 7325 788
3969 8648 767
6344 8266 287
538 1819 831
7441 4869 391
1428 9298 140
4349 7549 983
8218 8471 161
5959 8187 73
534 500 299
9837 236 814
4365 5312 803
4492 3734 565
4453 527 672
2003 8327 832
1208 3823 334
6580 9238 660
6255 7202 162
924 8589 615
4780 6680 488
3582 2820 39
6585 1934 461
6243 7254 342
2199 2332 772
928 154 659
520 4600 910
5383 4045 742
1693 938 387
3386 4000 70
6881 4291 17
3056 3607 802
4540 465 861
5106 7878 760
8574 2757 545
1428 5909 928
9198 8321 398
8753 1014 506
1696 5096 792
7375 9117 229
1562 1002 668
1755 1839 812
7213 842 866
6951 2781 260
4160 6859 480
3466 173 913
3733 9883 341
7567 734 760
3106 2772 408
9543 3847 863
3465 4543 787
6114 3323 672
805 3279 375
8833 9827 413
8202 9961 226
7786 7266 350
8000 6611 819
79 503 428
8111 8318 617
6478 1102 989
1735 4108 785
1093 9944 642
7711 3797 987
287 6346 261
4720 9594 913
4215 2699 818
6212 1636 870
254 6075 3
3594 5612 655
2427 1894 639
6262 2604 142
1386 6325 310
3581 2392 567
7262 6892 110
8939 2154 960
3420 5892 761
8802 7197 50
4652 7996 458
1721 4023 807
352 5831 176
5906 8266 224
7015 8920 339
380 585 212
5114 4503 119
7742 864 644
31 8450 313
6273 7109 743
5461 9246 620
8880 9896 145
7514 6244 150
8450 7460 995
4684 3554 793
2159 4541 416
6395 5047 889
4632 7885 402
1037 3822 871
3386 5896 272
110 1308 796
9973 67 96
7394 4215 125
6358 276 295
856 8823 71
3506 3677 622
7312 7623 290
4967 6822 168
2591 9806 582
5209 7371 658
2986 4497 340
1863 164 40
2372 4734 285
2456 1093 628
6992 6228 428
9696 4946 528
7968 6730 341
4909 1740 457
2949 4352 413
7590 7754 345
5652 7605 707
5158 2152 838
8371 3673 592
3737 4066 513
1856 7659 774
6901 9202 30
4162 8748 609
9069 5465 666
7586 236 540
4290 4906 711
4868 8692 939
5374 3179 345
7500 732 970
343 7664 192
6610 9214 409
7553 5850 957
3550 4161 597
4397 9196 328
5682 8096 901
4341 5030 957
1230 1036 251
6537 9699 453
6300 6420 526
4738 8373 732
3178 2277 604
6903 1150 396
7171 7022 415
1068 7640 464
6403 4843 255
5171 8873 383
4203 6775 458
7382 6750 678
4158 9416 185
3736 3463 893
6624 5930 418
2655 3324 410
8412 1265 905
3118 8943 214
2409 798 246
1950 6660 847
8719 1409 41
1106 9390 842
5652 586 264
4114 7897 63
8842 2531 109
4321 6548 699
1365 7514 485
1711 6199 114
1969 8212 846
2219 9988 277
166 7211 444
6922 1461 465
3189 6354 257
4520 513 937
9985 6756 668
2498 9344 793
3306 6512 797
9128 7131 460
3640 7388 721
5790 2943 104
702 8048 677
5581 8898 735
2152 8011 550
8152 9621 185
5288 4872 240
4671 1900 302
7388 130 179
8305 3370 958
1884 5895 721
7112 2677 936
1600 8747 288
6901 8982 726
9069 2505 620
8577 9936 500
3216 2016 910
3000 1087 83
7789 5832 449
9129 2533 373
6606 8172 233
5966 702 830
4506 5702 652
2560 3018 174
9096 7812 252
4087 3962 54
5111 17 647
4671 9174 513
404 107 679
2674 2506 306
2439 5580 326
81 8102 456
8777 7162 195
6412 8305 943
563 7089 943
1722 5664 993
7959 6037 205
5932 2921 949
6173 1138 890
7178 3595 213
310 6905 530
3541 1957 592
6920 6973 923
639 1883 647
7738 6879 962
4671 5537 811
9896 7022 781
4573 3521 868
7047 5698 907
3646 2759 304
2134 8545 783
960 9550 782
8231 7066 136
793 602 568
573 9145 940
196 8151 475
7029 7838 172
2436 4117 327
7703 5913 27
1480 7912 398
3908 353 589
8523 7606 248
3136 2145 460
1701 9723 378
2678 6714 738
1538 8251 268
4967 9975 479
4472 1396 47
6786 7385 699
1201 6260 185
735 3059 330
4922 6307 219
3792 3998 177
4243 6054 287
7290 9953 246
4431 8896 539
1216 7986 263
7503 4264 671
2648 993 309
1186 622 853
8317 5820 535
6923 9497 686
9632 6128 879
2581 4555 927
9137 1505 313
9927 5940 455
4627 4989 112
4210 6425 513
6267 5563 423
6093 765 113
8197 3824 539
8673 5081 209
9633 992 227
5801 2904 559
7424 6352 67
6569 1311 267
5503 3001 368
5555 9617 354
8144 4198 280
64 8427 211
1672 466 273
4586 9858 35
3335 917 480
7611 8015 339
5988 7167 389
2359 3646 625
863 7041 123
9610 594 822
1060 3388 954
328 810 720
6809 5620 15
3880 5606 116
777 3647 555
3437 7161 313
7507 4467 907
4507 4517 22
4308 797 343
5699 5640 438
7208 6351 654
6157 2339 602
705 7594 33
370 3151 519
2440 2346 24
6063 9433 144
3222 556 449
5973 3744 538
904 2399 418
7823 3801 694
990 2700 930
4667 1270 83
7684 5285 18
4888 6469 907
1750 2795 329
2767 4421 47
3397 8221 153
7361 7717 184
38 9110 472
3622 7286 155
7836 1098 708
4570 2540 628
3298 4502 242
8741 7356 750
3039 7014 167
2629 6950 164
8903 1656 567
575 7861 154
8784 5291 785
1759 2065 992
5325 8072 737
9526 2761 508
8413 3896 275
9527 9320 137
6411 2740 504
8248 9929 132
7120 857 14
1025 8697 568
8039 896 938
1932 804 358
9801 5289 454
9416 377 840
7931 3976 713
437 3465 299
8303 6155 487
3012 3533 873
3639 1936 953
2029 2570 152
2891 2776 399
8092 1073 738
8045 1712 163
8868 3031 311
5494 8159 236
5790 1621 919
5914 5198 300
7164 6996 169
3068 412 372
4421 2372 560
5809 7168 574
3631 5941 185
1915 4084 297
7881 6175 693
6827 9777 625
8768 4718 72
158 2934 592
7783 7570 454
2077 8842 705
1665 1902 279
1373 9885 246
6284 6841 216
237 3385 368
8593 4408 941
442 6322 595
4032 7095 835
3536 5094 120
5280 8669 975
8653 3767 251
2525 6873 709
5248 8240 760
1471 9108 878
5153 6463 866
9736 6819 117
9456 8246 889
2685 5805 476
8194 6304 329
3562 3281 321
9763 8035 89
1299 2799 298
449 831 288
7280 1240 763
5468 5190 183
4372 7018 3
5384 9358 609
7926 3986 846
3033 1364 410
3851 4860 223
4458 7437 418
6011 9445 885
7001 1943 418
526 3526 240
6297 3905 68
7019 5 554
2346 8936 469
5882 8628 333
1928 1425 759
3901 8247 272
8537 7712 970
4049 8011 14
8596 1375 739
1991 4619 410
3756 452 422
690 9953 856
3268 996 630
447 782 682
8687 6334 219
184 7674 528
6463 6587 605
586 2484 21
2566 4438 571
4717 7747 393
2152 3625 252
9958 2092 835
8738 2338 797
6431 8310 15
8867 9098 872
431 9984 499
2704 1181 841
7483 9547 776
1665 1569 8
7250 206 439
3408 8366 315
3450 3887 842
6300 3219 906
993 4948 853
4588 6823 584
6456 6074 512
8664 5030 497
9885 2306 895
1471 9637 992
8745 2604 40
5149 1505 907
2255 7780 425
914 6701 687
13 2800 91
3914 4051 280
2230 7532 358
5541 6141 257
885 6307 10
2202 7949 899
2422 9820 444
5095 3525 963
1902 8958 320
1372 6628 859
6998 3121 227
5293 2640 999
9008 3113 126
8467 8271 597
1628 5465 352
578 2741 423
3761 2858 761
8558 2008 744
3638 1031 833
9514 2290 902
5517 1778 206
7746 2785 701
4109 6342 621
8733 380 272
9946 6433 847
6354 3697 501
9886 2361 658
4933 5234 57
3361 9041 343
9822 4142 291
7126 3792 484
307 7890 495
9204 7024 250
7043 1159 489
3014 293 797
5487 9967 93
4552 7630 600
1030 4875 514
3881 5334 550
8493 7940 213
164 7184 800
3795 2064 292
68 2787 829
6411 5267 180
642 4838 822
6881 4480 284
2704 508 853
9120 6200 99
5316 5932 373
7362 8184 186
5888 8444 448
113 6413 940
7791 1881 914
167 5380 845
8362 392 808
3030 4099 140
835 1367 794
2794 9723 803
4159 6255 556
8744 7843 280
8261 180 583
796 8239 887
5151 4640 593
5658 3624 704
6968 3953 454
7883 3594 502
8018 152 953
9143 4089 111
4279 6217 607
5741 422 776
7976 7629 651
4409 1485 581
8664 5107 375
5050 6238 959
9768 4182 610
1697 5996 112
9127 5970 162
8399 2553 159
1169 7633 482
9128 3402 436
9778 1790 956
5750 1562 749
3870 6337 847
7276 6909 285
785 5565 66
9902 5531 543
6397 9692 838
2688 5976 753
4070 8208 736
8925 1804 62
1244 2454 821
8609 9651 767
9321 6229 661
3707 6295 119
801 4874 811
7023 2226 283
1292 3354 445
4130 9948 204
7799 5674 842
5377 2797 250
1789 7345 718
7222 2855 862
7546 1009 228
9831 3669 742
4665 4251 912
8477 8536 357
2426 4889 513
1005 523 241
5156 1812 251
8959 9441 468
8991 6093 194
1334 5648 60
8921 29 330
7600 2911 315
8124 8477 577
7725 1796 333
2114 5579 694
4076 3054 589
2559 32 131
9140 3649 141
2871 532 892
5174 308 523
1079 4283 532
4289 5316 273
6709 6778 334
2635 7318 146
8779 6343 554
9378 9773 716
179 8951 89
4252 2788 16
2041 8663 788
8232 3127 251
5253 326 769
6116 3542 901
2809 6230 751
3543 1741 638
5948 2862 101
9518 4673 50
8619 980 825
5756 9557 736
1065 9193 367
4399 6454 759
3604 9415 610
2250 7249 206
1221 3257 147
9747 36 279
7814 5944 711
7905 6285 851
4211 6460 479
7285 2621 457
2789 2987 111
1161 132 796
5005 7339 508
6899 1370 393
8704 1065 261
1417 6723 873
3809 8603 138
7385 1607 107
3638 1962 491
9398 6335 155
7006 1801 718
5081 1948 703
4387 9126 615
2172 3571 329
2026 7599 55
6064 284 568
5882 9149 830
2369 7021 67
9975 5169 246
7726 7330 339
129 3347 442
8879 5957 571
7071 8570 169
4524 820 145
5564 2328 616
2223 671 452
6345 478 259
8119 8879 167
3538 1613 368
2682 1846 478
8832 3751 762
9331 812 12
1843 1646 314
8842 649 919
7026 9041 877
100 5769 655
2833 8368 745
8680 4353 883
4048 4852 529
1854 1694 148
4522 2205 61
4159 7711 899
3614 3037 613
2020 9807 965
5249 1901 507
1678 7516 690
9092 2040 149
9304 591 979
4343 7495 141
6499 4157 702
95 4899 711
616 1530 915
4019 8766 912
7665 3026 636
3270 6939 857
3938 4015 449
4463 3331 319
1021 2193 258
5638 3748 23
607 9750 328
3351 5008 101
5638 2355 179
9499 9542 275
1713 4448 683
2009 1146 370
8013 6024 904
7314 7781 509
7490 638 245
2370 2651 193
6555 7752 291
225 7706 958
4013 1996 118
3454 7645 242
3105 3629 888
7366 4523 121
607 6869 136
5821 3625 558
2059 8303 348
9960 8168 481
1656 3144 839
1529 2331 540
6013 9187 471
6984 3085 737
4691 3500 752
6322 1305 908
1632 9588 350
1295 334 881
